Timestamp,Score_Left(-1),Score_Center(0),Score_Right(1),Action,Detected_Tokens
22:15:14.921,655.7,10.0,-423.2,-1.0,GREEN@L[-1] | GREEN@L[-1] | YELLOW@L[1]
22:15:14.927,655.7,10.0,-423.2,-1.0,GREEN@L[-1] | GREEN@L[-1] | YELLOW@L[1]
22:15:14.933,655.7,10.0,-423.2,-1.0,GREEN@L[-1] | GREEN@L[-1] | YELLOW@L[1]
22:15:14.938,655.7,10.0,-423.2,-1.0,GREEN@L[-1] | GREEN@L[-1] | YELLOW@L[1]
22:15:14.945,655.7,10.0,-423.2,-1.0,GREEN@L[-1] | GREEN@L[-1] | YELLOW@L[1]
22:15:14.949,655.7,10.0,-423.2,-1.0,GREEN@L[-1] | GREEN@L[-1] | YELLOW@L[1]
22:15:14.957,655.7,10.0,-423.2,-1.0,GREEN@L[-1] | GREEN@L[-1] | YELLOW@L[1]
22:15:14.963,655.7,10.0,-423.2,-1.0,GREEN@L[-1] | GREEN@L[-1] | YELLOW@L[1]
22:15:14.968,655.7,10.0,-423.2,-1.0,GREEN@L[-1] | GREEN@L[-1] | YELLOW@L[1]
22:15:14.974,655.7,10.0,-423.2,-1.0,GREEN@L[-1] | GREEN@L[-1] | YELLOW@L[1]
22:15:14.981,655.7,10.0,-423.2,-1.0,GREEN@L[-1] | GREEN@L[-1] | YELLOW@L[1]
22:15:14.987,655.7,10.0,-423.2,-1.0,GREEN@L[-1] | GREEN@L[-1] | YELLOW@L[1]
22:15:14.993,655.7,10.0,-423.2,-1.0,GREEN@L[-1] | GREEN@L[-1] | YELLOW@L[1]
22:15:14.997,655.7,10.0,-423.2,-1.0,GREEN@L[-1] | GREEN@L[-1] | YELLOW@L[1]
22:15:15.006,655.7,10.0,-423.2,-1.0,GREEN@L[-1] | GREEN@L[-1] | YELLOW@L[1]
22:15:15.008,655.7,10.0,-423.2,-1.0,GREEN@L[-1] | GREEN@L[-1] | YELLOW@L[1]
22:15:15.013,655.7,10.0,-423.2,-1.0,GREEN@L[-1] | GREEN@L[-1] | YELLOW@L[1]
22:15:15.021,655.7,10.0,-423.2,-1.0,GREEN@L[-1] | GREEN@L[-1] | YELLOW@L[1]
22:15:15.030,655.7,10.0,-423.2,-1.0,GREEN@L[-1] | GREEN@L[-1] | YELLOW@L[1]
22:15:15.034,655.7,10.0,-423.2,-1.0,GREEN@L[-1] | GREEN@L[-1] | YELLOW@L[1]
22:15:15.039,655.7,10.0,-423.2,-1.0,GREEN@L[-1] | GREEN@L[-1] | YELLOW@L[1]
22:15:15.044,655.7,10.0,-423.2,-1.0,GREEN@L[-1] | GREEN@L[-1] | YELLOW@L[1]
22:15:15.049,655.7,10.0,-423.2,-1.0,GREEN@L[-1] | GREEN@L[-1] | YELLOW@L[1]
22:15:15.054,655.7,10.0,-423.2,-1.0,GREEN@L[-1] | GREEN@L[-1] | YELLOW@L[1]
22:15:15.061,655.7,10.0,-423.2,-1.0,GREEN@L[-1] | GREEN@L[-1] | YELLOW@L[1]
22:15:15.067,655.7,10.0,-423.2,-1.0,GREEN@L[-1] | GREEN@L[-1] | YELLOW@L[1]
22:15:15.075,655.7,10.0,-423.2,-1.0,GREEN@L[-1] | GREEN@L[-1] | YELLOW@L[1]
22:15:15.081,655.7,10.0,-423.2,-1.0,GREEN@L[-1] | GREEN@L[-1] | YELLOW@L[1]
22:15:15.086,655.7,10.0,-423.2,-1.0,GREEN@L[-1] | GREEN@L[-1] | YELLOW@L[1]
22:15:15.092,655.7,10.0,-423.2,-1.0,GREEN@L[-1] | GREEN@L[-1] | YELLOW@L[1]
22:15:15.099,655.7,10.0,-423.2,-1.0,GREEN@L[-1] | GREEN@L[-1] | YELLOW@L[1]
22:15:15.106,655.7,10.0,-423.2,-1.0,GREEN@L[-1] | GREEN@L[-1] | YELLOW@L[1]
22:15:15.111,655.7,10.0,-423.2,-1.0,GREEN@L[-1] | GREEN@L[-1] | YELLOW@L[1]
22:15:15.116,655.7,10.0,-423.2,-1.0,GREEN@L[-1] | GREEN@L[-1] | YELLOW@L[1]
22:15:15.123,655.7,10.0,-423.2,-1.0,GREEN@L[-1] | GREEN@L[-1] | YELLOW@L[1]
22:15:15.130,655.7,10.0,-423.2,-1.0,GREEN@L[-1] | GREEN@L[-1] | YELLOW@L[1]
22:15:15.135,655.7,10.0,-423.2,-1.0,GREEN@L[-1] | GREEN@L[-1] | YELLOW@L[1]
22:15:15.142,655.7,10.0,-423.2,-1.0,GREEN@L[-1] | GREEN@L[-1] | YELLOW@L[1]
22:15:15.146,655.7,10.0,-423.2,-1.0,GREEN@L[-1] | GREEN@L[-1] | YELLOW@L[1]
22:15:15.151,655.7,10.0,-423.2,-1.0,GREEN@L[-1] | GREEN@L[-1] | YELLOW@L[1]
22:15:15.158,655.7,10.0,-423.2,-1.0,GREEN@L[-1] | GREEN@L[-1] | YELLOW@L[1]
22:15:15.166,655.7,10.0,-423.2,-1.0,GREEN@L[-1] | GREEN@L[-1] | YELLOW@L[1]
22:15:15.170,655.7,10.0,-423.2,-1.0,GREEN@L[-1] | GREEN@L[-1] | YELLOW@L[1]
22:15:15.178,655.7,10.0,-423.2,-1.0,GREEN@L[-1] | GREEN@L[-1] | YELLOW@L[1]
22:15:15.183,655.7,10.0,-423.2,-1.0,GREEN@L[-1] | GREEN@L[-1] | YELLOW@L[1]
22:15:15.187,655.7,10.0,-423.2,-1.0,GREEN@L[-1] | GREEN@L[-1] | YELLOW@L[1]
22:15:15.194,655.7,10.0,-423.2,-1.0,GREEN@L[-1] | GREEN@L[-1] | YELLOW@L[1]
22:15:15.203,655.7,10.0,-423.2,-1.0,GREEN@L[-1] | GREEN@L[-1] | YELLOW@L[1]
22:15:15.206,655.7,10.0,-423.2,-1.0,GREEN@L[-1] | GREEN@L[-1] | YELLOW@L[1]
22:15:15.212,655.7,10.0,-423.2,-1.0,GREEN@L[-1] | GREEN@L[-1] | YELLOW@L[1]
22:15:15.219,655.7,10.0,-423.2,-1.0,GREEN@L[-1] | GREEN@L[-1] | YELLOW@L[1]
22:15:15.225,655.7,10.0,-423.2,-1.0,GREEN@L[-1] | GREEN@L[-1] | YELLOW@L[1]
22:15:15.228,655.7,10.0,-423.2,-1.0,GREEN@L[-1] | GREEN@L[-1] | YELLOW@L[1]
22:15:15.234,655.7,10.0,-423.2,-1.0,GREEN@L[-1] | GREEN@L[-1] | YELLOW@L[1]
22:15:15.240,655.7,10.0,-423.2,-1.0,GREEN@L[-1] | GREEN@L[-1] | YELLOW@L[1]
22:15:15.246,655.7,10.0,-423.2,-1.0,GREEN@L[-1] | GREEN@L[-1] | YELLOW@L[1]
22:15:15.254,655.7,10.0,-423.2,-1.0,GREEN@L[-1] | GREEN@L[-1] | YELLOW@L[1]
22:15:15.260,655.7,10.0,-423.2,-1.0,GREEN@L[-1] | GREEN@L[-1] | YELLOW@L[1]
22:15:15.263,655.7,10.0,-423.2,-1.0,GREEN@L[-1] | GREEN@L[-1] | YELLOW@L[1]
22:15:15.269,655.7,10.0,-423.2,-1.0,GREEN@L[-1] | GREEN@L[-1] | YELLOW@L[1]
22:15:15.276,655.7,10.0,-423.2,-1.0,GREEN@L[-1] | GREEN@L[-1] | YELLOW@L[1]
22:15:15.281,655.7,10.0,-423.2,-1.0,GREEN@L[-1] | GREEN@L[-1] | YELLOW@L[1]
22:15:15.290,655.7,10.0,-423.2,-1.0,GREEN@L[-1] | GREEN@L[-1] | YELLOW@L[1]
22:15:15.295,655.7,10.0,-423.2,-1.0,GREEN@L[-1] | GREEN@L[-1] | YELLOW@L[1]
22:15:15.300,655.7,10.0,-423.2,-1.0,GREEN@L[-1] | GREEN@L[-1] | YELLOW@L[1]
22:15:15.304,655.7,10.0,-423.2,-1.0,GREEN@L[-1] | GREEN@L[-1] | YELLOW@L[1]
22:15:15.313,655.7,10.0,-423.2,-1.0,GREEN@L[-1] | GREEN@L[-1] | YELLOW@L[1]
22:15:15.317,655.7,10.0,-423.2,-1.0,GREEN@L[-1] | GREEN@L[-1] | YELLOW@L[1]
22:15:15.322,655.7,10.0,-423.2,-1.0,GREEN@L[-1] | GREEN@L[-1] | YELLOW@L[1]
22:15:15.329,655.7,10.0,-423.2,-1.0,GREEN@L[-1] | GREEN@L[-1] | YELLOW@L[1]
22:15:15.334,655.7,10.0,-423.2,-1.0,GREEN@L[-1] | GREEN@L[-1] | YELLOW@L[1]
22:15:15.338,655.7,10.0,-423.2,-1.0,GREEN@L[-1] | GREEN@L[-1] | YELLOW@L[1]
22:15:15.344,655.7,10.0,-423.2,-1.0,GREEN@L[-1] | GREEN@L[-1] | YELLOW@L[1]
22:15:15.352,655.7,10.0,-423.2,-1.0,GREEN@L[-1] | GREEN@L[-1] | YELLOW@L[1]
22:15:15.356,655.7,10.0,-423.2,-1.0,GREEN@L[-1] | GREEN@L[-1] | YELLOW@L[1]
22:15:15.362,655.7,10.0,-423.2,-1.0,GREEN@L[-1] | GREEN@L[-1] | YELLOW@L[1]
22:15:15.367,655.7,10.0,-423.2,-1.0,GREEN@L[-1] | GREEN@L[-1] | YELLOW@L[1]
22:15:15.373,655.7,10.0,-423.2,-1.0,GREEN@L[-1] | GREEN@L[-1] | YELLOW@L[1]
22:15:15.378,655.7,10.0,-423.2,-1.0,GREEN@L[-1] | GREEN@L[-1] | YELLOW@L[1]
22:15:15.386,655.7,10.0,-423.2,-1.0,GREEN@L[-1] | GREEN@L[-1] | YELLOW@L[1]
22:15:15.392,655.7,10.0,-423.2,-1.0,GREEN@L[-1] | GREEN@L[-1] | YELLOW@L[1]
22:15:15.398,655.7,10.0,-423.2,-1.0,GREEN@L[-1] | GREEN@L[-1] | YELLOW@L[1]
22:15:15.402,655.7,10.0,-423.2,-1.0,GREEN@L[-1] | GREEN@L[-1] | YELLOW@L[1]
22:15:15.408,655.7,10.0,-423.2,-1.0,GREEN@L[-1] | GREEN@L[-1] | YELLOW@L[1]
22:15:15.413,655.7,10.0,-423.2,-1.0,GREEN@L[-1] | GREEN@L[-1] | YELLOW@L[1]
22:15:15.418,655.7,10.0,-423.2,-1.0,GREEN@L[-1] | GREEN@L[-1] | YELLOW@L[1]
22:15:15.424,655.7,10.0,-423.2,-1.0,GREEN@L[-1] | GREEN@L[-1] | YELLOW@L[1]
22:15:15.429,655.7,10.0,-423.2,-1.0,GREEN@L[-1] | GREEN@L[-1] | YELLOW@L[1]
22:15:15.437,655.7,10.0,-423.2,-1.0,GREEN@L[-1] | GREEN@L[-1] | YELLOW@L[1]
22:15:15.444,655.7,10.0,-423.2,-1.0,GREEN@L[-1] | GREEN@L[-1] | YELLOW@L[1]
22:15:15.449,655.7,10.0,-423.2,-1.0,GREEN@L[-1] | GREEN@L[-1] | YELLOW@L[1]
22:15:15.454,655.7,10.0,-423.2,-1.0,GREEN@L[-1] | GREEN@L[-1] | YELLOW@L[1]
22:15:15.459,655.7,10.0,-423.2,-1.0,GREEN@L[-1] | GREEN@L[-1] | YELLOW@L[1]
22:15:15.466,655.7,10.0,-423.2,-1.0,GREEN@L[-1] | GREEN@L[-1] | YELLOW@L[1]
22:15:15.471,655.7,10.0,-423.2,-1.0,GREEN@L[-1] | GREEN@L[-1] | YELLOW@L[1]
22:15:15.477,655.7,10.0,-423.2,-1.0,GREEN@L[-1] | GREEN@L[-1] | YELLOW@L[1]
22:15:15.482,655.7,10.0,-423.2,-1.0,GREEN@L[-1] | GREEN@L[-1] | YELLOW@L[1]
22:15:15.488,655.7,10.0,-423.2,-1.0,GREEN@L[-1] | GREEN@L[-1] | YELLOW@L[1]
22:15:15.494,655.7,10.0,-423.2,-1.0,GREEN@L[-1] | GREEN@L[-1] | YELLOW@L[1]
22:15:15.498,655.7,10.0,-423.2,-1.0,GREEN@L[-1] | GREEN@L[-1] | YELLOW@L[1]
22:15:15.505,655.7,10.0,-423.2,-1.0,GREEN@L[-1] | GREEN@L[-1] | YELLOW@L[1]
22:15:15.512,655.7,10.0,-423.2,-1.0,GREEN@L[-1] | GREEN@L[-1] | YELLOW@L[1]
22:15:15.519,655.7,10.0,-423.2,-1.0,GREEN@L[-1] | GREEN@L[-1] | YELLOW@L[1]
22:15:15.524,655.7,10.0,-423.2,-1.0,GREEN@L[-1] | GREEN@L[-1] | YELLOW@L[1]
22:15:15.527,655.7,10.0,-423.2,-1.0,GREEN@L[-1] | GREEN@L[-1] | YELLOW@L[1]
22:15:15.533,655.7,10.0,-423.2,-1.0,GREEN@L[-1] | GREEN@L[-1] | YELLOW@L[1]
22:15:15.539,655.7,10.0,-423.2,-1.0,GREEN@L[-1] | GREEN@L[-1] | YELLOW@L[1]
22:15:15.546,655.7,10.0,-423.2,-1.0,GREEN@L[-1] | GREEN@L[-1] | YELLOW@L[1]
22:15:15.551,655.7,10.0,-423.2,-1.0,GREEN@L[-1] | GREEN@L[-1] | YELLOW@L[1]
22:15:15.556,655.7,10.0,-423.2,-1.0,GREEN@L[-1] | GREEN@L[-1] | YELLOW@L[1]
22:15:15.562,655.7,10.0,-423.2,-1.0,GREEN@L[-1] | GREEN@L[-1] | YELLOW@L[1]
22:15:15.568,655.7,10.0,-423.2,-1.0,GREEN@L[-1] | GREEN@L[-1] | YELLOW@L[1]
22:15:15.573,655.7,10.0,-423.2,-1.0,GREEN@L[-1] | GREEN@L[-1] | YELLOW@L[1]
22:15:15.580,655.7,10.0,-423.2,-1.0,GREEN@L[-1] | GREEN@L[-1] | YELLOW@L[1]
22:15:15.585,655.7,10.0,-423.2,-1.0,GREEN@L[-1] | GREEN@L[-1] | YELLOW@L[1]
22:15:15.592,655.7,10.0,-423.2,-1.0,GREEN@L[-1] | GREEN@L[-1] | YELLOW@L[1]
22:15:15.597,655.7,10.0,-423.2,-1.0,GREEN@L[-1] | GREEN@L[-1] | YELLOW@L[1]
22:15:15.603,655.7,10.0,-423.2,-1.0,GREEN@L[-1] | GREEN@L[-1] | YELLOW@L[1]
22:15:15.609,655.7,10.0,-423.2,-1.0,GREEN@L[-1] | GREEN@L[-1] | YELLOW@L[1]
22:15:15.616,655.7,10.0,-423.2,-1.0,GREEN@L[-1] | GREEN@L[-1] | YELLOW@L[1]
22:15:15.621,655.7,10.0,-423.2,-1.0,GREEN@L[-1] | GREEN@L[-1] | YELLOW@L[1]
22:15:15.625,655.7,10.0,-423.2,-1.0,GREEN@L[-1] | GREEN@L[-1] | YELLOW@L[1]
22:15:15.632,655.7,10.0,-423.2,-1.0,GREEN@L[-1] | GREEN@L[-1] | YELLOW@L[1]
22:15:15.638,655.7,10.0,-423.2,-1.0,GREEN@L[-1] | GREEN@L[-1] | YELLOW@L[1]
22:15:15.643,655.7,10.0,-423.2,-1.0,GREEN@L[-1] | GREEN@L[-1] | YELLOW@L[1]
22:15:15.649,655.7,10.0,-423.2,-1.0,GREEN@L[-1] | GREEN@L[-1] | YELLOW@L[1]
22:15:15.654,655.7,10.0,-423.2,-1.0,GREEN@L[-1] | GREEN@L[-1] | YELLOW@L[1]
22:15:15.658,655.7,10.0,-423.2,-1.0,GREEN@L[-1] | GREEN@L[-1] | YELLOW@L[1]
22:15:15.664,655.7,10.0,-423.2,-1.0,GREEN@L[-1] | GREEN@L[-1] | YELLOW@L[1]
22:15:15.671,655.7,10.0,-423.2,-1.0,GREEN@L[-1] | GREEN@L[-1] | YELLOW@L[1]
22:15:15.677,655.7,10.0,-423.2,-1.0,GREEN@L[-1] | GREEN@L[-1] | YELLOW@L[1]
22:15:15.683,655.7,10.0,-423.2,-1.0,GREEN@L[-1] | GREEN@L[-1] | YELLOW@L[1]
22:15:15.688,655.7,10.0,-423.2,-1.0,GREEN@L[-1] | GREEN@L[-1] | YELLOW@L[1]
22:15:15.693,655.7,10.0,-423.2,-1.0,GREEN@L[-1] | GREEN@L[-1] | YELLOW@L[1]
22:15:15.699,655.7,10.0,-423.2,-1.0,GREEN@L[-1] | GREEN@L[-1] | YELLOW@L[1]
22:15:15.706,655.7,10.0,-423.2,-1.0,GREEN@L[-1] | GREEN@L[-1] | YELLOW@L[1]
22:15:15.712,655.7,10.0,-423.2,-1.0,GREEN@L[-1] | GREEN@L[-1] | YELLOW@L[1]
22:15:15.719,655.7,10.0,-423.2,-1.0,GREEN@L[-1] | GREEN@L[-1] | YELLOW@L[1]
22:15:15.725,655.7,10.0,-423.2,-1.0,GREEN@L[-1] | GREEN@L[-1] | YELLOW@L[1]
22:15:15.730,655.7,10.0,-423.2,-1.0,GREEN@L[-1] | GREEN@L[-1] | YELLOW@L[1]
22:15:15.736,655.7,10.0,-423.2,-1.0,GREEN@L[-1] | GREEN@L[-1] | YELLOW@L[1]
22:15:15.741,655.7,10.0,-423.2,-1.0,GREEN@L[-1] | GREEN@L[-1] | YELLOW@L[1]
22:15:15.747,655.7,10.0,-423.2,-1.0,GREEN@L[-1] | GREEN@L[-1] | YELLOW@L[1]
22:15:15.754,655.7,10.0,-423.2,-1.0,GREEN@L[-1] | GREEN@L[-1] | YELLOW@L[1]
22:15:15.759,655.7,10.0,-423.2,-1.0,GREEN@L[-1] | GREEN@L[-1] | YELLOW@L[1]
22:15:15.764,655.7,10.0,-423.2,-1.0,GREEN@L[-1] | GREEN@L[-1] | YELLOW@L[1]
22:15:15.769,655.7,10.0,-423.2,-1.0,GREEN@L[-1] | GREEN@L[-1] | YELLOW@L[1]
22:15:15.778,655.7,10.0,-423.2,-1.0,GREEN@L[-1] | GREEN@L[-1] | YELLOW@L[1]
22:15:15.783,655.7,10.0,-423.2,-1.0,GREEN@L[-1] | GREEN@L[-1] | YELLOW@L[1]
22:15:15.789,655.7,10.0,-423.2,-1.0,GREEN@L[-1] | GREEN@L[-1] | YELLOW@L[1]
22:15:15.794,655.7,10.0,-423.2,-1.0,GREEN@L[-1] | GREEN@L[-1] | YELLOW@L[1]
22:15:15.799,655.7,10.0,-423.2,-1.0,GREEN@L[-1] | GREEN@L[-1] | YELLOW@L[1]
22:15:15.805,655.7,10.0,-423.2,-1.0,GREEN@L[-1] | GREEN@L[-1] | YELLOW@L[1]
22:15:15.812,655.7,10.0,-423.2,-1.0,GREEN@L[-1] | GREEN@L[-1] | YELLOW@L[1]
22:15:15.817,655.7,10.0,-423.2,-1.0,GREEN@L[-1] | GREEN@L[-1] | YELLOW@L[1]
22:15:15.822,655.7,10.0,-423.2,-1.0,GREEN@L[-1] | GREEN@L[-1] | YELLOW@L[1]
22:15:15.829,655.7,10.0,-423.2,-1.0,GREEN@L[-1] | GREEN@L[-1] | YELLOW@L[1]
22:15:15.833,655.7,10.0,-423.2,-1.0,GREEN@L[-1] | GREEN@L[-1] | YELLOW@L[1]
22:15:15.838,655.7,10.0,-423.2,-1.0,GREEN@L[-1] | GREEN@L[-1] | YELLOW@L[1]
22:15:15.845,655.7,10.0,-423.2,-1.0,GREEN@L[-1] | GREEN@L[-1] | YELLOW@L[1]
22:15:15.851,655.7,10.0,-423.2,-1.0,GREEN@L[-1] | GREEN@L[-1] | YELLOW@L[1]
22:15:15.856,655.7,10.0,-423.2,-1.0,GREEN@L[-1] | GREEN@L[-1] | YELLOW@L[1]
22:15:15.862,655.7,10.0,-423.2,-1.0,GREEN@L[-1] | GREEN@L[-1] | YELLOW@L[1]
22:15:15.868,655.7,10.0,-423.2,-1.0,GREEN@L[-1] | GREEN@L[-1] | YELLOW@L[1]
22:15:15.874,655.7,10.0,-423.2,-1.0,GREEN@L[-1] | GREEN@L[-1] | YELLOW@L[1]
22:15:15.878,655.7,10.0,-423.2,-1.0,GREEN@L[-1] | GREEN@L[-1] | YELLOW@L[1]
22:15:15.885,655.7,10.0,-423.2,-1.0,GREEN@L[-1] | GREEN@L[-1] | YELLOW@L[1]
22:15:15.890,655.7,10.0,-423.2,-1.0,GREEN@L[-1] | GREEN@L[-1] | YELLOW@L[1]
22:15:15.896,655.7,10.0,-423.2,-1.0,GREEN@L[-1] | GREEN@L[-1] | YELLOW@L[1]
22:15:15.901,655.7,10.0,-423.2,-1.0,GREEN@L[-1] | GREEN@L[-1] | YELLOW@L[1]
22:15:15.907,655.7,10.0,-423.2,-1.0,GREEN@L[-1] | GREEN@L[-1] | YELLOW@L[1]
22:15:15.911,655.7,10.0,-423.2,-1.0,GREEN@L[-1] | GREEN@L[-1] | YELLOW@L[1]
22:15:15.917,655.7,10.0,-423.2,-1.0,GREEN@L[-1] | GREEN@L[-1] | YELLOW@L[1]
22:15:15.923,655.7,10.0,-423.2,-1.0,GREEN@L[-1] | GREEN@L[-1] | YELLOW@L[1]
22:15:15.930,655.7,10.0,-423.2,-1.0,GREEN@L[-1] | GREEN@L[-1] | YELLOW@L[1]
22:15:15.935,655.7,10.0,-423.2,-1.0,GREEN@L[-1] | GREEN@L[-1] | YELLOW@L[1]
22:15:15.940,655.7,10.0,-423.2,-1.0,GREEN@L[-1] | GREEN@L[-1] | YELLOW@L[1]
22:15:15.944,655.7,10.0,-423.2,-1.0,GREEN@L[-1] | GREEN@L[-1] | YELLOW@L[1]
22:15:15.950,655.7,10.0,-423.2,-1.0,GREEN@L[-1] | GREEN@L[-1] | YELLOW@L[1]
22:15:15.957,655.7,10.0,-423.2,-1.0,GREEN@L[-1] | GREEN@L[-1] | YELLOW@L[1]
22:15:15.962,655.7,10.0,-423.2,-1.0,GREEN@L[-1] | GREEN@L[-1] | YELLOW@L[1]
22:15:15.968,655.7,10.0,-423.2,-1.0,GREEN@L[-1] | GREEN@L[-1] | YELLOW@L[1]
22:15:15.975,655.7,10.0,-423.2,-1.0,GREEN@L[-1] | GREEN@L[-1] | YELLOW@L[1]
22:15:15.982,655.7,10.0,-423.2,-1.0,GREEN@L[-1] | GREEN@L[-1] | YELLOW@L[1]
22:15:15.988,655.7,10.0,-423.2,-1.0,GREEN@L[-1] | GREEN@L[-1] | YELLOW@L[1]
22:15:15.993,655.7,10.0,-423.2,-1.0,GREEN@L[-1] | GREEN@L[-1] | YELLOW@L[1]
22:15:16.002,655.7,10.0,-423.2,-1.0,GREEN@L[-1] | GREEN@L[-1] | YELLOW@L[1]
22:15:16.005,655.7,10.0,-423.2,-1.0,GREEN@L[-1] | GREEN@L[-1] | YELLOW@L[1]
22:15:16.010,655.7,10.0,-423.2,-1.0,GREEN@L[-1] | GREEN@L[-1] | YELLOW@L[1]
22:15:16.018,655.7,10.0,-423.2,-1.0,GREEN@L[-1] | GREEN@L[-1] | YELLOW@L[1]
22:15:16.023,655.7,10.0,-423.2,-1.0,GREEN@L[-1] | GREEN@L[-1] | YELLOW@L[1]
22:15:16.029,655.7,10.0,-423.2,-1.0,GREEN@L[-1] | GREEN@L[-1] | YELLOW@L[1]
22:15:16.035,655.7,10.0,-423.2,-1.0,GREEN@L[-1] | GREEN@L[-1] | YELLOW@L[1]
22:15:16.040,655.7,10.0,-423.2,-1.0,GREEN@L[-1] | GREEN@L[-1] | YELLOW@L[1]
22:15:16.047,655.7,10.0,-423.2,-1.0,GREEN@L[-1] | GREEN@L[-1] | YELLOW@L[1]
22:15:16.054,655.7,10.0,-423.2,-1.0,GREEN@L[-1] | GREEN@L[-1] | YELLOW@L[1]
22:15:16.058,655.7,10.0,-423.2,-1.0,GREEN@L[-1] | GREEN@L[-1] | YELLOW@L[1]
22:15:16.065,655.7,10.0,-423.2,-1.0,GREEN@L[-1] | GREEN@L[-1] | YELLOW@L[1]
22:15:16.070,655.7,10.0,-423.2,-1.0,GREEN@L[-1] | GREEN@L[-1] | YELLOW@L[1]
22:15:16.075,655.7,10.0,-423.2,-1.0,GREEN@L[-1] | GREEN@L[-1] | YELLOW@L[1]
22:15:16.080,655.7,10.0,-423.2,-1.0,GREEN@L[-1] | GREEN@L[-1] | YELLOW@L[1]
22:15:16.087,655.7,10.0,-423.2,-1.0,GREEN@L[-1] | GREEN@L[-1] | YELLOW@L[1]
22:15:16.093,655.7,10.0,-423.2,-1.0,GREEN@L[-1] | GREEN@L[-1] | YELLOW@L[1]
22:15:16.099,655.7,10.0,-423.2,-1.0,GREEN@L[-1] | GREEN@L[-1] | YELLOW@L[1]
22:15:16.105,655.7,10.0,-423.2,-1.0,GREEN@L[-1] | GREEN@L[-1] | YELLOW@L[1]
22:15:16.110,655.7,10.0,-423.2,-1.0,GREEN@L[-1] | GREEN@L[-1] | YELLOW@L[1]
22:15:16.116,655.7,10.0,-423.2,-1.0,GREEN@L[-1] | GREEN@L[-1] | YELLOW@L[1]
22:15:16.122,655.7,10.0,-423.2,-1.0,GREEN@L[-1] | GREEN@L[-1] | YELLOW@L[1]
22:15:16.129,655.7,10.0,-423.2,-1.0,GREEN@L[-1] | GREEN@L[-1] | YELLOW@L[1]
22:15:16.134,655.7,10.0,-423.2,-1.0,GREEN@L[-1] | GREEN@L[-1] | YELLOW@L[1]
22:15:16.140,655.7,10.0,-423.2,-1.0,GREEN@L[-1] | GREEN@L[-1] | YELLOW@L[1]
22:15:16.144,655.7,10.0,-423.2,-1.0,GREEN@L[-1] | GREEN@L[-1] | YELLOW@L[1]
22:15:16.151,655.7,10.0,-423.2,-1.0,GREEN@L[-1] | GREEN@L[-1] | YELLOW@L[1]
22:15:16.157,655.7,10.0,-423.2,-1.0,GREEN@L[-1] | GREEN@L[-1] | YELLOW@L[1]
22:15:16.164,655.7,10.0,-423.2,-1.0,GREEN@L[-1] | GREEN@L[-1] | YELLOW@L[1]
22:15:16.169,655.7,10.0,-423.2,-1.0,GREEN@L[-1] | GREEN@L[-1] | YELLOW@L[1]
22:15:16.175,655.7,10.0,-423.2,-1.0,GREEN@L[-1] | GREEN@L[-1] | YELLOW@L[1]
22:15:16.181,655.7,10.0,-423.2,-1.0,GREEN@L[-1] | GREEN@L[-1] | YELLOW@L[1]
22:15:16.186,655.7,10.0,-423.2,-1.0,GREEN@L[-1] | GREEN@L[-1] | YELLOW@L[1]
22:15:16.194,655.7,10.0,-423.2,-1.0,GREEN@L[-1] | GREEN@L[-1] | YELLOW@L[1]
22:15:16.198,655.7,10.0,-423.2,-1.0,GREEN@L[-1] | GREEN@L[-1] | YELLOW@L[1]
22:15:16.205,655.7,10.0,-423.2,-1.0,GREEN@L[-1] | GREEN@L[-1] | YELLOW@L[1]
22:15:16.209,655.7,10.0,-423.2,-1.0,GREEN@L[-1] | GREEN@L[-1] | YELLOW@L[1]
22:15:16.216,655.7,10.0,-423.2,-1.0,GREEN@L[-1] | GREEN@L[-1] | YELLOW@L[1]
22:15:16.222,655.7,10.0,-423.2,-1.0,GREEN@L[-1] | GREEN@L[-1] | YELLOW@L[1]
22:15:16.229,655.7,10.0,-423.2,-1.0,GREEN@L[-1] | GREEN@L[-1] | YELLOW@L[1]
22:15:16.234,655.7,10.0,-423.2,-1.0,GREEN@L[-1] | GREEN@L[-1] | YELLOW@L[1]
22:15:16.241,655.7,10.0,-423.2,-1.0,GREEN@L[-1] | GREEN@L[-1] | YELLOW@L[1]
22:15:16.245,655.7,10.0,-423.2,-1.0,GREEN@L[-1] | GREEN@L[-1] | YELLOW@L[1]
22:15:16.253,655.7,10.0,-423.2,-1.0,GREEN@L[-1] | GREEN@L[-1] | YELLOW@L[1]
22:15:16.259,655.7,10.0,-423.2,-1.0,GREEN@L[-1] | GREEN@L[-1] | YELLOW@L[1]
22:15:16.262,655.7,10.0,-423.2,-1.0,GREEN@L[-1] | GREEN@L[-1] | YELLOW@L[1]
22:15:16.269,655.7,10.0,-423.2,-1.0,GREEN@L[-1] | GREEN@L[-1] | YELLOW@L[1]
22:15:16.275,655.7,10.0,-423.2,-1.0,GREEN@L[-1] | GREEN@L[-1] | YELLOW@L[1]
22:15:16.282,655.7,10.0,-423.2,-1.0,GREEN@L[-1] | GREEN@L[-1] | YELLOW@L[1]
22:15:16.287,655.7,10.0,-423.2,-1.0,GREEN@L[-1] | GREEN@L[-1] | YELLOW@L[1]
22:15:16.293,655.7,10.0,-423.2,-1.0,GREEN@L[-1] | GREEN@L[-1] | YELLOW@L[1]
22:15:16.297,655.7,10.0,-423.2,-1.0,GREEN@L[-1] | GREEN@L[-1] | YELLOW@L[1]
22:15:16.304,655.7,10.0,-423.2,-1.0,GREEN@L[-1] | GREEN@L[-1] | YELLOW@L[1]
22:15:16.310,655.7,10.0,-423.2,-1.0,GREEN@L[-1] | GREEN@L[-1] | YELLOW@L[1]
22:15:16.315,655.7,10.0,-423.2,-1.0,GREEN@L[-1] | GREEN@L[-1] | YELLOW@L[1]
22:15:16.320,655.7,10.0,-423.2,-1.0,GREEN@L[-1] | GREEN@L[-1] | YELLOW@L[1]
22:15:16.326,655.7,10.0,-423.2,-1.0,GREEN@L[-1] | GREEN@L[-1] | YELLOW@L[1]
22:15:16.331,655.7,10.0,-423.2,-1.0,GREEN@L[-1] | GREEN@L[-1] | YELLOW@L[1]
22:15:16.338,655.7,10.0,-423.2,-1.0,GREEN@L[-1] | GREEN@L[-1] | YELLOW@L[1]
22:15:16.344,655.7,10.0,-423.2,-1.0,GREEN@L[-1] | GREEN@L[-1] | YELLOW@L[1]
22:15:16.349,655.7,10.0,-423.2,-1.0,GREEN@L[-1] | GREEN@L[-1] | YELLOW@L[1]
22:15:16.354,655.7,10.0,-423.2,-1.0,GREEN@L[-1] | GREEN@L[-1] | YELLOW@L[1]
22:15:16.360,655.7,10.0,-423.2,-1.0,GREEN@L[-1] | GREEN@L[-1] | YELLOW@L[1]
22:15:16.366,655.7,10.0,-423.2,-1.0,GREEN@L[-1] | GREEN@L[-1] | YELLOW@L[1]
22:15:16.372,655.7,10.0,-423.2,-1.0,GREEN@L[-1] | GREEN@L[-1] | YELLOW@L[1]
22:15:16.378,655.7,10.0,-423.2,-1.0,GREEN@L[-1] | GREEN@L[-1] | YELLOW@L[1]
22:15:16.384,655.7,10.0,-423.2,-1.0,GREEN@L[-1] | GREEN@L[-1] | YELLOW@L[1]
22:15:16.389,655.7,10.0,-423.2,-1.0,GREEN@L[-1] | GREEN@L[-1] | YELLOW@L[1]
22:15:16.394,655.7,10.0,-423.2,-1.0,GREEN@L[-1] | GREEN@L[-1] | YELLOW@L[1]
22:15:16.400,655.7,10.0,-423.2,-1.0,GREEN@L[-1] | GREEN@L[-1] | YELLOW@L[1]
22:15:16.406,655.7,10.0,-423.2,-1.0,GREEN@L[-1] | GREEN@L[-1] | YELLOW@L[1]
22:15:16.411,655.7,10.0,-423.2,-1.0,GREEN@L[-1] | GREEN@L[-1] | YELLOW@L[1]
22:15:16.416,655.7,10.0,-423.2,-1.0,GREEN@L[-1] | GREEN@L[-1] | YELLOW@L[1]
22:15:16.421,655.7,10.0,-423.2,-1.0,GREEN@L[-1] | GREEN@L[-1] | YELLOW@L[1]
22:15:16.428,655.7,10.0,-423.2,-1.0,GREEN@L[-1] | GREEN@L[-1] | YELLOW@L[1]
22:15:16.434,655.7,10.0,-423.2,-1.0,GREEN@L[-1] | GREEN@L[-1] | YELLOW@L[1]
22:15:16.439,655.7,10.0,-423.2,-1.0,GREEN@L[-1] | GREEN@L[-1] | YELLOW@L[1]
22:15:16.444,655.7,10.0,-423.2,-1.0,GREEN@L[-1] | GREEN@L[-1] | YELLOW@L[1]
22:15:16.450,655.7,10.0,-423.2,-1.0,GREEN@L[-1] | GREEN@L[-1] | YELLOW@L[1]
22:15:16.456,655.7,10.0,-423.2,-1.0,GREEN@L[-1] | GREEN@L[-1] | YELLOW@L[1]
22:15:16.461,655.7,10.0,-423.2,-1.0,GREEN@L[-1] | GREEN@L[-1] | YELLOW@L[1]
22:15:16.468,655.7,10.0,-423.2,-1.0,GREEN@L[-1] | GREEN@L[-1] | YELLOW@L[1]
22:15:16.474,655.7,10.0,-423.2,-1.0,GREEN@L[-1] | GREEN@L[-1] | YELLOW@L[1]
22:15:16.478,655.7,10.0,-423.2,-1.0,GREEN@L[-1] | GREEN@L[-1] | YELLOW@L[1]
22:15:16.485,655.7,10.0,-423.2,-1.0,GREEN@L[-1] | GREEN@L[-1] | YELLOW@L[1]
22:15:16.492,655.7,10.0,-423.2,-1.0,GREEN@L[-1] | GREEN@L[-1] | YELLOW@L[1]
22:15:16.498,655.7,10.0,-423.2,-1.0,GREEN@L[-1] | GREEN@L[-1] | YELLOW@L[1]
22:15:16.503,655.7,10.0,-423.2,-1.0,GREEN@L[-1] | GREEN@L[-1] | YELLOW@L[1]
22:15:16.507,655.7,10.0,-423.2,-1.0,GREEN@L[-1] | GREEN@L[-1] | YELLOW@L[1]
22:15:16.513,655.7,10.0,-423.2,-1.0,GREEN@L[-1] | GREEN@L[-1] | YELLOW@L[1]
22:15:16.519,655.7,10.0,-423.2,-1.0,GREEN@L[-1] | GREEN@L[-1] | YELLOW@L[1]
22:15:16.526,655.7,10.0,-423.2,-1.0,GREEN@L[-1] | GREEN@L[-1] | YELLOW@L[1]
22:15:16.533,655.7,10.0,-423.2,-1.0,GREEN@L[-1] | GREEN@L[-1] | YELLOW@L[1]
22:15:16.538,655.7,10.0,-423.2,-1.0,GREEN@L[-1] | GREEN@L[-1] | YELLOW@L[1]
22:15:16.542,655.7,10.0,-423.2,-1.0,GREEN@L[-1] | GREEN@L[-1] | YELLOW@L[1]
22:15:16.549,655.7,10.0,-423.2,-1.0,GREEN@L[-1] | GREEN@L[-1] | YELLOW@L[1]
22:15:16.554,655.7,10.0,-423.2,-1.0,GREEN@L[-1] | GREEN@L[-1] | YELLOW@L[1]
22:15:16.560,655.7,10.0,-423.2,-1.0,GREEN@L[-1] | GREEN@L[-1] | YELLOW@L[1]
22:15:16.564,655.7,10.0,-423.2,-1.0,GREEN@L[-1] | GREEN@L[-1] | YELLOW@L[1]
22:15:16.570,655.7,10.0,-423.2,-1.0,GREEN@L[-1] | GREEN@L[-1] | YELLOW@L[1]
22:15:16.575,655.7,10.0,-423.2,-1.0,GREEN@L[-1] | GREEN@L[-1] | YELLOW@L[1]
22:15:16.582,655.7,10.0,-423.2,-1.0,GREEN@L[-1] | GREEN@L[-1] | YELLOW@L[1]
22:15:16.588,655.7,10.0,-423.2,-1.0,GREEN@L[-1] | GREEN@L[-1] | YELLOW@L[1]
22:15:16.595,655.7,10.0,-423.2,-1.0,GREEN@L[-1] | GREEN@L[-1] | YELLOW@L[1]
22:15:16.600,655.7,10.0,-423.2,-1.0,GREEN@L[-1] | GREEN@L[-1] | YELLOW@L[1]
22:15:16.607,655.7,10.0,-423.2,-1.0,GREEN@L[-1] | GREEN@L[-1] | YELLOW@L[1]
22:15:16.611,655.7,10.0,-423.2,-1.0,GREEN@L[-1] | GREEN@L[-1] | YELLOW@L[1]
22:15:16.616,655.7,10.0,-423.2,-1.0,GREEN@L[-1] | GREEN@L[-1] | YELLOW@L[1]
22:15:16.623,655.7,10.0,-423.2,-1.0,GREEN@L[-1] | GREEN@L[-1] | YELLOW@L[1]
22:15:16.629,655.7,10.0,-423.2,-1.0,GREEN@L[-1] | GREEN@L[-1] | YELLOW@L[1]
22:15:16.634,655.7,10.0,-423.2,-1.0,GREEN@L[-1] | GREEN@L[-1] | YELLOW@L[1]
22:15:16.639,655.7,10.0,-423.2,-1.0,GREEN@L[-1] | GREEN@L[-1] | YELLOW@L[1]
22:15:16.645,655.7,10.0,-423.2,-1.0,GREEN@L[-1] | GREEN@L[-1] | YELLOW@L[1]
22:15:16.651,655.7,10.0,-423.2,-1.0,GREEN@L[-1] | GREEN@L[-1] | YELLOW@L[1]
22:15:16.658,655.7,10.0,-423.2,-1.0,GREEN@L[-1] | GREEN@L[-1] | YELLOW@L[1]
22:15:16.663,655.7,10.0,-423.2,-1.0,GREEN@L[-1] | GREEN@L[-1] | YELLOW@L[1]
22:15:16.669,655.7,10.0,-423.2,-1.0,GREEN@L[-1] | GREEN@L[-1] | YELLOW@L[1]
22:15:16.674,655.7,10.0,-423.2,-1.0,GREEN@L[-1] | GREEN@L[-1] | YELLOW@L[1]
22:15:16.679,655.7,10.0,-423.2,-1.0,GREEN@L[-1] | GREEN@L[-1] | YELLOW@L[1]
22:15:16.686,655.7,10.0,-423.2,-1.0,GREEN@L[-1] | GREEN@L[-1] | YELLOW@L[1]
22:15:16.691,655.7,10.0,-423.2,-1.0,GREEN@L[-1] | GREEN@L[-1] | YELLOW@L[1]
22:15:16.697,655.7,10.0,-423.2,-1.0,GREEN@L[-1] | GREEN@L[-1] | YELLOW@L[1]
22:15:16.705,655.7,10.0,-423.2,-1.0,GREEN@L[-1] | GREEN@L[-1] | YELLOW@L[1]
22:15:16.708,655.7,10.0,-423.2,-1.0,GREEN@L[-1] | GREEN@L[-1] | YELLOW@L[1]
22:15:16.714,655.7,10.0,-423.2,-1.0,GREEN@L[-1] | GREEN@L[-1] | YELLOW@L[1]
22:15:16.721,655.7,10.0,-423.2,-1.0,GREEN@L[-1] | GREEN@L[-1] | YELLOW@L[1]
22:15:16.726,655.7,10.0,-423.2,-1.0,GREEN@L[-1] | GREEN@L[-1] | YELLOW@L[1]
22:15:16.734,655.7,10.0,-423.2,-1.0,GREEN@L[-1] | GREEN@L[-1] | YELLOW@L[1]
22:15:16.738,655.7,10.0,-423.2,-1.0,GREEN@L[-1] | GREEN@L[-1] | YELLOW@L[1]
22:15:16.743,655.7,10.0,-423.2,-1.0,GREEN@L[-1] | GREEN@L[-1] | YELLOW@L[1]
22:15:16.748,655.7,10.0,-423.2,-1.0,GREEN@L[-1] | GREEN@L[-1] | YELLOW@L[1]
22:15:16.755,655.7,10.0,-423.2,-1.0,GREEN@L[-1] | GREEN@L[-1] | YELLOW@L[1]
22:15:16.759,655.7,10.0,-423.2,-1.0,GREEN@L[-1] | GREEN@L[-1] | YELLOW@L[1]
22:15:16.770,655.7,10.0,-423.2,-1.0,GREEN@L[-1] | GREEN@L[-1] | YELLOW@L[1]
22:15:16.775,655.7,10.0,-423.2,-1.0,GREEN@L[-1] | GREEN@L[-1] | YELLOW@L[1]
22:15:16.780,655.7,10.0,-423.2,-1.0,GREEN@L[-1] | GREEN@L[-1] | YELLOW@L[1]
22:15:16.786,655.7,10.0,-423.2,-1.0,GREEN@L[-1] | GREEN@L[-1] | YELLOW@L[1]
22:15:16.791,655.7,10.0,-423.2,-1.0,GREEN@L[-1] | GREEN@L[-1] | YELLOW@L[1]
22:15:16.798,655.7,10.0,-423.2,-1.0,GREEN@L[-1] | GREEN@L[-1] | YELLOW@L[1]
22:15:16.803,655.7,10.0,-423.2,-1.0,GREEN@L[-1] | GREEN@L[-1] | YELLOW@L[1]
22:15:16.809,655.7,10.0,-423.2,-1.0,GREEN@L[-1] | GREEN@L[-1] | YELLOW@L[1]
22:15:16.816,655.7,10.0,-423.2,-1.0,GREEN@L[-1] | GREEN@L[-1] | YELLOW@L[1]
22:15:16.822,655.7,10.0,-423.2,-1.0,GREEN@L[-1] | GREEN@L[-1] | YELLOW@L[1]
22:15:16.827,655.7,10.0,-423.2,-1.0,GREEN@L[-1] | GREEN@L[-1] | YELLOW@L[1]
22:15:16.834,655.7,10.0,-423.2,-1.0,GREEN@L[-1] | GREEN@L[-1] | YELLOW@L[1]
22:15:16.839,655.7,10.0,-423.2,-1.0,GREEN@L[-1] | GREEN@L[-1] | YELLOW@L[1]
22:15:16.844,655.7,10.0,-423.2,-1.0,GREEN@L[-1] | GREEN@L[-1] | YELLOW@L[1]
22:15:16.849,655.7,10.0,-423.2,-1.0,GREEN@L[-1] | GREEN@L[-1] | YELLOW@L[1]
22:15:16.857,655.7,10.0,-423.2,-1.0,GREEN@L[-1] | GREEN@L[-1] | YELLOW@L[1]
22:15:16.864,655.7,10.0,-423.2,-1.0,GREEN@L[-1] | GREEN@L[-1] | YELLOW@L[1]
22:15:16.868,655.7,10.0,-423.2,-1.0,GREEN@L[-1] | GREEN@L[-1] | YELLOW@L[1]
22:15:16.872,655.7,10.0,-423.2,-1.0,GREEN@L[-1] | GREEN@L[-1] | YELLOW@L[1]
22:15:16.878,655.7,10.0,-423.2,-1.0,GREEN@L[-1] | GREEN@L[-1] | YELLOW@L[1]
22:15:16.884,655.7,10.0,-423.2,-1.0,GREEN@L[-1] | GREEN@L[-1] | YELLOW@L[1]
22:15:16.890,655.7,10.0,-423.2,-1.0,GREEN@L[-1] | GREEN@L[-1] | YELLOW@L[1]
22:15:16.895,655.7,10.0,-423.2,-1.0,GREEN@L[-1] | GREEN@L[-1] | YELLOW@L[1]
22:15:16.901,655.7,10.0,-423.2,-1.0,GREEN@L[-1] | GREEN@L[-1] | YELLOW@L[1]
22:15:16.907,655.7,10.0,-423.2,-1.0,GREEN@L[-1] | GREEN@L[-1] | YELLOW@L[1]
22:15:16.913,655.7,10.0,-423.2,-1.0,GREEN@L[-1] | GREEN@L[-1] | YELLOW@L[1]
22:15:16.917,655.7,10.0,-423.2,-1.0,GREEN@L[-1] | GREEN@L[-1] | YELLOW@L[1]
22:15:16.924,655.7,10.0,-423.2,-1.0,GREEN@L[-1] | GREEN@L[-1] | YELLOW@L[1]
22:15:16.930,655.7,10.0,-423.2,-1.0,GREEN@L[-1] | GREEN@L[-1] | YELLOW@L[1]
22:15:16.935,655.7,10.0,-423.2,-1.0,GREEN@L[-1] | GREEN@L[-1] | YELLOW@L[1]
22:15:16.940,655.7,10.0,-423.2,-1.0,GREEN@L[-1] | GREEN@L[-1] | YELLOW@L[1]
22:15:16.947,655.7,10.0,-423.2,-1.0,GREEN@L[-1] | GREEN@L[-1] | YELLOW@L[1]
22:15:16.952,655.7,10.0,-423.2,-1.0,GREEN@L[-1] | GREEN@L[-1] | YELLOW@L[1]
22:15:16.958,655.7,10.0,-423.2,-1.0,GREEN@L[-1] | GREEN@L[-1] | YELLOW@L[1]
22:15:16.964,655.7,10.0,-423.2,-1.0,GREEN@L[-1] | GREEN@L[-1] | YELLOW@L[1]
22:15:16.971,655.7,10.0,-423.2,-1.0,GREEN@L[-1] | GREEN@L[-1] | YELLOW@L[1]
22:15:16.976,655.7,10.0,-423.2,-1.0,GREEN@L[-1] | GREEN@L[-1] | YELLOW@L[1]
22:15:16.981,655.7,10.0,-423.2,-1.0,GREEN@L[-1] | GREEN@L[-1] | YELLOW@L[1]
22:15:16.989,655.7,10.0,-423.2,-1.0,GREEN@L[-1] | GREEN@L[-1] | YELLOW@L[1]
22:15:16.994,655.7,10.0,-423.2,-1.0,GREEN@L[-1] | GREEN@L[-1] | YELLOW@L[1]
22:15:16.998,655.7,10.0,-423.2,-1.0,GREEN@L[-1] | GREEN@L[-1] | YELLOW@L[1]
22:15:17.007,655.7,10.0,-423.2,-1.0,GREEN@L[-1] | GREEN@L[-1] | YELLOW@L[1]
22:15:17.011,655.7,10.0,-423.2,-1.0,GREEN@L[-1] | GREEN@L[-1] | YELLOW@L[1]
22:15:17.016,655.7,10.0,-423.2,-1.0,GREEN@L[-1] | GREEN@L[-1] | YELLOW@L[1]
22:15:17.021,655.7,10.0,-423.2,-1.0,GREEN@L[-1] | GREEN@L[-1] | YELLOW@L[1]
22:15:17.026,655.7,10.0,-423.2,-1.0,GREEN@L[-1] | GREEN@L[-1] | YELLOW@L[1]
22:15:17.032,655.7,10.0,-423.2,-1.0,GREEN@L[-1] | GREEN@L[-1] | YELLOW@L[1]
22:15:17.039,655.7,10.0,-423.2,-1.0,GREEN@L[-1] | GREEN@L[-1] | YELLOW@L[1]
22:15:17.045,655.7,10.0,-423.2,-1.0,GREEN@L[-1] | GREEN@L[-1] | YELLOW@L[1]
22:15:17.052,655.7,10.0,-423.2,-1.0,GREEN@L[-1] | GREEN@L[-1] | YELLOW@L[1]
22:15:17.056,655.7,10.0,-423.2,-1.0,GREEN@L[-1] | GREEN@L[-1] | YELLOW@L[1]
22:15:17.061,655.7,10.0,-423.2,-1.0,GREEN@L[-1] | GREEN@L[-1] | YELLOW@L[1]
22:15:17.067,655.7,10.0,-423.2,-1.0,GREEN@L[-1] | GREEN@L[-1] | YELLOW@L[1]
22:15:17.073,655.7,10.0,-423.2,-1.0,GREEN@L[-1] | GREEN@L[-1] | YELLOW@L[1]
22:15:17.078,655.7,10.0,-423.2,-1.0,GREEN@L[-1] | GREEN@L[-1] | YELLOW@L[1]
22:15:17.084,655.7,10.0,-423.2,-1.0,GREEN@L[-1] | GREEN@L[-1] | YELLOW@L[1]
22:15:17.090,655.7,10.0,-423.2,-1.0,GREEN@L[-1] | GREEN@L[-1] | YELLOW@L[1]
22:15:17.095,655.7,10.0,-423.2,-1.0,GREEN@L[-1] | GREEN@L[-1] | YELLOW@L[1]
22:15:17.102,655.7,10.0,-423.2,-1.0,GREEN@L[-1] | GREEN@L[-1] | YELLOW@L[1]
22:15:17.107,655.7,10.0,-423.2,-1.0,GREEN@L[-1] | GREEN@L[-1] | YELLOW@L[1]
22:15:17.114,655.7,10.0,-423.2,-1.0,GREEN@L[-1] | GREEN@L[-1] | YELLOW@L[1]
22:15:17.120,655.7,10.0,-423.2,-1.0,GREEN@L[-1] | GREEN@L[-1] | YELLOW@L[1]
22:15:17.123,655.7,10.0,-423.2,-1.0,GREEN@L[-1] | GREEN@L[-1] | YELLOW@L[1]
22:15:17.130,655.7,10.0,-423.2,-1.0,GREEN@L[-1] | GREEN@L[-1] | YELLOW@L[1]
22:15:17.137,655.7,10.0,-423.2,-1.0,GREEN@L[-1] | GREEN@L[-1] | YELLOW@L[1]
22:15:17.143,655.7,10.0,-423.2,-1.0,GREEN@L[-1] | GREEN@L[-1] | YELLOW@L[1]
22:15:17.151,655.7,10.0,-423.2,-1.0,GREEN@L[-1] | GREEN@L[-1] | YELLOW@L[1]
22:15:17.155,655.7,10.0,-423.2,-1.0,GREEN@L[-1] | GREEN@L[-1] | YELLOW@L[1]
22:15:17.161,655.7,10.0,-423.2,-1.0,GREEN@L[-1] | GREEN@L[-1] | YELLOW@L[1]
22:15:17.167,655.7,10.0,-423.2,-1.0,GREEN@L[-1] | GREEN@L[-1] | YELLOW@L[1]
22:15:17.172,655.7,10.0,-423.2,-1.0,GREEN@L[-1] | GREEN@L[-1] | YELLOW@L[1]
22:15:17.179,655.7,10.0,-423.2,-1.0,GREEN@L[-1] | GREEN@L[-1] | YELLOW@L[1]
22:15:17.185,655.7,10.0,-423.2,-1.0,GREEN@L[-1] | GREEN@L[-1] | YELLOW@L[1]
22:15:17.190,655.7,10.0,-423.2,-1.0,GREEN@L[-1] | GREEN@L[-1] | YELLOW@L[1]
22:15:17.196,655.7,10.0,-423.2,-1.0,GREEN@L[-1] | GREEN@L[-1] | YELLOW@L[1]
22:15:17.202,655.7,10.0,-423.2,-1.0,GREEN@L[-1] | GREEN@L[-1] | YELLOW@L[1]
22:15:17.207,655.7,10.0,-423.2,-1.0,GREEN@L[-1] | GREEN@L[-1] | YELLOW@L[1]
22:15:17.213,655.7,10.0,-423.2,-1.0,GREEN@L[-1] | GREEN@L[-1] | YELLOW@L[1]
22:15:17.218,655.7,10.0,-423.2,-1.0,GREEN@L[-1] | GREEN@L[-1] | YELLOW@L[1]
22:15:17.224,655.7,10.0,-423.2,-1.0,GREEN@L[-1] | GREEN@L[-1] | YELLOW@L[1]
22:15:17.230,655.7,10.0,-423.2,-1.0,GREEN@L[-1] | GREEN@L[-1] | YELLOW@L[1]
22:15:17.235,655.7,10.0,-423.2,-1.0,GREEN@L[-1] | GREEN@L[-1] | YELLOW@L[1]
22:15:17.241,655.7,10.0,-423.2,-1.0,GREEN@L[-1] | GREEN@L[-1] | YELLOW@L[1]
22:15:17.247,655.7,10.0,-423.2,-1.0,GREEN@L[-1] | GREEN@L[-1] | YELLOW@L[1]
22:15:17.253,655.7,10.0,-423.2,-1.0,GREEN@L[-1] | GREEN@L[-1] | YELLOW@L[1]
22:15:17.259,655.7,10.0,-423.2,-1.0,GREEN@L[-1] | GREEN@L[-1] | YELLOW@L[1]
22:15:17.264,655.7,10.0,-423.2,-1.0,GREEN@L[-1] | GREEN@L[-1] | YELLOW@L[1]
22:15:17.271,655.7,10.0,-423.2,-1.0,GREEN@L[-1] | GREEN@L[-1] | YELLOW@L[1]
22:15:17.275,655.7,10.0,-423.2,-1.0,GREEN@L[-1] | GREEN@L[-1] | YELLOW@L[1]
22:15:17.280,655.7,10.0,-423.2,-1.0,GREEN@L[-1] | GREEN@L[-1] | YELLOW@L[1]
22:15:17.286,655.7,10.0,-423.2,-1.0,GREEN@L[-1] | GREEN@L[-1] | YELLOW@L[1]
22:15:17.292,655.7,10.0,-423.2,-1.0,GREEN@L[-1] | GREEN@L[-1] | YELLOW@L[1]
22:15:17.298,655.7,10.0,-423.2,-1.0,GREEN@L[-1] | GREEN@L[-1] | YELLOW@L[1]
22:15:17.304,655.7,10.0,-423.2,-1.0,GREEN@L[-1] | GREEN@L[-1] | YELLOW@L[1]
22:15:17.309,655.7,10.0,-423.2,-1.0,GREEN@L[-1] | GREEN@L[-1] | YELLOW@L[1]
22:15:17.315,655.7,10.0,-423.2,-1.0,GREEN@L[-1] | GREEN@L[-1] | YELLOW@L[1]
22:15:17.321,655.7,10.0,-423.2,-1.0,GREEN@L[-1] | GREEN@L[-1] | YELLOW@L[1]
22:15:17.328,655.7,10.0,-423.2,-1.0,GREEN@L[-1] | GREEN@L[-1] | YELLOW@L[1]
22:15:17.333,655.7,10.0,-423.2,-1.0,GREEN@L[-1] | GREEN@L[-1] | YELLOW@L[1]
22:15:17.338,655.7,10.0,-423.2,-1.0,GREEN@L[-1] | GREEN@L[-1] | YELLOW@L[1]
22:15:17.345,655.7,10.0,-423.2,-1.0,GREEN@L[-1] | GREEN@L[-1] | YELLOW@L[1]
22:15:17.350,655.7,10.0,-423.2,-1.0,GREEN@L[-1] | GREEN@L[-1] | YELLOW@L[1]
22:15:17.356,655.7,10.0,-423.2,-1.0,GREEN@L[-1] | GREEN@L[-1] | YELLOW@L[1]
22:15:17.363,655.7,10.0,-423.2,-1.0,GREEN@L[-1] | GREEN@L[-1] | YELLOW@L[1]
22:15:17.367,655.7,10.0,-423.2,-1.0,GREEN@L[-1] | GREEN@L[-1] | YELLOW@L[1]
22:15:17.372,655.7,10.0,-423.2,-1.0,GREEN@L[-1] | GREEN@L[-1] | YELLOW@L[1]
22:15:17.379,655.7,10.0,-423.2,-1.0,GREEN@L[-1] | GREEN@L[-1] | YELLOW@L[1]
22:15:17.383,655.7,10.0,-423.2,-1.0,GREEN@L[-1] | GREEN@L[-1] | YELLOW@L[1]
22:15:17.391,655.7,10.0,-423.2,-1.0,GREEN@L[-1] | GREEN@L[-1] | YELLOW@L[1]
22:15:17.396,655.7,10.0,-423.2,-1.0,GREEN@L[-1] | GREEN@L[-1] | YELLOW@L[1]
22:15:17.402,655.7,10.0,-423.2,-1.0,GREEN@L[-1] | GREEN@L[-1] | YELLOW@L[1]
22:15:17.408,655.7,10.0,-423.2,-1.0,GREEN@L[-1] | GREEN@L[-1] | YELLOW@L[1]
22:15:17.414,655.7,10.0,-423.2,-1.0,GREEN@L[-1] | GREEN@L[-1] | YELLOW@L[1]
22:15:17.421,655.7,10.0,-423.2,-1.0,GREEN@L[-1] | GREEN@L[-1] | YELLOW@L[1]
22:15:17.426,655.7,10.0,-423.2,-1.0,GREEN@L[-1] | GREEN@L[-1] | YELLOW@L[1]
22:15:17.432,655.7,10.0,-423.2,-1.0,GREEN@L[-1] | GREEN@L[-1] | YELLOW@L[1]
22:15:17.437,655.7,10.0,-423.2,-1.0,GREEN@L[-1] | GREEN@L[-1] | YELLOW@L[1]
22:15:17.443,655.7,10.0,-423.2,-1.0,GREEN@L[-1] | GREEN@L[-1] | YELLOW@L[1]
22:15:17.451,655.7,10.0,-423.2,-1.0,GREEN@L[-1] | GREEN@L[-1] | YELLOW@L[1]
22:15:17.455,655.7,10.0,-423.2,-1.0,GREEN@L[-1] | GREEN@L[-1] | YELLOW@L[1]
22:15:17.460,655.7,10.0,-423.2,-1.0,GREEN@L[-1] | GREEN@L[-1] | YELLOW@L[1]
22:15:17.465,655.7,10.0,-423.2,-1.0,GREEN@L[-1] | GREEN@L[-1] | YELLOW@L[1]
22:15:17.471,655.7,10.0,-423.2,-1.0,GREEN@L[-1] | GREEN@L[-1] | YELLOW@L[1]
22:15:17.479,655.7,10.0,-423.2,-1.0,GREEN@L[-1] | GREEN@L[-1] | YELLOW@L[1]
22:15:17.484,655.7,10.0,-423.2,-1.0,GREEN@L[-1] | GREEN@L[-1] | YELLOW@L[1]
22:15:17.491,655.7,10.0,-423.2,-1.0,GREEN@L[-1] | GREEN@L[-1] | YELLOW@L[1]
22:15:17.497,655.7,10.0,-423.2,-1.0,GREEN@L[-1] | GREEN@L[-1] | YELLOW@L[1]
22:15:17.504,655.7,10.0,-423.2,-1.0,GREEN@L[-1] | GREEN@L[-1] | YELLOW@L[1]
22:15:17.511,655.7,10.0,-423.2,-1.0,GREEN@L[-1] | GREEN@L[-1] | YELLOW@L[1]
22:15:17.517,655.7,10.0,-423.2,-1.0,GREEN@L[-1] | GREEN@L[-1] | YELLOW@L[1]
22:15:17.523,655.7,10.0,-423.2,-1.0,GREEN@L[-1] | GREEN@L[-1] | YELLOW@L[1]
22:15:17.528,655.7,10.0,-423.2,-1.0,GREEN@L[-1] | GREEN@L[-1] | YELLOW@L[1]
22:15:17.533,655.7,10.0,-423.2,-1.0,GREEN@L[-1] | GREEN@L[-1] | YELLOW@L[1]
22:15:17.539,655.7,10.0,-423.2,-1.0,GREEN@L[-1] | GREEN@L[-1] | YELLOW@L[1]
22:15:17.545,655.7,10.0,-423.2,-1.0,GREEN@L[-1] | GREEN@L[-1] | YELLOW@L[1]
22:15:17.549,655.7,10.0,-423.2,-1.0,GREEN@L[-1] | GREEN@L[-1] | YELLOW@L[1]
22:15:17.555,655.7,10.0,-423.2,-1.0,GREEN@L[-1] | GREEN@L[-1] | YELLOW@L[1]
22:15:17.562,655.7,10.0,-423.2,-1.0,GREEN@L[-1] | GREEN@L[-1] | YELLOW@L[1]
22:15:17.567,655.7,10.0,-423.2,-1.0,GREEN@L[-1] | GREEN@L[-1] | YELLOW@L[1]
22:15:17.574,655.7,10.0,-423.2,-1.0,GREEN@L[-1] | GREEN@L[-1] | YELLOW@L[1]
22:15:17.579,655.7,10.0,-423.2,-1.0,GREEN@L[-1] | GREEN@L[-1] | YELLOW@L[1]
22:15:17.584,655.7,10.0,-423.2,-1.0,GREEN@L[-1] | GREEN@L[-1] | YELLOW@L[1]
22:15:17.590,655.7,10.0,-423.2,-1.0,GREEN@L[-1] | GREEN@L[-1] | YELLOW@L[1]
22:15:17.595,655.7,10.0,-423.2,-1.0,GREEN@L[-1] | GREEN@L[-1] | YELLOW@L[1]
22:15:17.603,655.7,10.0,-423.2,-1.0,GREEN@L[-1] | GREEN@L[-1] | YELLOW@L[1]
22:15:17.609,655.7,10.0,-423.2,-1.0,GREEN@L[-1] | GREEN@L[-1] | YELLOW@L[1]
22:15:17.615,655.7,10.0,-423.2,-1.0,GREEN@L[-1] | GREEN@L[-1] | YELLOW@L[1]
22:15:17.619,655.7,10.0,-423.2,-1.0,GREEN@L[-1] | GREEN@L[-1] | YELLOW@L[1]
22:15:17.626,655.7,10.0,-423.2,-1.0,GREEN@L[-1] | GREEN@L[-1] | YELLOW@L[1]
22:15:17.631,655.7,10.0,-423.2,-1.0,GREEN@L[-1] | GREEN@L[-1] | YELLOW@L[1]
22:15:17.637,655.7,10.0,-423.2,-1.0,GREEN@L[-1] | GREEN@L[-1] | YELLOW@L[1]
22:15:17.643,655.7,10.0,-423.2,-1.0,GREEN@L[-1] | GREEN@L[-1] | YELLOW@L[1]
22:15:17.649,655.7,10.0,-423.2,-1.0,GREEN@L[-1] | GREEN@L[-1] | YELLOW@L[1]
22:15:17.655,655.7,10.0,-423.2,-1.0,GREEN@L[-1] | GREEN@L[-1] | YELLOW@L[1]
22:15:17.660,655.7,10.0,-423.2,-1.0,GREEN@L[-1] | GREEN@L[-1] | YELLOW@L[1]
22:15:17.667,655.7,10.0,-423.2,-1.0,GREEN@L[-1] | GREEN@L[-1] | YELLOW@L[1]
22:15:17.673,655.7,10.0,-423.2,-1.0,GREEN@L[-1] | GREEN@L[-1] | YELLOW@L[1]
22:15:17.680,655.7,10.0,-423.2,-1.0,GREEN@L[-1] | GREEN@L[-1] | YELLOW@L[1]
22:15:17.684,655.7,10.0,-423.2,-1.0,GREEN@L[-1] | GREEN@L[-1] | YELLOW@L[1]
22:15:17.689,655.7,10.0,-423.2,-1.0,GREEN@L[-1] | GREEN@L[-1] | YELLOW@L[1]
22:15:17.693,655.7,10.0,-423.2,-1.0,GREEN@L[-1] | GREEN@L[-1] | YELLOW@L[1]
22:15:17.699,655.7,10.0,-423.2,-1.0,GREEN@L[-1] | GREEN@L[-1] | YELLOW@L[1]
22:15:17.705,655.7,10.0,-423.2,-1.0,GREEN@L[-1] | GREEN@L[-1] | YELLOW@L[1]
22:15:17.709,655.7,10.0,-423.2,-1.0,GREEN@L[-1] | GREEN@L[-1] | YELLOW@L[1]
22:15:17.716,655.7,10.0,-423.2,-1.0,GREEN@L[-1] | GREEN@L[-1] | YELLOW@L[1]
22:15:17.721,655.7,10.0,-423.2,-1.0,GREEN@L[-1] | GREEN@L[-1] | YELLOW@L[1]
22:15:17.729,655.7,10.0,-423.2,-1.0,GREEN@L[-1] | GREEN@L[-1] | YELLOW@L[1]
22:15:17.733,655.7,10.0,-423.2,-1.0,GREEN@L[-1] | GREEN@L[-1] | YELLOW@L[1]
22:15:17.738,655.7,10.0,-423.2,-1.0,GREEN@L[-1] | GREEN@L[-1] | YELLOW@L[1]
22:15:17.745,655.7,10.0,-423.2,-1.0,GREEN@L[-1] | GREEN@L[-1] | YELLOW@L[1]
22:15:17.749,655.7,10.0,-423.2,-1.0,GREEN@L[-1] | GREEN@L[-1] | YELLOW@L[1]
22:15:17.756,655.7,10.0,-423.2,-1.0,GREEN@L[-1] | GREEN@L[-1] | YELLOW@L[1]
22:15:17.763,655.7,10.0,-423.2,-1.0,GREEN@L[-1] | GREEN@L[-1] | YELLOW@L[1]
22:15:17.768,655.7,10.0,-423.2,-1.0,GREEN@L[-1] | GREEN@L[-1] | YELLOW@L[1]
22:15:17.772,655.7,10.0,-423.2,-1.0,GREEN@L[-1] | GREEN@L[-1] | YELLOW@L[1]
22:15:17.779,655.7,10.0,-423.2,-1.0,GREEN@L[-1] | GREEN@L[-1] | YELLOW@L[1]
22:15:17.785,655.7,10.0,-423.2,-1.0,GREEN@L[-1] | GREEN@L[-1] | YELLOW@L[1]
22:15:17.789,655.7,10.0,-423.2,-1.0,GREEN@L[-1] | GREEN@L[-1] | YELLOW@L[1]
22:15:17.795,655.7,10.0,-423.2,-1.0,GREEN@L[-1] | GREEN@L[-1] | YELLOW@L[1]
22:15:17.801,655.7,10.0,-423.2,-1.0,GREEN@L[-1] | GREEN@L[-1] | YELLOW@L[1]
22:15:17.806,655.7,10.0,-423.2,-1.0,GREEN@L[-1] | GREEN@L[-1] | YELLOW@L[1]
22:15:17.813,655.7,10.0,-423.2,-1.0,GREEN@L[-1] | GREEN@L[-1] | YELLOW@L[1]
22:15:17.817,655.7,10.0,-423.2,-1.0,GREEN@L[-1] | GREEN@L[-1] | YELLOW@L[1]
22:15:17.823,655.7,10.0,-423.2,-1.0,GREEN@L[-1] | GREEN@L[-1] | YELLOW@L[1]
22:15:17.830,655.7,10.0,-423.2,-1.0,GREEN@L[-1] | GREEN@L[-1] | YELLOW@L[1]
22:15:17.834,655.7,10.0,-423.2,-1.0,GREEN@L[-1] | GREEN@L[-1] | YELLOW@L[1]
22:15:17.839,655.7,10.0,-423.2,-1.0,GREEN@L[-1] | GREEN@L[-1] | YELLOW@L[1]
22:15:17.845,655.7,10.0,-423.2,-1.0,GREEN@L[-1] | GREEN@L[-1] | YELLOW@L[1]
22:15:17.850,655.7,10.0,-423.2,-1.0,GREEN@L[-1] | GREEN@L[-1] | YELLOW@L[1]
22:15:17.856,655.7,10.0,-423.2,-1.0,GREEN@L[-1] | GREEN@L[-1] | YELLOW@L[1]
22:15:17.863,655.7,10.0,-423.2,-1.0,GREEN@L[-1] | GREEN@L[-1] | YELLOW@L[1]
22:15:17.868,655.7,10.0,-423.2,-1.0,GREEN@L[-1] | GREEN@L[-1] | YELLOW@L[1]
22:15:17.873,655.7,10.0,-423.2,-1.0,GREEN@L[-1] | GREEN@L[-1] | YELLOW@L[1]
22:15:17.880,655.7,10.0,-423.2,-1.0,GREEN@L[-1] | GREEN@L[-1] | YELLOW@L[1]
22:15:17.885,655.7,10.0,-423.2,-1.0,GREEN@L[-1] | GREEN@L[-1] | YELLOW@L[1]
22:15:17.891,655.7,10.0,-423.2,-1.0,GREEN@L[-1] | GREEN@L[-1] | YELLOW@L[1]
22:15:17.897,655.7,10.0,-423.2,-1.0,GREEN@L[-1] | GREEN@L[-1] | YELLOW@L[1]
22:15:17.903,655.7,10.0,-423.2,-1.0,GREEN@L[-1] | GREEN@L[-1] | YELLOW@L[1]
22:15:17.907,655.7,10.0,-423.2,-1.0,GREEN@L[-1] | GREEN@L[-1] | YELLOW@L[1]
22:15:17.913,655.7,10.0,-423.2,-1.0,GREEN@L[-1] | GREEN@L[-1] | YELLOW@L[1]
22:15:17.920,655.7,10.0,-423.2,-1.0,GREEN@L[-1] | GREEN@L[-1] | YELLOW@L[1]
22:15:17.924,655.7,10.0,-423.2,-1.0,GREEN@L[-1] | GREEN@L[-1] | YELLOW@L[1]
22:15:17.930,655.7,10.0,-423.2,-1.0,GREEN@L[-1] | GREEN@L[-1] | YELLOW@L[1]
22:15:17.934,655.7,10.0,-423.2,-1.0,GREEN@L[-1] | GREEN@L[-1] | YELLOW@L[1]
22:15:17.942,655.7,10.0,-423.2,-1.0,GREEN@L[-1] | GREEN@L[-1] | YELLOW@L[1]
22:15:17.946,655.7,10.0,-423.2,-1.0,GREEN@L[-1] | GREEN@L[-1] | YELLOW@L[1]
22:15:17.950,655.7,10.0,-423.2,-1.0,GREEN@L[-1] | GREEN@L[-1] | YELLOW@L[1]
22:15:17.958,655.7,10.0,-423.2,-1.0,GREEN@L[-1] | GREEN@L[-1] | YELLOW@L[1]
22:15:17.964,655.7,10.0,-423.2,-1.0,GREEN@L[-1] | GREEN@L[-1] | YELLOW@L[1]
22:15:17.969,655.7,10.0,-423.2,-1.0,GREEN@L[-1] | GREEN@L[-1] | YELLOW@L[1]
22:15:17.973,655.7,10.0,-423.2,-1.0,GREEN@L[-1] | GREEN@L[-1] | YELLOW@L[1]
22:15:17.978,655.7,10.0,-423.2,-1.0,GREEN@L[-1] | GREEN@L[-1] | YELLOW@L[1]
22:15:17.985,655.7,10.0,-423.2,-1.0,GREEN@L[-1] | GREEN@L[-1] | YELLOW@L[1]
22:15:17.990,655.7,10.0,-423.2,-1.0,GREEN@L[-1] | GREEN@L[-1] | YELLOW@L[1]
22:15:17.998,655.7,10.0,-423.2,-1.0,GREEN@L[-1] | GREEN@L[-1] | YELLOW@L[1]
22:15:18.003,655.7,10.0,-423.2,-1.0,GREEN@L[-1] | GREEN@L[-1] | YELLOW@L[1]
22:15:18.009,655.7,10.0,-423.2,-1.0,GREEN@L[-1] | GREEN@L[-1] | YELLOW@L[1]
22:15:18.012,655.7,10.0,-423.2,-1.0,GREEN@L[-1] | GREEN@L[-1] | YELLOW@L[1]
22:15:18.018,655.7,10.0,-423.2,-1.0,GREEN@L[-1] | GREEN@L[-1] | YELLOW@L[1]
22:15:18.024,655.7,10.0,-423.2,-1.0,GREEN@L[-1] | GREEN@L[-1] | YELLOW@L[1]
22:15:18.031,655.7,10.0,-423.2,-1.0,GREEN@L[-1] | GREEN@L[-1] | YELLOW@L[1]
22:15:18.036,655.7,10.0,-423.2,-1.0,GREEN@L[-1] | GREEN@L[-1] | YELLOW@L[1]
22:15:18.042,655.7,10.0,-423.2,-1.0,GREEN@L[-1] | GREEN@L[-1] | YELLOW@L[1]
22:15:18.046,655.7,10.0,-423.2,-1.0,GREEN@L[-1] | GREEN@L[-1] | YELLOW@L[1]
22:15:18.053,655.7,10.0,-423.2,-1.0,GREEN@L[-1] | GREEN@L[-1] | YELLOW@L[1]
22:15:18.061,655.7,10.0,-423.2,-1.0,GREEN@L[-1] | GREEN@L[-1] | YELLOW@L[1]
22:15:18.066,655.7,10.0,-423.2,-1.0,GREEN@L[-1] | GREEN@L[-1] | YELLOW@L[1]
22:15:18.073,655.7,10.0,-423.2,-1.0,GREEN@L[-1] | GREEN@L[-1] | YELLOW@L[1]
22:15:18.078,655.7,10.0,-423.2,-1.0,GREEN@L[-1] | GREEN@L[-1] | YELLOW@L[1]
22:15:18.081,655.7,10.0,-423.2,-1.0,GREEN@L[-1] | GREEN@L[-1] | YELLOW@L[1]
22:15:18.088,655.7,10.0,-423.2,-1.0,GREEN@L[-1] | GREEN@L[-1] | YELLOW@L[1]
22:15:18.095,655.7,10.0,-423.2,-1.0,GREEN@L[-1] | GREEN@L[-1] | YELLOW@L[1]
22:15:18.099,655.7,10.0,-423.2,-1.0,GREEN@L[-1] | GREEN@L[-1] | YELLOW@L[1]
22:15:18.109,655.7,10.0,-423.2,-1.0,GREEN@L[-1] | GREEN@L[-1] | YELLOW@L[1]
22:15:18.113,655.7,10.0,-423.2,-1.0,GREEN@L[-1] | GREEN@L[-1] | YELLOW@L[1]
22:15:18.118,655.7,10.0,-423.2,-1.0,GREEN@L[-1] | GREEN@L[-1] | YELLOW@L[1]
22:15:18.125,655.7,10.0,-423.2,-1.0,GREEN@L[-1] | GREEN@L[-1] | YELLOW@L[1]
22:15:18.129,655.7,10.0,-423.2,-1.0,GREEN@L[-1] | GREEN@L[-1] | YELLOW@L[1]
22:15:18.136,655.7,10.0,-423.2,-1.0,GREEN@L[-1] | GREEN@L[-1] | YELLOW@L[1]
22:15:18.141,655.7,10.0,-423.2,-1.0,GREEN@L[-1] | GREEN@L[-1] | YELLOW@L[1]
22:15:18.146,655.7,10.0,-423.2,-1.0,GREEN@L[-1] | GREEN@L[-1] | YELLOW@L[1]
22:15:18.152,655.7,10.0,-423.2,-1.0,GREEN@L[-1] | GREEN@L[-1] | YELLOW@L[1]
22:15:18.158,655.7,10.0,-423.2,-1.0,GREEN@L[-1] | GREEN@L[-1] | YELLOW@L[1]
22:15:18.163,655.7,10.0,-423.2,-1.0,GREEN@L[-1] | GREEN@L[-1] | YELLOW@L[1]
22:15:18.171,655.7,10.0,-423.2,-1.0,GREEN@L[-1] | GREEN@L[-1] | YELLOW@L[1]
22:15:18.176,655.7,10.0,-423.2,-1.0,GREEN@L[-1] | GREEN@L[-1] | YELLOW@L[1]
22:15:18.181,655.7,10.0,-423.2,-1.0,GREEN@L[-1] | GREEN@L[-1] | YELLOW@L[1]
22:15:18.185,655.7,10.0,-423.2,-1.0,GREEN@L[-1] | GREEN@L[-1] | YELLOW@L[1]
22:15:18.192,655.7,10.0,-423.2,-1.0,GREEN@L[-1] | GREEN@L[-1] | YELLOW@L[1]
22:15:18.197,655.7,10.0,-423.2,-1.0,GREEN@L[-1] | GREEN@L[-1] | YELLOW@L[1]
22:15:18.204,655.7,10.0,-423.2,-1.0,GREEN@L[-1] | GREEN@L[-1] | YELLOW@L[1]
22:15:18.210,655.7,10.0,-423.2,-1.0,GREEN@L[-1] | GREEN@L[-1] | YELLOW@L[1]
22:15:18.214,655.7,10.0,-423.2,-1.0,GREEN@L[-1] | GREEN@L[-1] | YELLOW@L[1]
22:15:18.219,655.7,10.0,-423.2,-1.0,GREEN@L[-1] | GREEN@L[-1] | YELLOW@L[1]
22:15:18.227,655.7,10.0,-423.2,-1.0,GREEN@L[-1] | GREEN@L[-1] | YELLOW@L[1]
22:15:18.231,655.7,10.0,-423.2,-1.0,GREEN@L[-1] | GREEN@L[-1] | YELLOW@L[1]
22:15:18.237,655.7,10.0,-423.2,-1.0,GREEN@L[-1] | GREEN@L[-1] | YELLOW@L[1]
22:15:18.243,655.7,10.0,-423.2,-1.0,GREEN@L[-1] | GREEN@L[-1] | YELLOW@L[1]
22:15:18.249,655.7,10.0,-423.2,-1.0,GREEN@L[-1] | GREEN@L[-1] | YELLOW@L[1]
22:15:18.254,655.7,10.0,-423.2,-1.0,GREEN@L[-1] | GREEN@L[-1] | YELLOW@L[1]
22:15:18.260,655.7,10.0,-423.2,-1.0,GREEN@L[-1] | GREEN@L[-1] | YELLOW@L[1]
22:15:18.264,655.7,10.0,-423.2,-1.0,GREEN@L[-1] | GREEN@L[-1] | YELLOW@L[1]
22:15:18.271,655.7,10.0,-423.2,-1.0,GREEN@L[-1] | GREEN@L[-1] | YELLOW@L[1]
22:15:18.277,655.7,10.0,-423.2,-1.0,GREEN@L[-1] | GREEN@L[-1] | YELLOW@L[1]
22:15:18.283,655.7,10.0,-423.2,-1.0,GREEN@L[-1] | GREEN@L[-1] | YELLOW@L[1]
22:15:18.288,655.7,10.0,-423.2,-1.0,GREEN@L[-1] | GREEN@L[-1] | YELLOW@L[1]
22:15:18.294,655.7,10.0,-423.2,-1.0,GREEN@L[-1] | GREEN@L[-1] | YELLOW@L[1]
22:15:18.298,655.7,10.0,-423.2,-1.0,GREEN@L[-1] | GREEN@L[-1] | YELLOW@L[1]
22:15:18.305,655.7,10.0,-423.2,-1.0,GREEN@L[-1] | GREEN@L[-1] | YELLOW@L[1]
22:15:18.311,655.7,10.0,-423.2,-1.0,GREEN@L[-1] | GREEN@L[-1] | YELLOW@L[1]
22:15:18.317,655.7,10.0,-423.2,-1.0,GREEN@L[-1] | GREEN@L[-1] | YELLOW@L[1]
22:15:18.323,655.7,10.0,-423.2,-1.0,GREEN@L[-1] | GREEN@L[-1] | YELLOW@L[1]
22:15:18.328,655.7,10.0,-423.2,-1.0,GREEN@L[-1] | GREEN@L[-1] | YELLOW@L[1]
22:15:18.333,655.7,10.0,-423.2,-1.0,GREEN@L[-1] | GREEN@L[-1] | YELLOW@L[1]
22:15:18.339,655.7,10.0,-423.2,-1.0,GREEN@L[-1] | GREEN@L[-1] | YELLOW@L[1]
22:15:18.346,655.7,10.0,-423.2,-1.0,GREEN@L[-1] | GREEN@L[-1] | YELLOW@L[1]
22:15:18.351,655.7,10.0,-423.2,-1.0,GREEN@L[-1] | GREEN@L[-1] | YELLOW@L[1]
22:15:18.357,655.7,10.0,-423.2,-1.0,GREEN@L[-1] | GREEN@L[-1] | YELLOW@L[1]
22:15:18.362,655.7,10.0,-423.2,-1.0,GREEN@L[-1] | GREEN@L[-1] | YELLOW@L[1]
22:15:18.369,655.7,10.0,-423.2,-1.0,GREEN@L[-1] | GREEN@L[-1] | YELLOW@L[1]
22:15:18.374,655.7,10.0,-423.2,-1.0,GREEN@L[-1] | GREEN@L[-1] | YELLOW@L[1]
22:15:18.380,655.7,10.0,-423.2,-1.0,GREEN@L[-1] | GREEN@L[-1] | YELLOW@L[1]
22:15:18.385,655.7,10.0,-423.2,-1.0,GREEN@L[-1] | GREEN@L[-1] | YELLOW@L[1]
22:15:18.392,655.7,10.0,-423.2,-1.0,GREEN@L[-1] | GREEN@L[-1] | YELLOW@L[1]
22:15:18.398,655.7,10.0,-423.2,-1.0,GREEN@L[-1] | GREEN@L[-1] | YELLOW@L[1]
22:15:18.404,655.7,10.0,-423.2,-1.0,GREEN@L[-1] | GREEN@L[-1] | YELLOW@L[1]
22:15:18.408,655.7,10.0,-423.2,-1.0,GREEN@L[-1] | GREEN@L[-1] | YELLOW@L[1]
22:15:18.414,655.7,10.0,-423.2,-1.0,GREEN@L[-1] | GREEN@L[-1] | YELLOW@L[1]
22:15:18.420,655.7,10.0,-423.2,-1.0,GREEN@L[-1] | GREEN@L[-1] | YELLOW@L[1]
22:15:18.426,655.7,10.0,-423.2,-1.0,GREEN@L[-1] | GREEN@L[-1] | YELLOW@L[1]
22:15:18.434,655.7,10.0,-423.2,-1.0,GREEN@L[-1] | GREEN@L[-1] | YELLOW@L[1]
22:15:18.438,655.7,10.0,-423.2,-1.0,GREEN@L[-1] | GREEN@L[-1] | YELLOW@L[1]
22:15:18.444,655.7,10.0,-423.2,-1.0,GREEN@L[-1] | GREEN@L[-1] | YELLOW@L[1]
22:15:18.451,655.7,10.0,-423.2,-1.0,GREEN@L[-1] | GREEN@L[-1] | YELLOW@L[1]
22:15:18.456,655.7,10.0,-423.2,-1.0,GREEN@L[-1] | GREEN@L[-1] | YELLOW@L[1]
22:15:18.464,655.7,10.0,-423.2,-1.0,GREEN@L[-1] | GREEN@L[-1] | YELLOW@L[1]
22:15:18.469,655.7,10.0,-423.2,-1.0,GREEN@L[-1] | GREEN@L[-1] | YELLOW@L[1]
22:15:18.475,655.7,10.0,-423.2,-1.0,GREEN@L[-1] | GREEN@L[-1] | YELLOW@L[1]
22:15:18.481,655.7,10.0,-423.2,-1.0,GREEN@L[-1] | GREEN@L[-1] | YELLOW@L[1]
22:15:18.487,655.7,10.0,-423.2,-1.0,GREEN@L[-1] | GREEN@L[-1] | YELLOW@L[1]
22:15:18.492,655.7,10.0,-423.2,-1.0,GREEN@L[-1] | GREEN@L[-1] | YELLOW@L[1]
22:15:18.502,655.7,10.0,-423.2,-1.0,GREEN@L[-1] | GREEN@L[-1] | YELLOW@L[1]
22:15:18.507,655.7,10.0,-423.2,-1.0,GREEN@L[-1] | GREEN@L[-1] | YELLOW@L[1]
22:15:18.514,655.7,10.0,-423.2,-1.0,GREEN@L[-1] | GREEN@L[-1] | YELLOW@L[1]
22:15:18.520,655.7,10.0,-423.2,-1.0,GREEN@L[-1] | GREEN@L[-1] | YELLOW@L[1]
22:15:18.525,655.7,10.0,-423.2,-1.0,GREEN@L[-1] | GREEN@L[-1] | YELLOW@L[1]
22:15:18.531,655.7,10.0,-423.2,-1.0,GREEN@L[-1] | GREEN@L[-1] | YELLOW@L[1]
22:15:18.535,655.7,10.0,-423.2,-1.0,GREEN@L[-1] | GREEN@L[-1] | YELLOW@L[1]
22:15:18.541,655.7,10.0,-423.2,-1.0,GREEN@L[-1] | GREEN@L[-1] | YELLOW@L[1]
22:15:18.549,655.7,10.0,-423.2,-1.0,GREEN@L[-1] | GREEN@L[-1] | YELLOW@L[1]
22:15:18.554,655.7,10.0,-423.2,-1.0,GREEN@L[-1] | GREEN@L[-1] | YELLOW@L[1]
22:15:18.565,655.7,10.0,-423.2,-1.0,GREEN@L[-1] | GREEN@L[-1] | YELLOW@L[1]
22:15:18.572,655.7,10.0,-423.2,-1.0,GREEN@L[-1] | GREEN@L[-1] | YELLOW@L[1]
22:15:18.577,655.7,10.0,-423.2,-1.0,GREEN@L[-1] | GREEN@L[-1] | YELLOW@L[1]
22:15:18.582,655.7,10.0,-423.2,-1.0,GREEN@L[-1] | GREEN@L[-1] | YELLOW@L[1]
22:15:18.587,655.7,10.0,-423.2,-1.0,GREEN@L[-1] | GREEN@L[-1] | YELLOW@L[1]
22:15:18.593,655.7,10.0,-423.2,-1.0,GREEN@L[-1] | GREEN@L[-1] | YELLOW@L[1]
22:15:18.598,655.7,10.0,-423.2,-1.0,GREEN@L[-1] | GREEN@L[-1] | YELLOW@L[1]
22:15:18.604,655.7,10.0,-423.2,-1.0,GREEN@L[-1] | GREEN@L[-1] | YELLOW@L[1]
22:15:18.609,655.7,10.0,-423.2,-1.0,GREEN@L[-1] | GREEN@L[-1] | YELLOW@L[1]
22:15:18.614,655.7,10.0,-423.2,-1.0,GREEN@L[-1] | GREEN@L[-1] | YELLOW@L[1]
22:15:18.621,655.7,10.0,-423.2,-1.0,GREEN@L[-1] | GREEN@L[-1] | YELLOW@L[1]
22:15:18.626,655.7,10.0,-423.2,-1.0,GREEN@L[-1] | GREEN@L[-1] | YELLOW@L[1]
22:15:18.632,655.7,10.0,-423.2,-1.0,GREEN@L[-1] | GREEN@L[-1] | YELLOW@L[1]
22:15:18.638,655.7,10.0,-423.2,-1.0,GREEN@L[-1] | GREEN@L[-1] | YELLOW@L[1]
22:15:18.644,655.7,10.0,-423.2,-1.0,GREEN@L[-1] | GREEN@L[-1] | YELLOW@L[1]
22:15:18.649,655.7,10.0,-423.2,-1.0,GREEN@L[-1] | GREEN@L[-1] | YELLOW@L[1]
22:15:18.656,655.7,10.0,-423.2,-1.0,GREEN@L[-1] | GREEN@L[-1] | YELLOW@L[1]
22:15:18.662,655.7,10.0,-423.2,-1.0,GREEN@L[-1] | GREEN@L[-1] | YELLOW@L[1]
22:15:18.668,655.7,10.0,-423.2,-1.0,GREEN@L[-1] | GREEN@L[-1] | YELLOW@L[1]
22:15:18.674,655.7,10.0,-423.2,-1.0,GREEN@L[-1] | GREEN@L[-1] | YELLOW@L[1]
22:15:18.679,655.7,10.0,-423.2,-1.0,GREEN@L[-1] | GREEN@L[-1] | YELLOW@L[1]
22:15:18.685,655.7,10.0,-423.2,-1.0,GREEN@L[-1] | GREEN@L[-1] | YELLOW@L[1]
22:15:18.692,655.7,10.0,-423.2,-1.0,GREEN@L[-1] | GREEN@L[-1] | YELLOW@L[1]
22:15:18.697,655.7,10.0,-423.2,-1.0,GREEN@L[-1] | GREEN@L[-1] | YELLOW@L[1]
22:15:18.704,655.7,10.0,-423.2,-1.0,GREEN@L[-1] | GREEN@L[-1] | YELLOW@L[1]
22:15:18.709,655.7,10.0,-423.2,-1.0,GREEN@L[-1] | GREEN@L[-1] | YELLOW@L[1]
22:15:18.714,655.7,10.0,-423.2,-1.0,GREEN@L[-1] | GREEN@L[-1] | YELLOW@L[1]
22:15:18.725,655.7,10.0,-423.2,-1.0,GREEN@L[-1] | GREEN@L[-1] | YELLOW@L[1]
22:15:18.731,655.7,10.0,-423.2,-1.0,GREEN@L[-1] | GREEN@L[-1] | YELLOW@L[1]
22:15:18.736,655.7,10.0,-423.2,-1.0,GREEN@L[-1] | GREEN@L[-1] | YELLOW@L[1]
22:15:18.741,655.7,10.0,-423.2,-1.0,GREEN@L[-1] | GREEN@L[-1] | YELLOW@L[1]
22:15:18.747,655.7,10.0,-423.2,-1.0,GREEN@L[-1] | GREEN@L[-1] | YELLOW@L[1]
22:15:18.752,655.7,10.0,-423.2,-1.0,GREEN@L[-1] | GREEN@L[-1] | YELLOW@L[1]
22:15:18.758,655.7,10.0,-423.2,-1.0,GREEN@L[-1] | GREEN@L[-1] | YELLOW@L[1]
22:15:18.764,655.7,10.0,-423.2,-1.0,GREEN@L[-1] | GREEN@L[-1] | YELLOW@L[1]
22:15:18.770,655.7,10.0,-423.2,-1.0,GREEN@L[-1] | GREEN@L[-1] | YELLOW@L[1]
22:15:18.775,655.7,10.0,-423.2,-1.0,GREEN@L[-1] | GREEN@L[-1] | YELLOW@L[1]
22:15:18.782,655.7,10.0,-423.2,-1.0,GREEN@L[-1] | GREEN@L[-1] | YELLOW@L[1]
22:15:18.787,655.7,10.0,-423.2,-1.0,GREEN@L[-1] | GREEN@L[-1] | YELLOW@L[1]
22:15:18.794,655.7,10.0,-423.2,-1.0,GREEN@L[-1] | GREEN@L[-1] | YELLOW@L[1]
22:15:18.798,655.7,10.0,-423.2,-1.0,GREEN@L[-1] | GREEN@L[-1] | YELLOW@L[1]
22:15:18.803,655.7,10.0,-423.2,-1.0,GREEN@L[-1] | GREEN@L[-1] | YELLOW@L[1]
22:15:18.808,655.7,10.0,-423.2,-1.0,GREEN@L[-1] | GREEN@L[-1] | YELLOW@L[1]
22:15:18.814,655.7,10.0,-423.2,-1.0,GREEN@L[-1] | GREEN@L[-1] | YELLOW@L[1]
22:15:18.819,655.7,10.0,-423.2,-1.0,GREEN@L[-1] | GREEN@L[-1] | YELLOW@L[1]
22:15:18.826,655.7,10.0,-423.2,-1.0,GREEN@L[-1] | GREEN@L[-1] | YELLOW@L[1]
22:15:18.831,655.7,10.0,-423.2,-1.0,GREEN@L[-1] | GREEN@L[-1] | YELLOW@L[1]
22:15:18.837,655.7,10.0,-423.2,-1.0,GREEN@L[-1] | GREEN@L[-1] | YELLOW@L[1]
22:15:18.842,655.7,10.0,-423.2,-1.0,GREEN@L[-1] | GREEN@L[-1] | YELLOW@L[1]
22:15:18.849,655.7,10.0,-423.2,-1.0,GREEN@L[-1] | GREEN@L[-1] | YELLOW@L[1]
22:15:18.855,655.7,10.0,-423.2,-1.0,GREEN@L[-1] | GREEN@L[-1] | YELLOW@L[1]
22:15:18.860,655.7,10.0,-423.2,-1.0,GREEN@L[-1] | GREEN@L[-1] | YELLOW@L[1]
22:15:18.865,655.7,10.0,-423.2,-1.0,GREEN@L[-1] | GREEN@L[-1] | YELLOW@L[1]
22:15:18.871,655.7,10.0,-423.2,-1.0,GREEN@L[-1] | GREEN@L[-1] | YELLOW@L[1]
22:15:18.877,655.7,10.0,-423.2,-1.0,GREEN@L[-1] | GREEN@L[-1] | YELLOW@L[1]
22:15:18.883,655.7,10.0,-423.2,-1.0,GREEN@L[-1] | GREEN@L[-1] | YELLOW@L[1]
22:15:18.888,655.7,10.0,-423.2,-1.0,GREEN@L[-1] | GREEN@L[-1] | YELLOW@L[1]
22:15:18.894,655.7,10.0,-423.2,-1.0,GREEN@L[-1] | GREEN@L[-1] | YELLOW@L[1]
22:15:18.901,655.7,10.0,-423.2,-1.0,GREEN@L[-1] | GREEN@L[-1] | YELLOW@L[1]
22:15:18.906,655.7,10.0,-423.2,-1.0,GREEN@L[-1] | GREEN@L[-1] | YELLOW@L[1]
22:15:18.912,655.7,10.0,-423.2,-1.0,GREEN@L[-1] | GREEN@L[-1] | YELLOW@L[1]
22:15:18.918,655.7,10.0,-423.2,-1.0,GREEN@L[-1] | GREEN@L[-1] | YELLOW@L[1]
22:15:18.924,655.7,10.0,-423.2,-1.0,GREEN@L[-1] | GREEN@L[-1] | YELLOW@L[1]
22:15:18.929,655.7,10.0,-423.2,-1.0,GREEN@L[-1] | GREEN@L[-1] | YELLOW@L[1]
22:15:18.937,655.7,10.0,-423.2,-1.0,GREEN@L[-1] | GREEN@L[-1] | YELLOW@L[1]
22:15:18.942,655.7,10.0,-423.2,-1.0,GREEN@L[-1] | GREEN@L[-1] | YELLOW@L[1]
22:15:18.951,655.7,10.0,-423.2,-1.0,GREEN@L[-1] | GREEN@L[-1] | YELLOW@L[1]
22:15:18.956,655.7,10.0,-423.2,-1.0,GREEN@L[-1] | GREEN@L[-1] | YELLOW@L[1]
22:15:18.961,655.7,10.0,-423.2,-1.0,GREEN@L[-1] | GREEN@L[-1] | YELLOW@L[1]
22:15:18.966,655.7,10.0,-423.2,-1.0,GREEN@L[-1] | GREEN@L[-1] | YELLOW@L[1]
22:15:18.973,655.7,10.0,-423.2,-1.0,GREEN@L[-1] | GREEN@L[-1] | YELLOW@L[1]
22:15:18.980,655.7,10.0,-423.2,-1.0,GREEN@L[-1] | GREEN@L[-1] | YELLOW@L[1]
22:15:18.985,655.7,10.0,-423.2,-1.0,GREEN@L[-1] | GREEN@L[-1] | YELLOW@L[1]
22:15:18.991,655.7,10.0,-423.2,-1.0,GREEN@L[-1] | GREEN@L[-1] | YELLOW@L[1]
22:15:18.997,655.7,10.0,-423.2,-1.0,GREEN@L[-1] | GREEN@L[-1] | YELLOW@L[1]
22:15:19.003,655.7,10.0,-423.2,-1.0,GREEN@L[-1] | GREEN@L[-1] | YELLOW@L[1]
22:15:19.008,655.7,10.0,-423.2,-1.0,GREEN@L[-1] | GREEN@L[-1] | YELLOW@L[1]
22:15:19.013,655.7,10.0,-423.2,-1.0,GREEN@L[-1] | GREEN@L[-1] | YELLOW@L[1]
22:15:19.018,655.7,10.0,-423.2,-1.0,GREEN@L[-1] | GREEN@L[-1] | YELLOW@L[1]
22:15:19.024,655.7,10.0,-423.2,-1.0,GREEN@L[-1] | GREEN@L[-1] | YELLOW@L[1]
22:15:19.030,655.7,10.0,-423.2,-1.0,GREEN@L[-1] | GREEN@L[-1] | YELLOW@L[1]
22:15:19.036,655.7,10.0,-423.2,-1.0,GREEN@L[-1] | GREEN@L[-1] | YELLOW@L[1]
22:15:19.042,655.7,10.0,-423.2,-1.0,GREEN@L[-1] | GREEN@L[-1] | YELLOW@L[1]
22:15:19.048,655.7,10.0,-423.2,-1.0,GREEN@L[-1] | GREEN@L[-1] | YELLOW@L[1]
22:15:19.054,655.7,10.0,-423.2,-1.0,GREEN@L[-1] | GREEN@L[-1] | YELLOW@L[1]
22:15:19.060,655.7,10.0,-423.2,-1.0,GREEN@L[-1] | GREEN@L[-1] | YELLOW@L[1]
22:15:19.066,655.7,10.0,-423.2,-1.0,GREEN@L[-1] | GREEN@L[-1] | YELLOW@L[1]
22:15:19.071,655.7,10.0,-423.2,-1.0,GREEN@L[-1] | GREEN@L[-1] | YELLOW@L[1]
22:15:19.075,655.7,10.0,-423.2,-1.0,GREEN@L[-1] | GREEN@L[-1] | YELLOW@L[1]
22:15:19.080,655.7,10.0,-423.2,-1.0,GREEN@L[-1] | GREEN@L[-1] | YELLOW@L[1]
22:15:19.087,655.7,10.0,-423.2,-1.0,GREEN@L[-1] | GREEN@L[-1] | YELLOW@L[1]
22:15:19.092,655.7,10.0,-423.2,-1.0,GREEN@L[-1] | GREEN@L[-1] | YELLOW@L[1]
22:15:19.098,655.7,10.0,-423.2,-1.0,GREEN@L[-1] | GREEN@L[-1] | YELLOW@L[1]
22:15:19.104,655.7,10.0,-423.2,-1.0,GREEN@L[-1] | GREEN@L[-1] | YELLOW@L[1]
22:15:19.111,655.7,10.0,-423.2,-1.0,GREEN@L[-1] | GREEN@L[-1] | YELLOW@L[1]
22:15:19.116,655.7,10.0,-423.2,-1.0,GREEN@L[-1] | GREEN@L[-1] | YELLOW@L[1]
22:15:19.123,655.7,10.0,-423.2,-1.0,GREEN@L[-1] | GREEN@L[-1] | YELLOW@L[1]
22:15:19.128,655.7,10.0,-423.2,-1.0,GREEN@L[-1] | GREEN@L[-1] | YELLOW@L[1]
22:15:19.137,655.7,10.0,-423.2,-1.0,GREEN@L[-1] | GREEN@L[-1] | YELLOW@L[1]
22:15:19.143,655.7,10.0,-423.2,-1.0,GREEN@L[-1] | GREEN@L[-1] | YELLOW@L[1]
22:15:19.147,655.7,10.0,-423.2,-1.0,GREEN@L[-1] | GREEN@L[-1] | YELLOW@L[1]
22:15:19.153,655.7,10.0,-423.2,-1.0,GREEN@L[-1] | GREEN@L[-1] | YELLOW@L[1]
22:15:19.160,655.7,10.0,-423.2,-1.0,GREEN@L[-1] | GREEN@L[-1] | YELLOW@L[1]
22:15:19.166,655.7,10.0,-423.2,-1.0,GREEN@L[-1] | GREEN@L[-1] | YELLOW@L[1]
22:15:19.171,655.7,10.0,-423.2,-1.0,GREEN@L[-1] | GREEN@L[-1] | YELLOW@L[1]
22:15:19.177,655.7,10.0,-423.2,-1.0,GREEN@L[-1] | GREEN@L[-1] | YELLOW@L[1]
22:15:19.182,655.7,10.0,-423.2,-1.0,GREEN@L[-1] | GREEN@L[-1] | YELLOW@L[1]
22:15:19.187,655.7,10.0,-423.2,-1.0,GREEN@L[-1] | GREEN@L[-1] | YELLOW@L[1]
22:15:19.194,655.7,10.0,-423.2,-1.0,GREEN@L[-1] | GREEN@L[-1] | YELLOW@L[1]
22:15:19.200,655.7,10.0,-423.2,-1.0,GREEN@L[-1] | GREEN@L[-1] | YELLOW@L[1]
22:15:19.204,655.7,10.0,-423.2,-1.0,GREEN@L[-1] | GREEN@L[-1] | YELLOW@L[1]
22:15:19.211,655.7,10.0,-423.2,-1.0,GREEN@L[-1] | GREEN@L[-1] | YELLOW@L[1]
22:15:19.217,655.7,10.0,-423.2,-1.0,GREEN@L[-1] | GREEN@L[-1] | YELLOW@L[1]
22:15:19.221,655.7,10.0,-423.2,-1.0,GREEN@L[-1] | GREEN@L[-1] | YELLOW@L[1]
22:15:19.227,655.7,10.0,-423.2,-1.0,GREEN@L[-1] | GREEN@L[-1] | YELLOW@L[1]
22:15:19.233,655.7,10.0,-423.2,-1.0,GREEN@L[-1] | GREEN@L[-1] | YELLOW@L[1]
22:15:19.238,655.7,10.0,-423.2,-1.0,GREEN@L[-1] | GREEN@L[-1] | YELLOW@L[1]
22:15:19.256,655.7,10.0,-423.2,-1.0,GREEN@L[-1] | GREEN@L[-1] | YELLOW@L[1]
22:15:19.262,655.7,10.0,-423.2,-1.0,GREEN@L[-1] | GREEN@L[-1] | YELLOW@L[1]
22:15:19.268,655.7,10.0,-423.2,-1.0,GREEN@L[-1] | GREEN@L[-1] | YELLOW@L[1]
22:15:19.275,655.7,10.0,-423.2,-1.0,GREEN@L[-1] | GREEN@L[-1] | YELLOW@L[1]
22:15:19.281,655.7,10.0,-423.2,-1.0,GREEN@L[-1] | GREEN@L[-1] | YELLOW@L[1]
22:15:19.286,655.7,10.0,-423.2,-1.0,GREEN@L[-1] | GREEN@L[-1] | YELLOW@L[1]
22:15:19.293,655.7,10.0,-423.2,-1.0,GREEN@L[-1] | GREEN@L[-1] | YELLOW@L[1]
22:15:19.298,655.7,10.0,-423.2,-1.0,GREEN@L[-1] | GREEN@L[-1] | YELLOW@L[1]
22:15:19.303,655.7,10.0,-423.2,-1.0,GREEN@L[-1] | GREEN@L[-1] | YELLOW@L[1]
22:15:19.310,655.7,10.0,-423.2,-1.0,GREEN@L[-1] | GREEN@L[-1] | YELLOW@L[1]
22:15:19.317,655.7,10.0,-423.2,-1.0,GREEN@L[-1] | GREEN@L[-1] | YELLOW@L[1]
22:15:19.324,655.7,10.0,-423.2,-1.0,GREEN@L[-1] | GREEN@L[-1] | YELLOW@L[1]
22:15:19.330,655.7,10.0,-423.2,-1.0,GREEN@L[-1] | GREEN@L[-1] | YELLOW@L[1]
22:15:19.334,655.7,10.0,-423.2,-1.0,GREEN@L[-1] | GREEN@L[-1] | YELLOW@L[1]
22:15:19.340,655.7,10.0,-423.2,-1.0,GREEN@L[-1] | GREEN@L[-1] | YELLOW@L[1]
22:15:19.344,655.7,10.0,-423.2,-1.0,GREEN@L[-1] | GREEN@L[-1] | YELLOW@L[1]
22:15:19.350,655.7,10.0,-423.2,-1.0,GREEN@L[-1] | GREEN@L[-1] | YELLOW@L[1]
22:15:19.355,655.7,10.0,-423.2,-1.0,GREEN@L[-1] | GREEN@L[-1] | YELLOW@L[1]
22:15:19.361,655.7,10.0,-423.2,-1.0,GREEN@L[-1] | GREEN@L[-1] | YELLOW@L[1]
22:15:19.368,655.7,10.0,-423.2,-1.0,GREEN@L[-1] | GREEN@L[-1] | YELLOW@L[1]
22:15:19.374,655.7,10.0,-423.2,-1.0,GREEN@L[-1] | GREEN@L[-1] | YELLOW@L[1]
22:15:19.379,655.7,10.0,-423.2,-1.0,GREEN@L[-1] | GREEN@L[-1] | YELLOW@L[1]
22:15:19.385,655.7,10.0,-423.2,-1.0,GREEN@L[-1] | GREEN@L[-1] | YELLOW@L[1]
22:15:19.393,655.7,10.0,-423.2,-1.0,GREEN@L[-1] | GREEN@L[-1] | YELLOW@L[1]
22:15:19.398,655.7,10.0,-423.2,-1.0,GREEN@L[-1] | GREEN@L[-1] | YELLOW@L[1]
22:15:19.404,655.7,10.0,-423.2,-1.0,GREEN@L[-1] | GREEN@L[-1] | YELLOW@L[1]
22:15:19.411,655.7,10.0,-423.2,-1.0,GREEN@L[-1] | GREEN@L[-1] | YELLOW@L[1]
22:15:19.418,655.7,10.0,-423.2,-1.0,GREEN@L[-1] | GREEN@L[-1] | YELLOW@L[1]
22:15:19.423,655.7,10.0,-423.2,-1.0,GREEN@L[-1] | GREEN@L[-1] | YELLOW@L[1]
22:15:19.430,655.7,10.0,-423.2,-1.0,GREEN@L[-1] | GREEN@L[-1] | YELLOW@L[1]
22:15:19.435,655.7,10.0,-423.2,-1.0,GREEN@L[-1] | GREEN@L[-1] | YELLOW@L[1]
22:15:19.440,655.7,10.0,-423.2,-1.0,GREEN@L[-1] | GREEN@L[-1] | YELLOW@L[1]
22:15:19.448,655.7,10.0,-423.2,-1.0,GREEN@L[-1] | GREEN@L[-1] | YELLOW@L[1]
22:15:19.453,655.7,10.0,-423.2,-1.0,GREEN@L[-1] | GREEN@L[-1] | YELLOW@L[1]
22:15:19.459,655.7,10.0,-423.2,-1.0,GREEN@L[-1] | GREEN@L[-1] | YELLOW@L[1]
22:15:19.465,655.7,10.0,-423.2,-1.0,GREEN@L[-1] | GREEN@L[-1] | YELLOW@L[1]
22:15:19.472,655.7,10.0,-423.2,-1.0,GREEN@L[-1] | GREEN@L[-1] | YELLOW@L[1]
22:15:19.477,655.7,10.0,-423.2,-1.0,GREEN@L[-1] | GREEN@L[-1] | YELLOW@L[1]
22:15:19.484,655.7,10.0,-423.2,-1.0,GREEN@L[-1] | GREEN@L[-1] | YELLOW@L[1]
22:15:19.490,655.7,10.0,-423.2,-1.0,GREEN@L[-1] | GREEN@L[-1] | YELLOW@L[1]
22:15:19.496,655.7,10.0,-423.2,-1.0,GREEN@L[-1] | GREEN@L[-1] | YELLOW@L[1]
22:15:19.501,655.7,10.0,-423.2,-1.0,GREEN@L[-1] | GREEN@L[-1] | YELLOW@L[1]
22:15:19.506,655.7,10.0,-423.2,-1.0,GREEN@L[-1] | GREEN@L[-1] | YELLOW@L[1]
22:15:19.511,655.7,10.0,-423.2,-1.0,GREEN@L[-1] | GREEN@L[-1] | YELLOW@L[1]
22:15:19.517,655.7,10.0,-423.2,-1.0,GREEN@L[-1] | GREEN@L[-1] | YELLOW@L[1]
22:15:19.523,655.7,10.0,-423.2,-1.0,GREEN@L[-1] | GREEN@L[-1] | YELLOW@L[1]
22:15:19.529,655.7,10.0,-423.2,-1.0,GREEN@L[-1] | GREEN@L[-1] | YELLOW@L[1]
22:15:19.534,655.7,10.0,-423.2,-1.0,GREEN@L[-1] | GREEN@L[-1] | YELLOW@L[1]
22:15:19.539,655.7,10.0,-423.2,-1.0,GREEN@L[-1] | GREEN@L[-1] | YELLOW@L[1]
22:15:19.544,655.7,10.0,-423.2,-1.0,GREEN@L[-1] | GREEN@L[-1] | YELLOW@L[1]
22:15:19.550,655.7,10.0,-423.2,-1.0,GREEN@L[-1] | GREEN@L[-1] | YELLOW@L[1]
22:15:19.555,655.7,10.0,-423.2,-1.0,GREEN@L[-1] | GREEN@L[-1] | YELLOW@L[1]
22:15:19.559,655.7,10.0,-423.2,-1.0,GREEN@L[-1] | GREEN@L[-1] | YELLOW@L[1]
22:15:19.568,655.7,10.0,-423.2,-1.0,GREEN@L[-1] | GREEN@L[-1] | YELLOW@L[1]
22:15:19.574,655.7,10.0,-423.2,-1.0,GREEN@L[-1] | GREEN@L[-1] | YELLOW@L[1]
22:15:19.578,655.7,10.0,-423.2,-1.0,GREEN@L[-1] | GREEN@L[-1] | YELLOW@L[1]
22:15:19.583,655.7,10.0,-423.2,-1.0,GREEN@L[-1] | GREEN@L[-1] | YELLOW@L[1]
22:15:19.590,655.7,10.0,-423.2,-1.0,GREEN@L[-1] | GREEN@L[-1] | YELLOW@L[1]
22:15:19.595,655.7,10.0,-423.2,-1.0,GREEN@L[-1] | GREEN@L[-1] | YELLOW@L[1]
22:15:19.600,655.7,10.0,-423.2,-1.0,GREEN@L[-1] | GREEN@L[-1] | YELLOW@L[1]
22:15:19.606,655.7,10.0,-423.2,-1.0,GREEN@L[-1] | GREEN@L[-1] | YELLOW@L[1]
22:15:19.612,655.7,10.0,-423.2,-1.0,GREEN@L[-1] | GREEN@L[-1] | YELLOW@L[1]
22:15:19.617,655.7,10.0,-423.2,-1.0,GREEN@L[-1] | GREEN@L[-1] | YELLOW@L[1]
22:15:19.622,655.7,10.0,-423.2,-1.0,GREEN@L[-1] | GREEN@L[-1] | YELLOW@L[1]
22:15:19.628,655.7,10.0,-423.2,-1.0,GREEN@L[-1] | GREEN@L[-1] | YELLOW@L[1]
22:15:19.633,655.7,10.0,-423.2,-1.0,GREEN@L[-1] | GREEN@L[-1] | YELLOW@L[1]
22:15:19.638,655.7,10.0,-423.2,-1.0,GREEN@L[-1] | GREEN@L[-1] | YELLOW@L[1]
22:15:19.644,655.7,10.0,-423.2,-1.0,GREEN@L[-1] | GREEN@L[-1] | YELLOW@L[1]
22:15:19.648,655.7,10.0,-423.2,-1.0,GREEN@L[-1] | GREEN@L[-1] | YELLOW@L[1]
22:15:19.654,655.7,10.0,-423.2,-1.0,GREEN@L[-1] | GREEN@L[-1] | YELLOW@L[1]
22:15:19.660,655.7,10.0,-423.2,-1.0,GREEN@L[-1] | GREEN@L[-1] | YELLOW@L[1]
22:15:19.667,655.7,10.0,-423.2,-1.0,GREEN@L[-1] | GREEN@L[-1] | YELLOW@L[1]
22:15:19.673,655.7,10.0,-423.2,-1.0,GREEN@L[-1] | GREEN@L[-1] | YELLOW@L[1]
22:15:19.677,655.7,10.0,-423.2,-1.0,GREEN@L[-1] | GREEN@L[-1] | YELLOW@L[1]
22:15:19.683,655.7,10.0,-423.2,-1.0,GREEN@L[-1] | GREEN@L[-1] | YELLOW@L[1]
22:15:19.688,655.7,10.0,-423.2,-1.0,GREEN@L[-1] | GREEN@L[-1] | YELLOW@L[1]
22:15:19.692,655.7,10.0,-423.2,-1.0,GREEN@L[-1] | GREEN@L[-1] | YELLOW@L[1]
22:15:19.698,655.7,10.0,-423.2,-1.0,GREEN@L[-1] | GREEN@L[-1] | YELLOW@L[1]
22:15:19.706,655.7,10.0,-423.2,-1.0,GREEN@L[-1] | GREEN@L[-1] | YELLOW@L[1]
22:15:19.710,655.7,10.0,-423.2,-1.0,GREEN@L[-1] | GREEN@L[-1] | YELLOW@L[1]
22:15:19.717,655.7,10.0,-423.2,-1.0,GREEN@L[-1] | GREEN@L[-1] | YELLOW@L[1]
22:15:19.723,655.7,10.0,-423.2,-1.0,GREEN@L[-1] | GREEN@L[-1] | YELLOW@L[1]
22:15:19.727,655.7,10.0,-423.2,-1.0,GREEN@L[-1] | GREEN@L[-1] | YELLOW@L[1]
22:15:19.733,655.7,10.0,-423.2,-1.0,GREEN@L[-1] | GREEN@L[-1] | YELLOW@L[1]
22:15:19.739,655.7,10.0,-423.2,-1.0,GREEN@L[-1] | GREEN@L[-1] | YELLOW@L[1]
22:15:19.745,655.7,10.0,-423.2,-1.0,GREEN@L[-1] | GREEN@L[-1] | YELLOW@L[1]
22:15:19.752,655.7,10.0,-423.2,-1.0,GREEN@L[-1] | GREEN@L[-1] | YELLOW@L[1]
22:15:19.756,655.7,10.0,-423.2,-1.0,GREEN@L[-1] | GREEN@L[-1] | YELLOW@L[1]
22:15:19.762,655.7,10.0,-423.2,-1.0,GREEN@L[-1] | GREEN@L[-1] | YELLOW@L[1]
22:15:19.766,655.7,10.0,-423.2,-1.0,GREEN@L[-1] | GREEN@L[-1] | YELLOW@L[1]
22:15:19.773,655.7,10.0,-423.2,-1.0,GREEN@L[-1] | GREEN@L[-1] | YELLOW@L[1]
22:15:19.776,655.7,10.0,-423.2,-1.0,GREEN@L[-1] | GREEN@L[-1] | YELLOW@L[1]
22:15:19.781,655.7,10.0,-423.2,-1.0,GREEN@L[-1] | GREEN@L[-1] | YELLOW@L[1]
22:15:19.788,655.7,10.0,-423.2,-1.0,GREEN@L[-1] | GREEN@L[-1] | YELLOW@L[1]
22:15:19.794,655.7,10.0,-423.2,-1.0,GREEN@L[-1] | GREEN@L[-1] | YELLOW@L[1]
22:15:19.801,655.7,10.0,-423.2,-1.0,GREEN@L[-1] | GREEN@L[-1] | YELLOW@L[1]
22:15:19.807,655.7,10.0,-423.2,-1.0,GREEN@L[-1] | GREEN@L[-1] | YELLOW@L[1]
22:15:19.811,655.7,10.0,-423.2,-1.0,GREEN@L[-1] | GREEN@L[-1] | YELLOW@L[1]
22:15:19.818,655.7,10.0,-423.2,-1.0,GREEN@L[-1] | GREEN@L[-1] | YELLOW@L[1]
22:15:19.824,655.7,10.0,-423.2,-1.0,GREEN@L[-1] | GREEN@L[-1] | YELLOW@L[1]
22:15:19.829,655.7,10.0,-423.2,-1.0,GREEN@L[-1] | GREEN@L[-1] | YELLOW@L[1]
22:15:19.835,655.7,10.0,-423.2,-1.0,GREEN@L[-1] | GREEN@L[-1] | YELLOW@L[1]
22:15:19.840,655.7,10.0,-423.2,-1.0,GREEN@L[-1] | GREEN@L[-1] | YELLOW@L[1]
22:15:19.847,655.7,10.0,-423.2,-1.0,GREEN@L[-1] | GREEN@L[-1] | YELLOW@L[1]
22:15:19.852,655.7,10.0,-423.2,-1.0,GREEN@L[-1] | GREEN@L[-1] | YELLOW@L[1]
22:15:19.857,655.7,10.0,-423.2,-1.0,GREEN@L[-1] | GREEN@L[-1] | YELLOW@L[1]
22:15:19.864,655.7,10.0,-423.2,-1.0,GREEN@L[-1] | GREEN@L[-1] | YELLOW@L[1]
22:15:19.871,655.7,10.0,-423.2,-1.0,GREEN@L[-1] | GREEN@L[-1] | YELLOW@L[1]
22:15:19.875,655.7,10.0,-423.2,-1.0,GREEN@L[-1] | GREEN@L[-1] | YELLOW@L[1]
22:15:19.880,655.7,10.0,-423.2,-1.0,GREEN@L[-1] | GREEN@L[-1] | YELLOW@L[1]
22:15:19.885,655.7,10.0,-423.2,-1.0,GREEN@L[-1] | GREEN@L[-1] | YELLOW@L[1]
22:15:19.891,655.7,10.0,-423.2,-1.0,GREEN@L[-1] | GREEN@L[-1] | YELLOW@L[1]
22:15:19.897,655.7,10.0,-423.2,-1.0,GREEN@L[-1] | GREEN@L[-1] | YELLOW@L[1]
22:15:19.902,655.7,10.0,-423.2,-1.0,GREEN@L[-1] | GREEN@L[-1] | YELLOW@L[1]
22:15:19.909,655.7,10.0,-423.2,-1.0,GREEN@L[-1] | GREEN@L[-1] | YELLOW@L[1]
22:15:19.915,655.7,10.0,-423.2,-1.0,GREEN@L[-1] | GREEN@L[-1] | YELLOW@L[1]
22:15:19.920,655.7,10.0,-423.2,-1.0,GREEN@L[-1] | GREEN@L[-1] | YELLOW@L[1]
22:15:19.926,655.7,10.0,-423.2,-1.0,GREEN@L[-1] | GREEN@L[-1] | YELLOW@L[1]
22:15:19.933,655.7,10.0,-423.2,-1.0,GREEN@L[-1] | GREEN@L[-1] | YELLOW@L[1]
22:15:19.938,655.7,10.0,-423.2,-1.0,GREEN@L[-1] | GREEN@L[-1] | YELLOW@L[1]
22:15:19.943,655.7,10.0,-423.2,-1.0,GREEN@L[-1] | GREEN@L[-1] | YELLOW@L[1]
22:15:19.951,655.7,10.0,-423.2,-1.0,GREEN@L[-1] | GREEN@L[-1] | YELLOW@L[1]
22:15:19.957,655.7,10.0,-423.2,-1.0,GREEN@L[-1] | GREEN@L[-1] | YELLOW@L[1]
22:15:19.961,655.7,10.0,-423.2,-1.0,GREEN@L[-1] | GREEN@L[-1] | YELLOW@L[1]
22:15:19.967,655.7,10.0,-423.2,-1.0,GREEN@L[-1] | GREEN@L[-1] | YELLOW@L[1]
22:15:19.972,655.7,10.0,-423.2,-1.0,GREEN@L[-1] | GREEN@L[-1] | YELLOW@L[1]
22:15:19.978,655.7,10.0,-423.2,-1.0,GREEN@L[-1] | GREEN@L[-1] | YELLOW@L[1]
22:15:19.985,655.7,10.0,-423.2,-1.0,GREEN@L[-1] | GREEN@L[-1] | YELLOW@L[1]
22:15:19.990,655.7,10.0,-423.2,-1.0,GREEN@L[-1] | GREEN@L[-1] | YELLOW@L[1]
22:15:19.996,655.7,10.0,-423.2,-1.0,GREEN@L[-1] | GREEN@L[-1] | YELLOW@L[1]
22:15:20.002,655.7,10.0,-423.2,-1.0,GREEN@L[-1] | GREEN@L[-1] | YELLOW@L[1]
22:15:20.010,655.7,10.0,-423.2,-1.0,GREEN@L[-1] | GREEN@L[-1] | YELLOW@L[1]
22:15:20.016,655.7,10.0,-423.2,-1.0,GREEN@L[-1] | GREEN@L[-1] | YELLOW@L[1]
22:15:20.021,655.7,10.0,-423.2,-1.0,GREEN@L[-1] | GREEN@L[-1] | YELLOW@L[1]
22:15:20.027,655.7,10.0,-423.2,-1.0,GREEN@L[-1] | GREEN@L[-1] | YELLOW@L[1]
22:15:20.033,655.7,10.0,-423.2,-1.0,GREEN@L[-1] | GREEN@L[-1] | YELLOW@L[1]
22:15:20.038,655.7,10.0,-423.2,-1.0,GREEN@L[-1] | GREEN@L[-1] | YELLOW@L[1]
22:15:20.044,655.7,10.0,-423.2,-1.0,GREEN@L[-1] | GREEN@L[-1] | YELLOW@L[1]
22:15:20.050,655.7,10.0,-423.2,-1.0,GREEN@L[-1] | GREEN@L[-1] | YELLOW@L[1]
22:15:20.055,655.7,10.0,-423.2,-1.0,GREEN@L[-1] | GREEN@L[-1] | YELLOW@L[1]
22:15:20.060,655.7,10.0,-423.2,-1.0,GREEN@L[-1] | GREEN@L[-1] | YELLOW@L[1]
22:15:20.066,655.7,10.0,-423.2,-1.0,GREEN@L[-1] | GREEN@L[-1] | YELLOW@L[1]
22:15:20.074,655.7,10.0,-423.2,-1.0,GREEN@L[-1] | GREEN@L[-1] | YELLOW@L[1]
22:15:20.078,655.7,10.0,-423.2,-1.0,GREEN@L[-1] | GREEN@L[-1] | YELLOW@L[1]
22:15:20.084,655.7,10.0,-423.2,-1.0,GREEN@L[-1] | GREEN@L[-1] | YELLOW@L[1]
22:15:20.089,655.7,10.0,-423.2,-1.0,GREEN@L[-1] | GREEN@L[-1] | YELLOW@L[1]
22:15:20.095,655.7,10.0,-423.2,-1.0,GREEN@L[-1] | GREEN@L[-1] | YELLOW@L[1]
22:15:20.102,655.7,10.0,-423.2,-1.0,GREEN@L[-1] | GREEN@L[-1] | YELLOW@L[1]
22:15:20.107,655.7,10.0,-423.2,-1.0,GREEN@L[-1] | GREEN@L[-1] | YELLOW@L[1]
22:15:20.113,655.7,10.0,-423.2,-1.0,GREEN@L[-1] | GREEN@L[-1] | YELLOW@L[1]
22:15:20.118,655.7,10.0,-423.2,-1.0,GREEN@L[-1] | GREEN@L[-1] | YELLOW@L[1]
22:15:20.125,655.7,10.0,-423.2,-1.0,GREEN@L[-1] | GREEN@L[-1] | YELLOW@L[1]
22:15:20.130,655.7,10.0,-423.2,-1.0,GREEN@L[-1] | GREEN@L[-1] | YELLOW@L[1]
22:15:20.137,655.7,10.0,-423.2,-1.0,GREEN@L[-1] | GREEN@L[-1] | YELLOW@L[1]
22:15:20.143,655.7,10.0,-423.2,-1.0,GREEN@L[-1] | GREEN@L[-1] | YELLOW@L[1]
22:15:20.148,655.7,10.0,-423.2,-1.0,GREEN@L[-1] | GREEN@L[-1] | YELLOW@L[1]
22:15:20.153,655.7,10.0,-423.2,-1.0,GREEN@L[-1] | GREEN@L[-1] | YELLOW@L[1]
22:15:20.160,655.7,10.0,-423.2,-1.0,GREEN@L[-1] | GREEN@L[-1] | YELLOW@L[1]
22:15:20.167,655.7,10.0,-423.2,-1.0,GREEN@L[-1] | GREEN@L[-1] | YELLOW@L[1]
22:15:20.171,655.7,10.0,-423.2,-1.0,GREEN@L[-1] | GREEN@L[-1] | YELLOW@L[1]
22:15:20.174,655.7,10.0,-423.2,-1.0,GREEN@L[-1] | GREEN@L[-1] | YELLOW@L[1]
22:15:20.180,655.7,10.0,-423.2,-1.0,GREEN@L[-1] | GREEN@L[-1] | YELLOW@L[1]
22:15:20.187,655.7,10.0,-423.2,-1.0,GREEN@L[-1] | GREEN@L[-1] | YELLOW@L[1]
22:15:20.194,655.7,10.0,-423.2,-1.0,GREEN@L[-1] | GREEN@L[-1] | YELLOW@L[1]
22:15:20.199,655.7,10.0,-423.2,-1.0,GREEN@L[-1] | GREEN@L[-1] | YELLOW@L[1]
22:15:20.204,655.7,10.0,-423.2,-1.0,GREEN@L[-1] | GREEN@L[-1] | YELLOW@L[1]
22:15:20.210,655.7,10.0,-423.2,-1.0,GREEN@L[-1] | GREEN@L[-1] | YELLOW@L[1]
22:15:20.216,655.7,10.0,-423.2,-1.0,GREEN@L[-1] | GREEN@L[-1] | YELLOW@L[1]
22:15:20.221,655.7,10.0,-423.2,-1.0,GREEN@L[-1] | GREEN@L[-1] | YELLOW@L[1]
22:15:20.228,655.7,10.0,-423.2,-1.0,GREEN@L[-1] | GREEN@L[-1] | YELLOW@L[1]
22:15:20.234,655.7,10.0,-423.2,-1.0,GREEN@L[-1] | GREEN@L[-1] | YELLOW@L[1]
22:15:20.238,655.7,10.0,-423.2,-1.0,GREEN@L[-1] | GREEN@L[-1] | YELLOW@L[1]
22:15:20.244,655.7,10.0,-423.2,-1.0,GREEN@L[-1] | GREEN@L[-1] | YELLOW@L[1]
22:15:20.250,655.7,10.0,-423.2,-1.0,GREEN@L[-1] | GREEN@L[-1] | YELLOW@L[1]
22:15:20.256,655.7,10.0,-423.2,-1.0,GREEN@L[-1] | GREEN@L[-1] | YELLOW@L[1]
22:15:20.263,655.7,10.0,-423.2,-1.0,GREEN@L[-1] | GREEN@L[-1] | YELLOW@L[1]
22:15:20.270,655.7,10.0,-423.2,-1.0,GREEN@L[-1] | GREEN@L[-1] | YELLOW@L[1]
22:15:20.275,655.7,10.0,-423.2,-1.0,GREEN@L[-1] | GREEN@L[-1] | YELLOW@L[1]
22:15:20.282,655.7,10.0,-423.2,-1.0,GREEN@L[-1] | GREEN@L[-1] | YELLOW@L[1]
22:15:20.287,655.7,10.0,-423.2,-1.0,GREEN@L[-1] | GREEN@L[-1] | YELLOW@L[1]
22:15:20.292,655.7,10.0,-423.2,-1.0,GREEN@L[-1] | GREEN@L[-1] | YELLOW@L[1]
22:15:20.297,655.7,10.0,-423.2,-1.0,GREEN@L[-1] | GREEN@L[-1] | YELLOW@L[1]
22:15:20.305,655.7,10.0,-423.2,-1.0,GREEN@L[-1] | GREEN@L[-1] | YELLOW@L[1]
22:15:20.309,655.7,10.0,-423.2,-1.0,GREEN@L[-1] | GREEN@L[-1] | YELLOW@L[1]
22:15:20.317,655.7,10.0,-423.2,-1.0,GREEN@L[-1] | GREEN@L[-1] | YELLOW@L[1]
22:15:20.324,655.7,10.0,-423.2,-1.0,GREEN@L[-1] | GREEN@L[-1] | YELLOW@L[1]
22:15:20.328,655.7,10.0,-423.2,-1.0,GREEN@L[-1] | GREEN@L[-1] | YELLOW@L[1]
22:15:20.334,655.7,10.0,-423.2,-1.0,GREEN@L[-1] | GREEN@L[-1] | YELLOW@L[1]
22:15:20.341,655.7,10.0,-423.2,-1.0,GREEN@L[-1] | GREEN@L[-1] | YELLOW@L[1]
22:15:20.347,655.7,10.0,-423.2,-1.0,GREEN@L[-1] | GREEN@L[-1] | YELLOW@L[1]
22:15:20.353,655.7,10.0,-423.2,-1.0,GREEN@L[-1] | GREEN@L[-1] | YELLOW@L[1]
22:15:20.358,655.7,10.0,-423.2,-1.0,GREEN@L[-1] | GREEN@L[-1] | YELLOW@L[1]
22:15:20.364,655.7,10.0,-423.2,-1.0,GREEN@L[-1] | GREEN@L[-1] | YELLOW@L[1]
22:15:20.368,655.7,10.0,-423.2,-1.0,GREEN@L[-1] | GREEN@L[-1] | YELLOW@L[1]
22:15:20.374,655.7,10.0,-423.2,-1.0,GREEN@L[-1] | GREEN@L[-1] | YELLOW@L[1]
22:15:20.379,655.7,10.0,-423.2,-1.0,GREEN@L[-1] | GREEN@L[-1] | YELLOW@L[1]
22:15:20.385,655.7,10.0,-423.2,-1.0,GREEN@L[-1] | GREEN@L[-1] | YELLOW@L[1]
22:15:20.393,655.7,10.0,-423.2,-1.0,GREEN@L[-1] | GREEN@L[-1] | YELLOW@L[1]
22:15:20.397,655.7,10.0,-423.2,-1.0,GREEN@L[-1] | GREEN@L[-1] | YELLOW@L[1]
22:15:20.402,655.7,10.0,-423.2,-1.0,GREEN@L[-1] | GREEN@L[-1] | YELLOW@L[1]
22:15:20.408,655.7,10.0,-423.2,-1.0,GREEN@L[-1] | GREEN@L[-1] | YELLOW@L[1]
22:15:20.415,655.7,10.0,-423.2,-1.0,GREEN@L[-1] | GREEN@L[-1] | YELLOW@L[1]
22:15:20.420,655.7,10.0,-423.2,-1.0,GREEN@L[-1] | GREEN@L[-1] | YELLOW@L[1]
22:15:20.427,655.7,10.0,-423.2,-1.0,GREEN@L[-1] | GREEN@L[-1] | YELLOW@L[1]
22:15:20.433,655.7,10.0,-423.2,-1.0,GREEN@L[-1] | GREEN@L[-1] | YELLOW@L[1]
22:15:20.438,655.7,10.0,-423.2,-1.0,GREEN@L[-1] | GREEN@L[-1] | YELLOW@L[1]
22:15:20.446,655.7,10.0,-423.2,-1.0,GREEN@L[-1] | GREEN@L[-1] | YELLOW@L[1]
22:15:20.451,655.7,10.0,-423.2,-1.0,GREEN@L[-1] | GREEN@L[-1] | YELLOW@L[1]
22:15:20.458,655.7,10.0,-423.2,-1.0,GREEN@L[-1] | GREEN@L[-1] | YELLOW@L[1]
22:15:20.464,655.7,10.0,-423.2,-1.0,GREEN@L[-1] | GREEN@L[-1] | YELLOW@L[1]
22:15:20.469,655.7,10.0,-423.2,-1.0,GREEN@L[-1] | GREEN@L[-1] | YELLOW@L[1]
22:15:20.476,655.7,10.0,-423.2,-1.0,GREEN@L[-1] | GREEN@L[-1] | YELLOW@L[1]
22:15:20.481,655.7,10.0,-423.2,-1.0,GREEN@L[-1] | GREEN@L[-1] | YELLOW@L[1]
22:15:20.485,655.7,10.0,-423.2,-1.0,GREEN@L[-1] | GREEN@L[-1] | YELLOW@L[1]
22:15:20.492,655.7,10.0,-423.2,-1.0,GREEN@L[-1] | GREEN@L[-1] | YELLOW@L[1]
22:15:20.497,655.7,10.0,-423.2,-1.0,GREEN@L[-1] | GREEN@L[-1] | YELLOW@L[1]
22:15:20.502,655.7,10.0,-423.2,-1.0,GREEN@L[-1] | GREEN@L[-1] | YELLOW@L[1]
22:15:20.508,655.7,10.0,-423.2,-1.0,GREEN@L[-1] | GREEN@L[-1] | YELLOW@L[1]
22:15:20.514,655.7,10.0,-423.2,-1.0,GREEN@L[-1] | GREEN@L[-1] | YELLOW@L[1]
22:15:20.519,655.7,10.0,-423.2,-1.0,GREEN@L[-1] | GREEN@L[-1] | YELLOW@L[1]
22:15:20.525,655.7,10.0,-423.2,-1.0,GREEN@L[-1] | GREEN@L[-1] | YELLOW@L[1]
22:15:20.530,655.7,10.0,-423.2,-1.0,GREEN@L[-1] | GREEN@L[-1] | YELLOW@L[1]
22:15:20.536,655.7,10.0,-423.2,-1.0,GREEN@L[-1] | GREEN@L[-1] | YELLOW@L[1]
22:15:20.542,655.7,10.0,-423.2,-1.0,GREEN@L[-1] | GREEN@L[-1] | YELLOW@L[1]
22:15:20.547,655.7,10.0,-423.2,-1.0,GREEN@L[-1] | GREEN@L[-1] | YELLOW@L[1]
22:15:20.554,655.7,10.0,-423.2,-1.0,GREEN@L[-1] | GREEN@L[-1] | YELLOW@L[1]
22:15:20.560,655.7,10.0,-423.2,-1.0,GREEN@L[-1] | GREEN@L[-1] | YELLOW@L[1]
22:15:20.564,655.7,10.0,-423.2,-1.0,GREEN@L[-1] | GREEN@L[-1] | YELLOW@L[1]
22:15:20.568,655.7,10.0,-423.2,-1.0,GREEN@L[-1] | GREEN@L[-1] | YELLOW@L[1]
22:15:20.574,655.7,10.0,-423.2,-1.0,GREEN@L[-1] | GREEN@L[-1] | YELLOW@L[1]
22:15:20.579,0.0,10.0,0.0,-1.0,
22:15:20.585,0.0,10.0,0.0,-1.0,
22:15:20.592,0.0,10.0,0.0,-1.0,
22:15:20.597,0.0,10.0,0.0,-1.0,
22:15:20.602,0.0,10.0,0.0,-1.0,
22:15:20.610,0.0,10.0,0.0,-1.0,
22:15:20.616,0.0,10.0,0.0,-1.0,
22:15:20.621,0.0,10.0,0.0,-1.0,
22:15:20.626,0.0,10.0,0.0,-1.0,
22:15:20.632,0.0,10.0,0.0,-1.0,
22:15:20.637,0.0,10.0,0.0,-1.0,
22:15:20.644,0.0,10.0,0.0,0.0,
22:15:20.649,0.0,10.0,0.0,0.0,
22:15:20.654,0.0,10.0,0.0,0.0,
22:15:20.660,0.0,10.0,0.0,0.0,
22:15:20.666,0.0,10.0,0.0,0.0,
22:15:20.673,0.0,10.0,0.0,0.0,
22:15:20.678,0.0,10.0,0.0,0.0,
22:15:20.684,0.0,10.0,0.0,0.0,
22:15:20.688,0.0,10.0,0.0,0.0,
22:15:20.696,0.0,10.0,0.0,0.0,
22:15:20.700,0.0,10.0,0.0,0.0,
22:15:20.706,0.0,10.0,0.0,0.0,
22:15:20.710,0.0,10.0,0.0,0.0,
22:15:20.717,0.0,10.0,0.0,0.0,
22:15:20.724,0.0,10.0,0.0,0.0,
22:15:20.730,0.0,10.0,0.0,0.0,
22:15:20.736,0.0,10.0,0.0,0.0,
22:15:20.741,0.0,10.0,0.0,0.0,
22:15:20.747,0.0,10.0,0.0,0.0,
22:15:20.754,0.0,10.0,0.0,0.0,
22:15:20.758,0.0,10.0,0.0,0.0,
22:15:20.765,0.0,10.0,0.0,0.0,
22:15:20.769,0.0,10.0,0.0,0.0,
22:15:20.777,0.0,10.0,0.0,0.0,
22:15:20.782,0.0,10.0,0.0,0.0,
22:15:20.788,0.0,10.0,0.0,0.0,
22:15:20.793,0.0,10.0,0.0,0.0,
22:15:20.798,0.0,10.0,0.0,0.0,
22:15:20.805,0.0,10.0,0.0,0.0,
22:15:20.811,0.0,10.0,0.0,0.0,
22:15:20.816,0.0,10.0,0.0,0.0,
22:15:20.822,0.0,10.0,0.0,0.0,
22:15:20.828,0.0,10.0,0.0,0.0,
22:15:20.834,0.0,10.0,0.0,0.0,
22:15:20.838,0.0,10.0,0.0,0.0,
22:15:20.845,0.0,10.0,0.0,0.0,
22:15:20.852,0.0,10.0,0.0,0.0,
22:15:20.857,0.0,10.0,0.0,0.0,
22:15:20.863,0.0,10.0,0.0,0.0,
22:15:20.868,0.0,10.0,0.0,0.0,
22:15:20.873,0.0,10.0,0.0,0.0,
22:15:20.881,0.0,10.0,0.0,0.0,
22:15:20.887,0.0,10.0,0.0,0.0,
22:15:20.891,0.0,10.0,0.0,0.0,
22:15:20.898,0.0,10.0,0.0,0.0,
22:15:20.904,0.0,10.0,0.0,0.0,
22:15:20.908,0.0,10.0,0.0,0.0,
22:15:20.914,0.0,10.0,0.0,0.0,
22:15:20.920,0.0,10.0,0.0,0.0,
22:15:20.926,0.0,10.0,0.0,0.0,
22:15:20.933,0.0,10.0,0.0,0.0,
22:15:20.938,0.0,10.0,0.0,0.0,
22:15:20.945,0.0,10.0,0.0,0.0,
22:15:20.951,0.0,10.0,0.0,0.0,
22:15:20.957,0.0,10.0,0.0,0.0,
22:15:20.961,0.0,10.0,0.0,0.0,
22:15:20.968,0.0,10.0,0.0,0.0,
22:15:20.974,0.0,10.0,0.0,0.0,
22:15:20.980,0.0,10.0,0.0,0.0,
22:15:20.985,0.0,10.0,0.0,0.0,
22:15:20.991,0.0,10.0,0.0,0.0,
22:15:20.996,0.0,10.0,0.0,0.0,
22:15:21.003,0.0,10.0,0.0,0.0,
22:15:21.008,0.0,10.0,0.0,0.0,
22:15:21.015,0.0,10.0,0.0,0.0,
22:15:21.020,0.0,10.0,0.0,0.0,
22:15:21.026,0.0,10.0,0.0,0.0,
22:15:21.032,0.0,10.0,0.0,0.0,
22:15:21.036,0.0,10.0,0.0,0.0,
22:15:21.042,0.0,10.0,0.0,0.0,
22:15:21.047,0.0,10.0,0.0,0.0,
22:15:21.055,0.0,10.0,0.0,0.0,
22:15:21.060,0.0,10.0,0.0,0.0,
22:15:21.066,0.0,10.0,0.0,0.0,
22:15:21.072,0.0,10.0,0.0,0.0,
22:15:21.076,0.0,10.0,0.0,0.0,
22:15:21.081,0.0,10.0,0.0,0.0,
22:15:21.086,0.0,10.0,0.0,0.0,
22:15:21.092,0.0,10.0,0.0,0.0,
22:15:21.100,0.0,10.0,0.0,0.0,
22:15:21.104,0.0,10.0,0.0,0.0,
22:15:21.109,0.0,10.0,0.0,0.0,
22:15:21.116,0.0,10.0,0.0,0.0,
22:15:21.124,0.0,10.0,0.0,0.0,
22:15:21.129,0.0,10.0,0.0,0.0,
22:15:21.136,0.0,10.0,0.0,0.0,
22:15:21.142,0.0,10.0,0.0,0.0,
22:15:21.147,0.0,10.0,0.0,0.0,
22:15:21.153,0.0,10.0,0.0,0.0,
22:15:21.159,0.0,10.0,0.0,0.0,
22:15:21.165,0.0,10.0,0.0,0.0,
22:15:21.171,0.0,10.0,0.0,0.0,
22:15:21.176,0.0,10.0,0.0,0.0,
22:15:21.182,0.0,10.0,0.0,0.0,
22:15:21.188,0.0,10.0,0.0,0.0,
22:15:21.193,0.0,10.0,0.0,0.0,
22:15:21.200,0.0,10.0,0.0,0.0,
22:15:21.205,0.0,10.0,0.0,0.0,
22:15:21.210,0.0,10.0,0.0,0.0,
22:15:21.219,0.0,10.0,0.0,0.0,
22:15:21.226,0.0,10.0,0.0,0.0,
22:15:21.230,0.0,10.0,0.0,0.0,
22:15:21.238,0.0,10.0,0.0,0.0,
22:15:21.244,0.0,10.0,0.0,0.0,
22:15:21.248,0.0,10.0,0.0,0.0,
22:15:21.254,0.0,10.0,0.0,0.0,
22:15:21.259,0.0,10.0,0.0,0.0,
22:15:21.265,0.0,10.0,0.0,0.0,
22:15:21.271,0.0,10.0,0.0,0.0,
22:15:21.278,0.0,10.0,0.0,0.0,
22:15:21.282,0.0,10.0,0.0,0.0,
22:15:21.288,0.0,10.0,0.0,0.0,
22:15:21.293,0.0,10.0,0.0,0.0,
22:15:21.299,0.0,10.0,0.0,0.0,
22:15:21.304,0.0,10.0,0.0,0.0,
22:15:21.311,0.0,10.0,0.0,0.0,
22:15:21.319,0.0,10.0,0.0,0.0,
22:15:21.324,0.0,10.0,0.0,0.0,
22:15:21.328,0.0,10.0,0.0,0.0,
22:15:21.333,0.0,10.0,0.0,0.0,
22:15:21.341,0.0,10.0,0.0,0.0,
22:15:21.347,0.0,10.0,0.0,0.0,
22:15:21.353,0.0,10.0,0.0,0.0,
22:15:21.359,0.0,10.0,0.0,0.0,
22:15:21.365,0.0,10.0,0.0,0.0,
22:15:21.370,0.0,10.0,0.0,0.0,
22:15:21.376,0.0,10.0,0.0,0.0,
22:15:21.382,0.0,10.0,0.0,0.0,
22:15:21.386,0.0,10.0,0.0,0.0,
22:15:21.393,0.0,10.0,0.0,0.0,
22:15:21.399,0.0,10.0,0.0,0.0,
22:15:21.405,0.0,10.0,0.0,0.0,
22:15:21.409,0.0,10.0,0.0,0.0,
22:15:21.415,0.0,10.0,0.0,0.0,
22:15:21.421,0.0,10.0,0.0,0.0,
22:15:21.428,0.0,10.0,0.0,0.0,
22:15:21.434,0.0,10.0,0.0,0.0,
22:15:21.439,0.0,10.0,0.0,0.0,
22:15:21.445,0.0,10.0,0.0,0.0,
22:15:21.450,0.0,10.0,0.0,0.0,
22:15:21.457,0.0,10.0,0.0,0.0,
22:15:21.463,0.0,10.0,0.0,0.0,
22:15:21.468,0.0,10.0,0.0,0.0,
22:15:21.473,0.0,10.0,0.0,0.0,
22:15:21.480,0.0,10.0,0.0,0.0,
22:15:21.484,0.0,10.0,0.0,0.0,
22:15:21.490,0.0,10.0,0.0,0.0,
22:15:21.496,0.0,10.0,0.0,0.0,
22:15:21.502,0.0,10.0,0.0,0.0,
22:15:21.507,0.0,10.0,0.0,0.0,
22:15:21.514,0.0,10.0,0.0,0.0,
22:15:21.518,0.0,10.0,0.0,0.0,
22:15:21.523,0.0,10.0,0.0,0.0,
22:15:21.530,0.0,10.0,0.0,0.0,
22:15:21.536,0.0,10.0,0.0,0.0,
22:15:21.542,0.0,10.0,0.0,0.0,
22:15:21.547,0.0,10.0,0.0,0.0,
22:15:21.553,0.0,10.0,0.0,0.0,
22:15:21.559,0.0,10.0,0.0,0.0,
22:15:21.565,0.0,10.0,0.0,0.0,
22:15:21.571,0.0,10.0,0.0,0.0,
22:15:21.576,0.0,10.0,0.0,0.0,
22:15:21.583,0.0,10.0,0.0,0.0,
22:15:21.589,0.0,10.0,0.0,0.0,
22:15:21.596,0.0,10.0,0.0,0.0,
22:15:21.601,0.0,10.0,0.0,0.0,
22:15:21.607,0.0,10.0,0.0,0.0,
22:15:21.612,0.0,10.0,0.0,0.0,
22:15:21.619,0.0,10.0,0.0,0.0,
22:15:21.628,0.0,10.0,0.0,0.0,
22:15:21.633,0.0,10.0,0.0,0.0,
22:15:21.640,0.0,10.0,0.0,0.0,
22:15:21.643,0.0,10.0,0.0,0.0,
22:15:21.649,0.0,10.0,0.0,0.0,
22:15:21.655,0.0,10.0,0.0,0.0,
22:15:21.660,0.0,10.0,0.0,0.0,
22:15:21.667,0.0,10.0,0.0,0.0,
22:15:21.672,0.0,10.0,0.0,0.0,
22:15:21.677,0.0,10.0,0.0,0.0,
22:15:21.683,0.0,10.0,0.0,0.0,
22:15:21.689,0.0,10.0,0.0,0.0,
22:15:21.695,0.0,10.0,0.0,0.0,
22:15:21.701,0.0,10.0,0.0,0.0,
22:15:21.707,0.0,10.0,0.0,0.0,
22:15:21.713,0.0,10.0,0.0,0.0,
22:15:21.718,0.0,10.0,0.0,0.0,
22:15:21.724,0.0,10.0,0.0,0.0,
22:15:21.731,0.0,10.0,0.0,0.0,
22:15:21.737,0.0,10.0,0.0,0.0,
22:15:21.741,0.0,10.0,0.0,0.0,
22:15:21.748,0.0,10.0,0.0,0.0,
22:15:21.753,0.0,10.0,0.0,0.0,
22:15:21.758,0.0,10.0,0.0,0.0,
22:15:21.763,0.0,10.0,0.0,0.0,
22:15:21.768,0.0,10.0,0.0,0.0,
22:15:21.775,0.0,10.0,0.0,0.0,
22:15:21.780,0.0,10.0,0.0,0.0,
22:15:21.786,0.0,10.0,0.0,0.0,
22:15:21.792,0.0,10.0,0.0,0.0,
22:15:21.798,0.0,10.0,0.0,0.0,
22:15:21.803,0.0,10.0,0.0,0.0,
22:15:21.810,0.0,10.0,0.0,0.0,
22:15:21.815,0.0,10.0,0.0,0.0,
22:15:21.820,0.0,10.0,0.0,0.0,
22:15:21.826,0.0,10.0,0.0,0.0,
22:15:21.831,0.0,10.0,0.0,0.0,
22:15:21.836,0.0,10.0,0.0,0.0,
22:15:21.843,0.0,10.0,0.0,0.0,
22:15:21.847,0.0,10.0,0.0,0.0,
22:15:21.854,0.0,10.0,0.0,0.0,
22:15:21.859,0.0,10.0,0.0,0.0,
22:15:21.865,0.0,10.0,0.0,0.0,
22:15:21.871,0.0,10.0,0.0,0.0,
22:15:21.877,0.0,10.0,0.0,0.0,
22:15:21.883,0.0,10.0,0.0,0.0,
22:15:21.888,0.0,10.0,0.0,0.0,
22:15:21.894,0.0,10.0,0.0,0.0,
22:15:21.900,0.0,10.0,0.0,0.0,
22:15:21.906,0.0,10.0,0.0,0.0,
22:15:21.912,0.0,10.0,0.0,0.0,
22:15:21.917,0.0,10.0,0.0,0.0,
22:15:21.923,0.0,10.0,0.0,0.0,
22:15:21.929,0.0,10.0,0.0,0.0,
22:15:21.935,0.0,10.0,0.0,0.0,
22:15:21.940,0.0,10.0,0.0,0.0,
22:15:21.947,0.0,10.0,0.0,0.0,
22:15:21.952,0.0,10.0,0.0,0.0,
22:15:21.956,0.0,10.0,0.0,0.0,
22:15:21.961,0.0,10.0,0.0,0.0,
22:15:21.967,0.0,10.0,0.0,0.0,
22:15:21.974,0.0,10.0,0.0,0.0,
22:15:21.980,0.0,10.0,0.0,0.0,
22:15:21.988,0.0,10.0,0.0,0.0,
22:15:21.995,0.0,10.0,0.0,0.0,
22:15:22.000,0.0,10.0,0.0,0.0,
22:15:22.004,0.0,10.0,0.0,0.0,
22:15:22.012,0.0,10.0,0.0,0.0,
22:15:22.018,0.0,10.0,0.0,0.0,
22:15:22.025,0.0,10.0,0.0,0.0,
22:15:22.030,0.0,10.0,0.0,0.0,
22:15:22.034,0.0,10.0,0.0,0.0,
22:15:22.039,0.0,10.0,0.0,0.0,
22:15:22.043,0.0,10.0,0.0,0.0,
22:15:22.050,0.0,10.0,0.0,0.0,
22:15:22.054,0.0,10.0,0.0,0.0,
22:15:22.060,0.0,10.0,0.0,0.0,
22:15:22.067,0.0,10.0,0.0,0.0,
22:15:22.073,0.0,10.0,0.0,0.0,
22:15:22.076,0.0,10.0,0.0,0.0,
22:15:22.082,0.0,10.0,0.0,0.0,
22:15:22.089,0.0,10.0,0.0,0.0,
22:15:22.095,0.0,10.0,0.0,0.0,
22:15:22.100,0.0,10.0,0.0,0.0,
22:15:22.107,0.0,10.0,0.0,0.0,
22:15:22.110,0.0,10.0,0.0,0.0,
22:15:22.117,0.0,10.0,0.0,0.0,
22:15:22.122,0.0,10.0,0.0,0.0,
22:15:22.129,0.0,10.0,0.0,0.0,
22:15:22.134,0.0,10.0,0.0,0.0,
22:15:22.141,0.0,10.0,0.0,0.0,
22:15:22.146,0.0,10.0,0.0,0.0,
22:15:22.152,0.0,10.0,0.0,0.0,
22:15:22.157,0.0,10.0,0.0,0.0,
22:15:22.164,0.0,10.0,0.0,0.0,
22:15:22.170,0.0,10.0,0.0,0.0,
22:15:22.177,0.0,10.0,0.0,0.0,
22:15:22.181,0.0,10.0,0.0,0.0,
22:15:22.187,0.0,10.0,0.0,0.0,
22:15:22.193,0.0,10.0,0.0,0.0,
22:15:22.199,0.0,10.0,0.0,0.0,
22:15:22.204,0.0,10.0,0.0,0.0,
22:15:22.210,0.0,10.0,0.0,0.0,
22:15:22.215,0.0,10.0,0.0,0.0,
22:15:22.221,0.0,10.0,0.0,0.0,
22:15:22.228,0.0,10.0,0.0,0.0,
22:15:22.233,0.0,10.0,0.0,0.0,
22:15:22.240,0.0,10.0,0.0,0.0,
22:15:22.245,0.0,10.0,0.0,0.0,
22:15:22.251,0.0,10.0,0.0,0.0,
22:15:22.258,0.0,10.0,0.0,0.0,
22:15:22.264,0.0,10.0,0.0,0.0,
22:15:22.268,0.0,10.0,0.0,0.0,
22:15:22.275,0.0,10.0,0.0,0.0,
22:15:22.280,0.0,10.0,0.0,0.0,
22:15:22.286,0.0,10.0,0.0,0.0,
22:15:22.291,0.0,10.0,0.0,0.0,
22:15:22.297,0.0,10.0,0.0,0.0,
22:15:22.301,0.0,10.0,0.0,0.0,
22:15:22.309,0.0,10.0,0.0,0.0,
22:15:22.315,0.0,10.0,0.0,0.0,
22:15:22.322,0.0,10.0,0.0,0.0,
22:15:22.327,0.0,10.0,0.0,0.0,
22:15:22.333,0.0,10.0,0.0,0.0,
22:15:22.339,0.0,10.0,0.0,0.0,
22:15:22.345,0.0,10.0,0.0,0.0,
22:15:22.351,0.0,10.0,0.0,0.0,
22:15:22.357,0.0,10.0,0.0,0.0,
22:15:22.363,0.0,10.0,0.0,0.0,
22:15:22.369,0.0,10.0,0.0,0.0,
22:15:22.374,0.0,10.0,0.0,0.0,
22:15:22.381,0.0,10.0,0.0,0.0,
22:15:22.386,0.0,10.0,0.0,0.0,
22:15:22.391,0.0,10.0,0.0,0.0,
22:15:22.398,0.0,10.0,0.0,0.0,
22:15:22.404,0.0,10.0,0.0,0.0,
22:15:22.410,0.0,10.0,0.0,0.0,
22:15:22.416,0.0,10.0,0.0,0.0,
22:15:22.420,0.0,10.0,0.0,0.0,
22:15:22.427,0.0,10.0,0.0,0.0,
22:15:22.431,0.0,10.0,0.0,0.0,
22:15:22.436,0.0,10.0,0.0,0.0,
22:15:22.444,0.0,10.0,0.0,0.0,
22:15:22.448,0.0,10.0,0.0,0.0,
22:15:22.454,0.0,10.0,0.0,0.0,
22:15:22.461,0.0,10.0,0.0,0.0,
22:15:22.467,0.0,10.0,0.0,0.0,
22:15:22.472,0.0,10.0,0.0,0.0,
22:15:22.479,0.0,10.0,0.0,0.0,
22:15:22.483,0.0,10.0,0.0,0.0,
22:15:22.490,0.0,10.0,0.0,0.0,
22:15:22.495,0.0,10.0,0.0,0.0,
22:15:22.498,0.0,10.0,0.0,0.0,
22:15:22.506,0.0,10.0,0.0,0.0,
22:15:22.512,0.0,10.0,0.0,0.0,
22:15:22.516,0.0,10.0,0.0,0.0,
22:15:22.523,0.0,10.0,0.0,0.0,
22:15:22.529,0.0,10.0,0.0,0.0,
22:15:22.533,0.0,10.0,0.0,0.0,
22:15:22.537,0.0,10.0,0.0,0.0,
22:15:22.544,0.0,10.0,0.0,0.0,
22:15:22.551,0.0,10.0,0.0,0.0,
22:15:22.557,0.0,10.0,0.0,0.0,
22:15:22.562,0.0,10.0,0.0,0.0,
22:15:22.568,0.0,10.0,0.0,0.0,
22:15:22.575,0.0,10.0,0.0,0.0,
22:15:22.578,0.0,10.0,0.0,0.0,
22:15:22.586,0.0,10.0,0.0,0.0,
22:15:22.593,0.0,10.0,0.0,0.0,
22:15:22.598,0.0,10.0,0.0,0.0,
22:15:22.605,0.0,10.0,0.0,0.0,
22:15:22.611,0.0,10.0,0.0,0.0,
22:15:22.616,0.0,10.0,0.0,0.0,
22:15:22.621,0.0,10.0,0.0,0.0,
22:15:22.627,0.0,10.0,0.0,0.0,
22:15:22.633,0.0,10.0,0.0,0.0,
22:15:22.638,0.0,10.0,0.0,0.0,
22:15:22.644,0.0,10.0,0.0,0.0,
22:15:22.650,0.0,10.0,0.0,0.0,
22:15:22.655,0.0,10.0,0.0,0.0,
22:15:22.661,0.0,10.0,0.0,0.0,
22:15:22.667,0.0,10.0,0.0,0.0,
22:15:22.673,0.0,10.0,0.0,0.0,
22:15:22.678,0.0,10.0,0.0,0.0,
22:15:22.684,0.0,10.0,0.0,0.0,
22:15:22.691,0.0,10.0,0.0,0.0,
22:15:22.696,0.0,10.0,0.0,0.0,
22:15:22.702,0.0,10.0,0.0,0.0,
22:15:22.708,0.0,10.0,0.0,0.0,
22:15:22.715,0.0,10.0,0.0,0.0,
22:15:22.721,0.0,10.0,0.0,0.0,
22:15:22.726,0.0,10.0,0.0,0.0,
22:15:22.731,0.0,10.0,0.0,0.0,
22:15:22.737,0.0,10.0,0.0,0.0,
22:15:22.744,0.0,10.0,0.0,0.0,
22:15:22.750,0.0,10.0,0.0,0.0,
22:15:22.754,0.0,10.0,0.0,0.0,
22:15:22.759,0.0,10.0,0.0,0.0,
22:15:22.767,0.0,10.0,0.0,0.0,
22:15:22.772,0.0,10.0,0.0,0.0,
22:15:22.776,0.0,10.0,0.0,0.0,
22:15:22.784,0.0,10.0,0.0,0.0,
22:15:22.789,0.0,10.0,0.0,0.0,
22:15:22.796,0.0,10.0,0.0,0.0,
22:15:22.800,0.0,10.0,0.0,0.0,
22:15:22.806,0.0,10.0,0.0,0.0,
22:15:22.813,0.0,10.0,0.0,0.0,
22:15:22.818,0.0,10.0,0.0,0.0,
22:15:22.824,0.0,10.0,0.0,0.0,
22:15:22.829,0.0,10.0,0.0,0.0,
22:15:22.834,0.0,10.0,0.0,0.0,
22:15:22.840,0.0,10.0,0.0,0.0,
22:15:22.847,0.0,10.0,0.0,0.0,
22:15:22.850,0.0,10.0,0.0,0.0,
22:15:22.857,0.0,10.0,0.0,0.0,
22:15:22.863,0.0,10.0,0.0,0.0,
22:15:22.868,0.0,10.0,0.0,0.0,
22:15:22.876,0.0,10.0,0.0,0.0,
22:15:22.880,0.0,10.0,0.0,0.0,
22:15:22.885,0.0,10.0,0.0,0.0,
22:15:22.891,0.0,10.0,0.0,0.0,
22:15:22.898,0.0,10.0,0.0,0.0,
22:15:22.904,0.0,-407.0,-417.0,-1.0,"YELLOW@L[0, 1]"
22:15:22.909,0.0,-407.0,-417.0,-1.0,"YELLOW@L[0, 1]"
22:15:22.916,0.0,-407.0,-417.0,-1.0,"YELLOW@L[0, 1]"
22:15:22.921,0.0,-407.0,-417.0,-1.0,"YELLOW@L[0, 1]"
22:15:22.925,0.0,-407.0,-417.0,-1.0,"YELLOW@L[0, 1]"
22:15:22.931,0.0,-407.0,-417.0,-1.0,"YELLOW@L[0, 1]"
22:15:22.938,0.0,-407.0,-417.0,-1.0,"YELLOW@L[0, 1]"
22:15:22.942,0.0,-407.0,-417.0,-1.0,"YELLOW@L[0, 1]"
22:15:22.947,0.0,-407.0,-417.0,-1.0,"YELLOW@L[0, 1]"
22:15:22.953,0.0,-407.0,-417.0,-1.0,"YELLOW@L[0, 1]"
22:15:22.960,0.0,-407.0,-417.0,-1.0,"YELLOW@L[0, 1]"
22:15:22.965,0.0,-407.0,0.0,-1.0,YELLOW@L[0]
22:15:22.970,0.0,-407.0,0.0,-1.0,YELLOW@L[0]
22:15:22.976,0.0,-407.0,0.0,-1.0,YELLOW@L[0]
22:15:22.983,0.0,-407.0,0.0,-1.0,YELLOW@L[0]
22:15:22.987,0.0,-407.0,0.0,-1.0,YELLOW@L[0]
22:15:22.993,0.0,-407.0,0.0,-1.0,YELLOW@L[0]
22:15:22.998,0.0,-407.0,0.0,-1.0,YELLOW@L[0]
22:15:23.004,0.0,-407.0,0.0,-1.0,YELLOW@L[0]
22:15:23.010,0.0,-407.0,0.0,-1.0,YELLOW@L[0]
22:15:23.015,0.0,-407.0,0.0,-1.0,YELLOW@L[0]
22:15:23.021,0.0,-407.0,0.0,-1.0,YELLOW@L[0]
22:15:23.026,0.0,-407.0,0.0,-1.0,YELLOW@L[0]
22:15:23.032,0.0,-407.0,0.0,-1.0,YELLOW@L[0]
22:15:23.038,0.0,-407.0,0.0,-1.0,YELLOW@L[0]
22:15:23.043,0.0,-407.0,0.0,-1.0,YELLOW@L[0]
22:15:23.049,0.0,-407.0,0.0,-1.0,YELLOW@L[0]
22:15:23.054,0.0,-407.0,0.0,-1.0,YELLOW@L[0]
22:15:23.060,0.0,-407.0,0.0,-1.0,YELLOW@L[0]
22:15:23.066,0.0,-407.0,0.0,-1.0,YELLOW@L[0]
22:15:23.073,0.0,-407.0,0.0,-1.0,YELLOW@L[0]
22:15:23.078,0.0,-407.0,0.0,-1.0,YELLOW@L[0]
22:15:23.082,0.0,-407.0,0.0,-1.0,YELLOW@L[0]
22:15:23.087,0.0,-410.0,-420.0,-1.0,"YELLOW@L[0, 1]"
22:15:23.094,0.0,-410.0,-420.0,-1.0,"YELLOW@L[0, 1]"
22:15:23.100,0.0,-410.0,-420.0,-1.0,"YELLOW@L[0, 1]"
22:15:23.105,0.0,-410.0,-420.0,-1.0,"YELLOW@L[0, 1]"
22:15:23.111,0.0,-410.0,-420.0,-1.0,"YELLOW@L[0, 1]"
22:15:23.117,0.0,-410.0,-420.0,-1.0,"YELLOW@L[0, 1]"
22:15:23.122,0.0,-410.0,0.0,-1.0,YELLOW@L[0]
22:15:23.129,0.0,-410.0,0.0,-1.0,YELLOW@L[0]
22:15:23.134,0.0,-410.0,0.0,-1.0,YELLOW@L[0]
22:15:23.139,0.0,-410.0,0.0,-1.0,YELLOW@L[0]
22:15:23.145,0.0,-410.0,0.0,-1.0,YELLOW@L[0]
22:15:23.151,0.0,-410.0,-420.0,-1.0,"YELLOW@L[0, 1]"
22:15:23.157,0.0,-410.0,-420.0,-1.0,"YELLOW@L[0, 1]"
22:15:23.163,0.0,-410.0,-420.0,-1.0,"YELLOW@L[0, 1]"
22:15:23.168,0.0,-410.0,-420.0,-1.0,"YELLOW@L[0, 1]"
22:15:23.174,0.0,-410.0,-420.0,-1.0,"YELLOW@L[0, 1]"
22:15:23.180,0.0,-410.0,-206.7,-1.0,"GREEN@L[1] | YELLOW@L[0, 1]"
22:15:23.185,0.0,-410.0,-206.7,-1.0,"GREEN@L[1] | YELLOW@L[0, 1]"
22:15:23.192,0.0,-410.0,-206.7,-1.0,"GREEN@L[1] | YELLOW@L[0, 1]"
22:15:23.196,0.0,-410.0,-206.7,-1.0,"GREEN@L[1] | YELLOW@L[0, 1]"
22:15:23.203,0.0,-410.0,-206.7,-1.0,"GREEN@L[1] | YELLOW@L[0, 1]"
22:15:23.208,-3137.6,-413.2,-423.2,-1.0,"RED@L[-1] | YELLOW@L[0, 1]"
22:15:23.214,-3137.6,-413.2,-423.2,-1.0,"RED@L[-1] | YELLOW@L[0, 1]"
22:15:23.220,-3137.6,-413.2,-423.2,-1.0,"RED@L[-1] | YELLOW@L[0, 1]"
22:15:23.225,-3137.6,-413.2,-423.2,-1.0,"RED@L[-1] | YELLOW@L[0, 1]"
22:15:23.230,-3137.6,-413.2,-423.2,-1.0,"RED@L[-1] | YELLOW@L[0, 1]"
22:15:23.235,-3137.6,-413.2,-423.2,-1.0,"RED@L[-1] | YELLOW@L[0, 1]"
22:15:23.242,0.0,-413.2,217.1,-1.0,GREEN@L[1] | YELLOW@L[0]
22:15:23.247,0.0,-413.2,217.1,-1.0,GREEN@L[1] | YELLOW@L[0]
22:15:23.253,0.0,-413.2,217.1,-1.0,GREEN@L[1] | YELLOW@L[0]
22:15:23.258,0.0,-413.2,217.1,-1.0,GREEN@L[1] | YELLOW@L[0]
22:15:23.264,0.0,-413.2,217.1,-1.0,GREEN@L[1] | YELLOW@L[0]
22:15:23.269,-2800.0,-416.6,-209.5,1.0,"GREEN@L[1] | RED@L[-1] | YELLOW@L[0, 1]"
22:15:23.274,-2800.0,-416.6,-209.5,1.0,"GREEN@L[1] | RED@L[-1] | YELLOW@L[0, 1]"
22:15:23.281,-2800.0,-416.6,-209.5,1.0,"GREEN@L[1] | RED@L[-1] | YELLOW@L[0, 1]"
22:15:23.286,-2800.0,-416.6,-209.5,1.0,"GREEN@L[1] | RED@L[-1] | YELLOW@L[0, 1]"
22:15:23.292,-2800.0,-416.6,-209.5,1.0,"GREEN@L[1] | RED@L[-1] | YELLOW@L[0, 1]"
22:15:23.297,0.0,-420.3,-430.3,1.0,"YELLOW@L[0, 1]"
22:15:23.303,0.0,-420.3,-430.3,1.0,"YELLOW@L[0, 1]"
22:15:23.308,0.0,-420.3,-430.3,1.0,"YELLOW@L[0, 1]"
22:15:23.314,0.0,-420.3,-430.3,1.0,"YELLOW@L[0, 1]"
22:15:23.320,0.0,-420.3,-430.3,1.0,"YELLOW@L[0, 1]"
22:15:23.327,-2368.0,-428.3,-214.7,1.0,"GREEN@L[1] | RED@L[-1] | YELLOW@L[0, 1]"
22:15:23.332,-2368.0,-428.3,-214.7,1.0,"GREEN@L[1] | RED@L[-1] | YELLOW@L[0, 1]"
22:15:23.341,-2368.0,-428.3,-214.7,1.0,"GREEN@L[1] | RED@L[-1] | YELLOW@L[0, 1]"
22:15:23.345,-2368.0,-428.3,-214.7,1.0,"GREEN@L[1] | RED@L[-1] | YELLOW@L[0, 1]"
22:15:23.350,-2368.0,-428.3,-214.7,1.0,"GREEN@L[1] | RED@L[-1] | YELLOW@L[0, 1]"
22:15:23.355,-4066.4,-442.2,-215.2,1.0,"GREEN@L[1] | RED@L[-1] | YELLOW@L[-1, 0, 1]"
22:15:23.362,-4066.4,-442.2,-215.2,1.0,"GREEN@L[1] | RED@L[-1] | YELLOW@L[-1, 0, 1]"
22:15:23.368,-4066.4,-442.2,-215.2,1.0,"GREEN@L[1] | RED@L[-1] | YELLOW@L[-1, 0, 1]"
22:15:23.374,-4066.4,-442.2,-215.2,1.0,"GREEN@L[1] | RED@L[-1] | YELLOW@L[-1, 0, 1]"
22:15:23.380,-4066.4,-442.2,-215.2,1.0,"GREEN@L[1] | RED@L[-1] | YELLOW@L[-1, 0, 1]"
22:15:23.387,0.0,10.0,0.0,1.0,
22:15:23.391,0.0,10.0,0.0,1.0,
22:15:23.397,0.0,10.0,0.0,1.0,
22:15:23.403,0.0,10.0,0.0,1.0,
22:15:23.408,0.0,10.0,0.0,1.0,
22:15:23.413,-3137.6,10.0,0.0,1.0,RED@L[-1]
22:15:23.420,-3137.6,10.0,0.0,0.0,RED@L[-1]
22:15:23.426,-3137.6,10.0,0.0,0.0,RED@L[-1]
22:15:23.432,-3137.6,10.0,0.0,0.0,RED@L[-1]
22:15:23.438,-3137.6,10.0,0.0,0.0,RED@L[-1]
22:15:23.444,-3614.2,10.0,0.0,0.0,RED@L[-1]
22:15:23.449,-3614.2,10.0,0.0,0.0,RED@L[-1]
22:15:23.456,-3614.2,10.0,0.0,0.0,RED@L[-1]
22:15:23.461,-3614.2,10.0,0.0,0.0,RED@L[-1]
22:15:23.466,-3614.2,10.0,0.0,0.0,RED@L[-1]
22:15:23.473,-3614.2,10.0,0.0,0.0,RED@L[-1]
22:15:23.478,-2800.0,10.0,0.0,0.0,RED@L[-1]
22:15:23.483,-2800.0,10.0,0.0,0.0,RED@L[-1]
22:15:23.490,-2800.0,10.0,0.0,0.0,RED@L[-1]
22:15:23.497,-2800.0,10.0,0.0,0.0,RED@L[-1]
22:15:23.502,-2800.0,10.0,0.0,0.0,RED@L[-1]
22:15:23.506,-2800.0,10.0,0.0,0.0,RED@L[-1]
22:15:23.513,0.0,10.0,0.0,0.0,
22:15:23.520,0.0,10.0,0.0,0.0,
22:15:23.525,0.0,10.0,0.0,0.0,
22:15:23.532,0.0,10.0,0.0,0.0,
22:15:23.537,0.0,10.0,0.0,0.0,
22:15:23.543,0.0,10.0,0.0,0.0,
22:15:23.548,0.0,10.0,0.0,0.0,
22:15:23.554,0.0,10.0,0.0,0.0,
22:15:23.559,0.0,10.0,0.0,0.0,
22:15:23.565,0.0,10.0,0.0,0.0,
22:15:23.573,0.0,10.0,0.0,0.0,
22:15:23.580,0.0,10.0,0.0,0.0,
22:15:23.585,0.0,10.0,0.0,0.0,
22:15:23.589,0.0,10.0,0.0,0.0,
22:15:23.595,0.0,10.0,0.0,0.0,
22:15:23.602,0.0,10.0,0.0,0.0,
22:15:23.608,0.0,10.0,0.0,0.0,
22:15:23.614,0.0,10.0,0.0,0.0,
22:15:23.618,0.0,10.0,0.0,0.0,
22:15:23.626,0.0,10.0,0.0,0.0,
22:15:23.632,0.0,10.0,0.0,0.0,
22:15:23.637,0.0,10.0,0.0,0.0,
22:15:23.643,0.0,10.0,0.0,0.0,
22:15:23.647,0.0,10.0,0.0,0.0,
22:15:23.654,0.0,10.0,0.0,0.0,
22:15:23.659,0.0,10.0,0.0,0.0,
22:15:23.666,0.0,10.0,0.0,0.0,
22:15:23.673,0.0,10.0,0.0,0.0,
22:15:23.679,0.0,10.0,0.0,0.0,
22:15:23.682,0.0,10.0,0.0,0.0,
22:15:23.689,0.0,10.0,0.0,0.0,
22:15:23.693,0.0,10.0,0.0,0.0,
22:15:23.699,0.0,10.0,0.0,0.0,
22:15:23.705,0.0,10.0,0.0,0.0,
22:15:23.710,0.0,10.0,0.0,0.0,
22:15:23.716,0.0,10.0,0.0,0.0,
22:15:23.723,0.0,10.0,0.0,0.0,
22:15:23.728,0.0,10.0,0.0,0.0,
22:15:23.735,0.0,10.0,0.0,0.0,
22:15:23.740,0.0,10.0,0.0,0.0,
22:15:23.745,0.0,10.0,0.0,0.0,
22:15:23.751,0.0,10.0,0.0,0.0,
22:15:23.757,0.0,10.0,0.0,0.0,
22:15:23.763,0.0,10.0,0.0,0.0,
22:15:23.768,0.0,10.0,0.0,0.0,
22:15:23.773,0.0,10.0,0.0,0.0,
22:15:23.778,0.0,10.0,0.0,0.0,
22:15:23.784,0.0,10.0,0.0,0.0,
22:15:23.790,0.0,10.0,0.0,0.0,
22:15:23.795,0.0,10.0,0.0,0.0,
22:15:23.801,0.0,10.0,0.0,0.0,
22:15:23.807,0.0,10.0,0.0,0.0,
22:15:23.813,0.0,10.0,0.0,0.0,
22:15:23.818,0.0,10.0,0.0,0.0,
22:15:23.823,0.0,10.0,0.0,0.0,
22:15:23.829,0.0,10.0,0.0,0.0,
22:15:23.835,0.0,10.0,0.0,0.0,
22:15:23.842,0.0,10.0,0.0,0.0,
22:15:23.849,0.0,10.0,0.0,0.0,
22:15:23.854,0.0,10.0,0.0,0.0,
22:15:23.859,0.0,10.0,0.0,0.0,
22:15:23.864,0.0,10.0,0.0,0.0,
22:15:23.870,0.0,10.0,0.0,0.0,
22:15:23.876,0.0,10.0,0.0,0.0,
22:15:23.882,0.0,10.0,0.0,0.0,
22:15:23.888,0.0,10.0,0.0,0.0,
22:15:23.895,0.0,10.0,0.0,0.0,
22:15:23.900,0.0,10.0,0.0,0.0,
22:15:23.905,0.0,10.0,0.0,0.0,
22:15:23.911,0.0,10.0,0.0,0.0,
22:15:23.916,0.0,10.0,0.0,0.0,
22:15:23.921,0.0,10.0,0.0,0.0,
22:15:23.927,0.0,10.0,0.0,0.0,
22:15:23.933,0.0,10.0,0.0,0.0,
22:15:23.939,0.0,10.0,0.0,0.0,
22:15:23.944,0.0,10.0,0.0,0.0,
22:15:23.948,0.0,10.0,0.0,0.0,
22:15:23.954,0.0,10.0,0.0,0.0,
22:15:23.960,0.0,10.0,0.0,0.0,
22:15:23.965,0.0,10.0,0.0,0.0,
22:15:23.970,0.0,10.0,0.0,0.0,
22:15:23.977,0.0,10.0,0.0,0.0,
22:15:23.981,0.0,10.0,0.0,0.0,
22:15:23.988,0.0,10.0,0.0,0.0,
22:15:23.994,0.0,10.0,0.0,0.0,
22:15:23.998,0.0,10.0,0.0,0.0,
22:15:24.008,0.0,10.0,0.0,0.0,
22:15:24.014,0.0,10.0,0.0,0.0,
22:15:24.020,0.0,10.0,0.0,0.0,
22:15:24.026,0.0,10.0,0.0,0.0,
22:15:24.029,0.0,10.0,0.0,0.0,
22:15:24.035,0.0,10.0,0.0,0.0,
22:15:24.042,0.0,10.0,0.0,0.0,
22:15:24.046,0.0,10.0,0.0,0.0,
22:15:24.052,0.0,10.0,0.0,0.0,
22:15:24.056,0.0,10.0,0.0,0.0,
22:15:24.062,0.0,10.0,0.0,0.0,
22:15:24.069,0.0,10.0,0.0,0.0,
22:15:24.075,0.0,10.0,0.0,0.0,
22:15:24.080,0.0,10.0,0.0,0.0,
22:15:24.086,0.0,10.0,0.0,0.0,
22:15:24.091,0.0,10.0,0.0,0.0,
22:15:24.096,0.0,10.0,0.0,0.0,
22:15:24.101,0.0,10.0,0.0,0.0,
22:15:24.108,0.0,10.0,0.0,0.0,
22:15:24.111,0.0,10.0,0.0,0.0,
22:15:24.117,0.0,10.0,0.0,0.0,
22:15:24.123,0.0,10.0,0.0,0.0,
22:15:24.129,0.0,10.0,0.0,0.0,
22:15:24.137,0.0,10.0,0.0,0.0,
22:15:24.142,0.0,10.0,0.0,0.0,
22:15:24.148,0.0,10.0,0.0,0.0,
22:15:24.154,0.0,10.0,0.0,0.0,
22:15:24.159,0.0,10.0,0.0,0.0,
22:15:24.166,0.0,10.0,0.0,0.0,
22:15:24.171,0.0,10.0,0.0,0.0,
22:15:24.177,0.0,10.0,0.0,0.0,
22:15:24.184,0.0,10.0,0.0,0.0,
22:15:24.190,0.0,10.0,0.0,0.0,
22:15:24.195,0.0,10.0,0.0,0.0,
22:15:24.203,0.0,10.0,0.0,0.0,
22:15:24.207,0.0,10.0,0.0,0.0,
22:15:24.213,0.0,10.0,0.0,0.0,
22:15:24.220,0.0,10.0,0.0,0.0,
22:15:24.224,0.0,10.0,0.0,0.0,
22:15:24.232,0.0,10.0,0.0,0.0,
22:15:24.237,0.0,10.0,0.0,0.0,
22:15:24.242,0.0,10.0,0.0,0.0,
22:15:24.247,0.0,10.0,0.0,0.0,
22:15:24.252,0.0,10.0,0.0,0.0,
22:15:24.258,0.0,10.0,0.0,0.0,
22:15:24.264,0.0,10.0,0.0,0.0,
22:15:24.270,0.0,10.0,0.0,0.0,
22:15:24.275,0.0,10.0,0.0,0.0,
22:15:24.281,0.0,10.0,0.0,0.0,
22:15:24.285,0.0,10.0,0.0,0.0,
22:15:24.292,0.0,10.0,0.0,0.0,
22:15:24.298,0.0,10.0,0.0,0.0,
22:15:24.305,0.0,10.0,0.0,0.0,
22:15:24.309,0.0,10.0,0.0,0.0,
22:15:24.315,0.0,10.0,0.0,0.0,
22:15:24.320,0.0,10.0,0.0,0.0,
22:15:24.327,0.0,10.0,0.0,0.0,
22:15:24.332,0.0,10.0,0.0,0.0,
22:15:24.338,0.0,10.0,0.0,0.0,
22:15:24.345,0.0,10.0,0.0,0.0,
22:15:24.350,0.0,10.0,0.0,0.0,
22:15:24.356,0.0,10.0,0.0,0.0,
22:15:24.365,0.0,10.0,0.0,0.0,
22:15:24.368,0.0,10.0,0.0,0.0,
22:15:24.376,0.0,10.0,0.0,0.0,
22:15:24.381,0.0,10.0,0.0,0.0,
22:15:24.387,0.0,10.0,0.0,0.0,
22:15:24.394,0.0,10.0,0.0,0.0,
22:15:24.398,0.0,10.0,0.0,0.0,
22:15:24.402,0.0,10.0,0.0,0.0,
22:15:24.408,0.0,10.0,0.0,0.0,
22:15:24.414,0.0,10.0,0.0,0.0,
22:15:24.420,0.0,10.0,0.0,0.0,
22:15:24.425,0.0,10.0,0.0,0.0,
22:15:24.431,0.0,10.0,0.0,0.0,
22:15:24.434,0.0,10.0,0.0,0.0,
22:15:24.440,0.0,10.0,0.0,0.0,
22:15:24.447,0.0,10.0,0.0,0.0,
22:15:24.453,0.0,10.0,0.0,0.0,
22:15:24.459,0.0,10.0,0.0,0.0,
22:15:24.463,0.0,10.0,0.0,0.0,
22:15:24.471,0.0,10.0,0.0,0.0,
22:15:24.476,0.0,10.0,0.0,0.0,
22:15:24.481,0.0,10.0,0.0,0.0,
22:15:24.486,0.0,10.0,0.0,0.0,
22:15:24.493,0.0,10.0,0.0,0.0,
22:15:24.497,0.0,10.0,0.0,0.0,
22:15:24.503,0.0,10.0,0.0,0.0,
22:15:24.509,0.0,10.0,0.0,0.0,
22:15:24.516,0.0,10.0,0.0,0.0,
22:15:24.521,0.0,10.0,0.0,0.0,
22:15:24.528,0.0,10.0,0.0,0.0,
22:15:24.534,0.0,10.0,0.0,0.0,
22:15:24.538,0.0,10.0,0.0,0.0,
22:15:24.544,0.0,10.0,0.0,0.0,
22:15:24.550,0.0,10.0,0.0,0.0,
22:15:24.556,0.0,10.0,0.0,0.0,
22:15:24.560,0.0,10.0,0.0,0.0,
22:15:24.566,0.0,10.0,0.0,0.0,
22:15:24.572,0.0,10.0,0.0,0.0,
22:15:24.579,0.0,10.0,0.0,0.0,
22:15:24.584,0.0,10.0,0.0,0.0,
22:15:24.590,0.0,10.0,0.0,0.0,
22:15:24.593,0.0,10.0,0.0,0.0,
22:15:24.600,0.0,10.0,0.0,0.0,
22:15:24.605,0.0,10.0,0.0,0.0,
22:15:24.613,0.0,10.0,0.0,0.0,
22:15:24.619,0.0,10.0,0.0,0.0,
22:15:24.622,0.0,10.0,0.0,0.0,
22:15:24.628,0.0,10.0,0.0,0.0,
22:15:24.635,0.0,10.0,0.0,0.0,
22:15:24.642,0.0,10.0,0.0,0.0,
22:15:24.647,0.0,10.0,0.0,0.0,
22:15:24.652,0.0,10.0,0.0,0.0,
22:15:24.658,0.0,10.0,0.0,0.0,
22:15:24.664,0.0,10.0,0.0,0.0,
22:15:24.670,0.0,10.0,0.0,0.0,
22:15:24.675,0.0,10.0,0.0,0.0,
22:15:24.682,0.0,10.0,0.0,0.0,
22:15:24.686,0.0,10.0,0.0,0.0,
22:15:24.693,0.0,10.0,0.0,0.0,
22:15:24.699,0.0,10.0,0.0,0.0,
22:15:24.704,0.0,10.0,0.0,0.0,
22:15:24.710,0.0,10.0,0.0,0.0,
22:15:24.716,0.0,10.0,0.0,0.0,
22:15:24.722,0.0,10.0,0.0,0.0,
22:15:24.727,0.0,10.0,0.0,0.0,
22:15:24.735,0.0,10.0,0.0,0.0,
22:15:24.741,0.0,10.0,0.0,0.0,
22:15:24.746,0.0,10.0,0.0,0.0,
22:15:24.752,0.0,10.0,0.0,0.0,
22:15:24.756,0.0,10.0,0.0,0.0,
22:15:24.763,0.0,10.0,0.0,0.0,
22:15:24.767,0.0,10.0,0.0,0.0,
22:15:24.773,0.0,10.0,0.0,0.0,
22:15:24.779,0.0,10.0,0.0,0.0,
22:15:24.784,0.0,10.0,0.0,0.0,
22:15:24.789,0.0,10.0,0.0,0.0,
22:15:24.795,0.0,10.0,0.0,0.0,
22:15:24.799,0.0,10.0,0.0,0.0,
22:15:24.805,0.0,10.0,0.0,0.0,
22:15:24.813,0.0,10.0,0.0,0.0,
22:15:24.816,0.0,10.0,0.0,0.0,
22:15:24.822,0.0,10.0,0.0,0.0,
22:15:24.829,0.0,10.0,0.0,0.0,
22:15:24.834,0.0,10.0,0.0,0.0,
22:15:24.839,0.0,10.0,0.0,0.0,
22:15:24.845,0.0,10.0,0.0,0.0,
22:15:24.850,0.0,10.0,0.0,0.0,
22:15:24.856,0.0,10.0,0.0,0.0,
22:15:24.862,0.0,10.0,0.0,0.0,
22:15:24.867,0.0,10.0,0.0,0.0,
22:15:24.874,0.0,10.0,0.0,0.0,
22:15:24.879,0.0,10.0,0.0,0.0,
22:15:24.884,0.0,10.0,0.0,0.0,
22:15:24.891,0.0,10.0,0.0,0.0,
22:15:24.895,0.0,10.0,0.0,0.0,
22:15:24.901,0.0,10.0,0.0,0.0,
22:15:24.908,0.0,10.0,0.0,0.0,
22:15:24.912,0.0,10.0,0.0,0.0,
22:15:24.919,0.0,10.0,0.0,0.0,
22:15:24.925,0.0,10.0,0.0,0.0,
22:15:24.929,0.0,10.0,0.0,0.0,
22:15:24.936,0.0,10.0,0.0,0.0,
22:15:24.941,0.0,10.0,0.0,0.0,
22:15:24.945,0.0,10.0,0.0,0.0,
22:15:24.952,0.0,10.0,0.0,0.0,
22:15:24.958,0.0,10.0,0.0,0.0,
22:15:24.963,0.0,10.0,0.0,0.0,
22:15:24.970,0.0,10.0,0.0,0.0,
22:15:24.976,0.0,10.0,0.0,0.0,
22:15:24.982,0.0,10.0,0.0,0.0,
22:15:24.987,0.0,10.0,0.0,0.0,
22:15:24.993,0.0,10.0,0.0,0.0,
22:15:24.998,0.0,10.0,0.0,0.0,
22:15:25.004,0.0,10.0,0.0,0.0,
22:15:25.008,0.0,10.0,0.0,0.0,
22:15:25.014,0.0,10.0,0.0,0.0,
22:15:25.021,0.0,10.0,0.0,0.0,
22:15:25.027,0.0,10.0,0.0,0.0,
22:15:25.032,0.0,10.0,0.0,0.0,
22:15:25.038,0.0,10.0,0.0,0.0,
22:15:25.043,0.0,10.0,0.0,0.0,
22:15:25.048,0.0,10.0,0.0,0.0,
22:15:25.054,-1266.3,10.0,0.0,0.0,RED@L[-1]
22:15:25.059,-1266.3,10.0,0.0,0.0,RED@L[-1]
22:15:25.065,-1266.3,10.0,0.0,0.0,RED@L[-1]
22:15:25.072,-1266.3,10.0,0.0,0.0,RED@L[-1]
22:15:25.078,-1266.3,10.0,0.0,0.0,RED@L[-1]
22:15:25.083,-2429.0,10.0,0.0,0.0,RED@L[-1] | RED@L[-1]
22:15:25.089,-2429.0,10.0,0.0,0.0,RED@L[-1] | RED@L[-1]
22:15:25.096,-2429.0,10.0,0.0,0.0,RED@L[-1] | RED@L[-1]
22:15:25.102,-2429.0,10.0,0.0,0.0,RED@L[-1] | RED@L[-1]
22:15:25.108,-2429.0,10.0,0.0,0.0,RED@L[-1] | RED@L[-1]
22:15:25.113,-2429.0,10.0,0.0,0.0,RED@L[-1] | RED@L[-1]
22:15:25.118,-2640.5,10.0,0.0,0.0,RED@L[-1] | RED@L[-1]
22:15:25.124,-2640.5,10.0,0.0,0.0,RED@L[-1] | RED@L[-1]
22:15:25.132,-2640.5,10.0,0.0,0.0,RED@L[-1] | RED@L[-1]
22:15:25.137,-2640.5,10.0,0.0,0.0,RED@L[-1] | RED@L[-1]
22:15:25.141,-2640.5,10.0,0.0,0.0,RED@L[-1] | RED@L[-1]
22:15:25.148,-2640.5,10.0,0.0,0.0,RED@L[-1] | RED@L[-1]
22:15:25.152,0.0,10.0,0.0,0.0,
22:15:25.159,0.0,10.0,0.0,0.0,
22:15:25.166,0.0,10.0,0.0,0.0,
22:15:25.170,0.0,10.0,0.0,0.0,
22:15:25.176,0.0,10.0,0.0,0.0,
22:15:25.181,0.0,10.0,0.0,0.0,
22:15:25.187,0.0,10.0,0.0,0.0,
22:15:25.193,0.0,10.0,0.0,0.0,
22:15:25.198,0.0,10.0,0.0,0.0,
22:15:25.204,0.0,10.0,0.0,0.0,
22:15:25.210,0.0,10.0,0.0,0.0,
22:15:25.215,0.0,10.0,0.0,0.0,
22:15:25.222,0.0,10.0,0.0,0.0,
22:15:25.227,0.0,10.0,0.0,0.0,
22:15:25.233,0.0,10.0,0.0,0.0,
22:15:25.239,0.0,10.0,0.0,0.0,
22:15:25.245,0.0,10.0,0.0,0.0,
22:15:25.252,0.0,10.0,0.0,0.0,
22:15:25.256,0.0,10.0,0.0,0.0,
22:15:25.263,0.0,10.0,0.0,0.0,
22:15:25.268,0.0,10.0,0.0,0.0,
22:15:25.274,0.0,10.0,0.0,0.0,
22:15:25.279,0.0,10.0,0.0,0.0,
22:15:25.284,0.0,10.0,0.0,0.0,
22:15:25.290,0.0,10.0,0.0,0.0,
22:15:25.296,0.0,10.0,0.0,0.0,
22:15:25.302,0.0,10.0,0.0,0.0,
22:15:25.308,0.0,10.0,0.0,0.0,
22:15:25.313,0.0,10.0,0.0,0.0,
22:15:25.318,0.0,10.0,0.0,0.0,
22:15:25.325,0.0,10.0,0.0,0.0,
22:15:25.330,0.0,10.0,0.0,0.0,
22:15:25.337,0.0,10.0,0.0,0.0,
22:15:25.343,0.0,10.0,0.0,0.0,
22:15:25.349,0.0,10.0,0.0,0.0,
22:15:25.355,0.0,10.0,0.0,0.0,
22:15:25.362,0.0,10.0,0.0,0.0,
22:15:25.367,0.0,10.0,0.0,0.0,
22:15:25.372,0.0,10.0,0.0,0.0,
22:15:25.378,0.0,10.0,0.0,0.0,
22:15:25.383,0.0,10.0,0.0,0.0,
22:15:25.390,0.0,10.0,0.0,0.0,
22:15:25.395,0.0,10.0,-580.0,0.0,YELLOW@L[1]
22:15:25.401,0.0,10.0,-580.0,0.0,YELLOW@L[1]
22:15:25.407,0.0,10.0,-580.0,0.0,YELLOW@L[1]
22:15:25.412,0.0,10.0,-580.0,0.0,YELLOW@L[1]
22:15:25.417,0.0,10.0,-580.0,0.0,YELLOW@L[1]
22:15:25.424,0.0,10.0,-580.0,0.0,YELLOW@L[1]
22:15:25.428,0.0,10.0,-639.6,0.0,YELLOW@L[1]
22:15:25.434,0.0,10.0,-639.6,0.0,YELLOW@L[1]
22:15:25.441,0.0,10.0,-639.6,0.0,YELLOW@L[1]
22:15:25.445,0.0,10.0,-639.6,0.0,YELLOW@L[1]
22:15:25.451,0.0,10.0,-639.6,0.0,YELLOW@L[1]
22:15:25.458,0.0,10.0,-695.9,0.0,YELLOW@L[1]
22:15:25.464,0.0,10.0,-695.9,0.0,YELLOW@L[1]
22:15:25.471,0.0,10.0,-695.9,0.0,YELLOW@L[1]
22:15:25.476,0.0,10.0,-695.9,0.0,YELLOW@L[1]
22:15:25.480,0.0,10.0,-695.9,0.0,YELLOW@L[1]
22:15:25.488,0.0,10.0,-695.9,0.0,YELLOW@L[1]
22:15:25.493,0.0,10.0,-720.0,0.0,YELLOW@L[1]
22:15:25.500,0.0,10.0,-720.0,0.0,YELLOW@L[1]
22:15:25.505,0.0,10.0,-720.0,0.0,YELLOW@L[1]
22:15:25.510,0.0,10.0,-720.0,0.0,YELLOW@L[1]
22:15:25.515,0.0,10.0,-720.0,0.0,YELLOW@L[1]
22:15:25.524,0.0,-496.5,-732.4,-1.0,YELLOW@L[1] | YELLOW@L[0]
22:15:25.528,0.0,-496.5,-732.4,-1.0,YELLOW@L[1] | YELLOW@L[0]
22:15:25.536,0.0,-496.5,-732.4,-1.0,YELLOW@L[1] | YELLOW@L[0]
22:15:25.540,0.0,-496.5,-732.4,-1.0,YELLOW@L[1] | YELLOW@L[0]
22:15:25.546,0.0,-496.5,-732.4,-1.0,YELLOW@L[1] | YELLOW@L[0]
22:15:25.552,0.0,-496.5,-732.4,-1.0,YELLOW@L[1] | YELLOW@L[0]
22:15:25.557,0.0,-482.8,0.0,-1.0,YELLOW@L[0]
22:15:25.564,0.0,-482.8,0.0,-1.0,YELLOW@L[0]
22:15:25.569,0.0,-482.8,0.0,-1.0,YELLOW@L[0]
22:15:25.577,0.0,-482.8,0.0,-1.0,YELLOW@L[0]
22:15:25.583,0.0,-482.8,0.0,-1.0,YELLOW@L[0]
22:15:25.587,0.0,-476.3,0.0,-1.0,YELLOW@L[0]
22:15:25.595,0.0,-476.3,0.0,-1.0,YELLOW@L[0]
22:15:25.599,0.0,-476.3,0.0,-1.0,YELLOW@L[0]
22:15:25.604,0.0,-476.3,0.0,-1.0,YELLOW@L[0]
22:15:25.610,0.0,-476.3,0.0,-1.0,YELLOW@L[0]
22:15:25.616,0.0,-447.3,0.0,-1.0,YELLOW@L[0]
22:15:25.622,0.0,-447.3,0.0,-1.0,YELLOW@L[0]
22:15:25.628,0.0,-447.3,0.0,-1.0,YELLOW@L[0]
22:15:25.633,0.0,-447.3,0.0,-1.0,YELLOW@L[0]
22:15:25.638,0.0,-447.3,0.0,-1.0,YELLOW@L[0]
22:15:25.645,0.0,-437.3,0.0,-1.0,YELLOW@L[0]
22:15:25.651,0.0,-437.3,0.0,-1.0,YELLOW@L[0]
22:15:25.655,0.0,-437.3,0.0,-1.0,YELLOW@L[0]
22:15:25.661,0.0,-437.3,0.0,-1.0,YELLOW@L[0]
22:15:25.667,0.0,-437.3,0.0,-1.0,YELLOW@L[0]
22:15:25.671,0.0,-437.3,0.0,-1.0,YELLOW@L[0]
22:15:25.676,0.0,-420.3,0.0,-1.0,YELLOW@L[0]
22:15:25.684,0.0,-420.3,0.0,-1.0,YELLOW@L[0]
22:15:25.688,0.0,-420.3,0.0,-1.0,YELLOW@L[0]
22:15:25.695,0.0,-420.3,0.0,-1.0,YELLOW@L[0]
22:15:25.700,0.0,-420.3,0.0,-1.0,YELLOW@L[0]
22:15:25.706,0.0,-407.0,-417.0,-1.0,"YELLOW@L[0, 1]"
22:15:25.714,0.0,-407.0,-417.0,-1.0,"YELLOW@L[0, 1]"
22:15:25.718,0.0,-407.0,-417.0,-1.0,"YELLOW@L[0, 1]"
22:15:25.724,0.0,-407.0,-417.0,-1.0,"YELLOW@L[0, 1]"
22:15:25.730,0.0,-407.0,-417.0,-1.0,"YELLOW@L[0, 1]"
22:15:25.734,0.0,-407.0,-417.0,-1.0,"YELLOW@L[0, 1]"
22:15:25.739,0.0,-395.8,-405.8,-1.0,"YELLOW@L[0, 1]"
22:15:25.744,0.0,-395.8,-405.8,-1.0,"YELLOW@L[0, 1]"
22:15:25.751,0.0,-395.8,-405.8,-1.0,"YELLOW@L[0, 1]"
22:15:25.756,0.0,-395.8,-405.8,-1.0,"YELLOW@L[0, 1]"
22:15:25.762,0.0,-395.8,-405.8,-1.0,"YELLOW@L[0, 1]"
22:15:25.767,0.0,-391.1,-401.1,-1.0,"YELLOW@L[0, 1]"
22:15:25.773,0.0,-391.1,-401.1,-1.0,"YELLOW@L[0, 1]"
22:15:25.780,0.0,-391.1,-401.1,-1.0,"YELLOW@L[0, 1]"
22:15:25.786,0.0,-391.1,-401.1,-1.0,"YELLOW@L[0, 1]"
22:15:25.790,0.0,-391.1,-401.1,-1.0,"YELLOW@L[0, 1]"
22:15:25.797,0.0,-391.1,-401.1,-1.0,"YELLOW@L[0, 1]"
22:15:25.802,0.0,-390.0,-200.0,-1.0,"GREEN@L[1] | YELLOW@L[0, 1]"
22:15:25.808,0.0,-390.0,-200.0,-1.0,"GREEN@L[1] | YELLOW@L[0, 1]"
22:15:25.814,0.0,-390.0,-200.0,-1.0,"GREEN@L[1] | YELLOW@L[0, 1]"
22:15:25.818,0.0,-390.0,-200.0,-1.0,"GREEN@L[1] | YELLOW@L[0, 1]"
22:15:25.825,0.0,-390.0,-200.0,-1.0,"GREEN@L[1] | YELLOW@L[0, 1]"
22:15:25.831,0.0,-390.0,-200.0,-1.0,"GREEN@L[1] | YELLOW@L[0, 1]"
22:15:25.837,-1681.7,10.0,0.0,-1.0,RED@L[-1]
22:15:25.842,-1681.7,10.0,0.0,-1.0,RED@L[-1]
22:15:25.849,-1681.7,10.0,0.0,-1.0,RED@L[-1]
22:15:25.855,-1681.7,10.0,0.0,-1.0,RED@L[-1]
22:15:25.861,-1681.7,10.0,0.0,-1.0,RED@L[-1]
22:15:25.866,0.0,10.0,0.0,-1.0,
22:15:25.871,0.0,10.0,0.0,-1.0,
22:15:25.878,0.0,10.0,0.0,-1.0,
22:15:25.885,0.0,10.0,0.0,-1.0,
22:15:25.889,0.0,10.0,0.0,-1.0,
22:15:25.895,0.0,10.0,0.0,0.0,
22:15:25.902,0.0,10.0,0.0,0.0,
22:15:25.906,-6589.9,10.0,0.0,0.0,RED@L[-1] | RED@L[-1] | RED@L[-1] | RED@L[-1]
22:15:25.913,-6589.9,10.0,0.0,0.0,RED@L[-1] | RED@L[-1] | RED@L[-1] | RED@L[-1]
22:15:25.918,-6589.9,10.0,0.0,0.0,RED@L[-1] | RED@L[-1] | RED@L[-1] | RED@L[-1]
22:15:25.924,-6589.9,10.0,0.0,0.0,RED@L[-1] | RED@L[-1] | RED@L[-1] | RED@L[-1]
22:15:25.929,-6589.9,10.0,0.0,0.0,RED@L[-1] | RED@L[-1] | RED@L[-1] | RED@L[-1]
22:15:25.936,-6589.9,10.0,0.0,0.0,RED@L[-1] | RED@L[-1] | RED@L[-1] | RED@L[-1]
22:15:25.942,-6646.7,10.0,0.0,0.0,RED@L[-1] | RED@L[-1] | RED@L[-1] | RED@L[-1]
22:15:25.947,-6646.7,10.0,0.0,0.0,RED@L[-1] | RED@L[-1] | RED@L[-1] | RED@L[-1]
22:15:25.953,-6646.7,10.0,0.0,0.0,RED@L[-1] | RED@L[-1] | RED@L[-1] | RED@L[-1]
22:15:25.958,-6646.7,10.0,0.0,0.0,RED@L[-1] | RED@L[-1] | RED@L[-1] | RED@L[-1]
22:15:25.965,-6646.7,10.0,0.0,0.0,RED@L[-1] | RED@L[-1] | RED@L[-1] | RED@L[-1]
22:15:25.971,-6646.7,10.0,0.0,0.0,RED@L[-1] | RED@L[-1] | RED@L[-1] | RED@L[-1]
22:15:25.976,-5439.3,10.0,0.0,0.0,RED@L[-1] | RED@L[-1] | RED@L[-1] | RED@L[-1]
22:15:25.982,-5439.3,10.0,0.0,0.0,RED@L[-1] | RED@L[-1] | RED@L[-1] | RED@L[-1]
22:15:25.990,-5439.3,10.0,0.0,0.0,RED@L[-1] | RED@L[-1] | RED@L[-1] | RED@L[-1]
22:15:25.993,-5439.3,10.0,0.0,0.0,RED@L[-1] | RED@L[-1] | RED@L[-1] | RED@L[-1]
22:15:25.998,-5439.3,10.0,0.0,0.0,RED@L[-1] | RED@L[-1] | RED@L[-1] | RED@L[-1]
22:15:26.006,-5811.5,10.0,0.0,0.0,RED@L[-1] | RED@L[-1] | RED@L[-1] | RED@L[-1]
22:15:26.011,-5811.5,10.0,0.0,0.0,RED@L[-1] | RED@L[-1] | RED@L[-1] | RED@L[-1]
22:15:26.018,-5811.5,10.0,0.0,0.0,RED@L[-1] | RED@L[-1] | RED@L[-1] | RED@L[-1]
22:15:26.023,-5811.5,10.0,0.0,0.0,RED@L[-1] | RED@L[-1] | RED@L[-1] | RED@L[-1]
22:15:26.030,-5811.5,10.0,0.0,0.0,RED@L[-1] | RED@L[-1] | RED@L[-1] | RED@L[-1]
22:15:26.035,-5811.5,10.0,0.0,0.0,RED@L[-1] | RED@L[-1] | RED@L[-1] | RED@L[-1]
22:15:26.041,-5950.9,10.0,0.0,0.0,RED@L[-1] | RED@L[-1] | RED@L[-1]
22:15:26.046,-5950.9,10.0,0.0,0.0,RED@L[-1] | RED@L[-1] | RED@L[-1]
22:15:26.052,-5950.9,10.0,0.0,0.0,RED@L[-1] | RED@L[-1] | RED@L[-1]
22:15:26.059,-5950.9,10.0,0.0,0.0,RED@L[-1] | RED@L[-1] | RED@L[-1]
22:15:26.064,-5950.9,10.0,0.0,0.0,RED@L[-1] | RED@L[-1] | RED@L[-1]
22:15:26.068,-2622.8,10.0,0.0,0.0,RED@L[-1] | RED@L[-1]
22:15:26.075,-2622.8,10.0,0.0,0.0,RED@L[-1] | RED@L[-1]
22:15:26.081,-2622.8,10.0,0.0,0.0,RED@L[-1] | RED@L[-1]
22:15:26.087,-2622.8,10.0,0.0,0.0,RED@L[-1] | RED@L[-1]
22:15:26.092,-2622.8,10.0,0.0,0.0,RED@L[-1] | RED@L[-1]
22:15:26.099,-2622.8,10.0,0.0,0.0,RED@L[-1] | RED@L[-1]
22:15:26.104,-5673.4,10.0,0.0,0.0,RED@L[-1] | RED@L[-1] | RED@L[-1]
22:15:26.110,-5673.4,10.0,0.0,0.0,RED@L[-1] | RED@L[-1] | RED@L[-1]
22:15:26.115,-5673.4,10.0,0.0,0.0,RED@L[-1] | RED@L[-1] | RED@L[-1]
22:15:26.122,-5673.4,10.0,0.0,0.0,RED@L[-1] | RED@L[-1] | RED@L[-1]
22:15:26.129,-5673.4,10.0,0.0,0.0,RED@L[-1] | RED@L[-1] | RED@L[-1]
22:15:26.135,-2597.0,10.0,0.0,0.0,RED@L[-1] | RED@L[-1]
22:15:26.139,-2597.0,10.0,0.0,0.0,RED@L[-1] | RED@L[-1]
22:15:26.145,-2597.0,10.0,0.0,0.0,RED@L[-1] | RED@L[-1]
22:15:26.151,-2597.0,10.0,0.0,0.0,RED@L[-1] | RED@L[-1]
22:15:26.157,-2597.0,10.0,0.0,0.0,RED@L[-1] | RED@L[-1]
22:15:26.162,-4680.8,10.0,0.0,0.0,RED@L[-1] | RED@L[-1]
22:15:26.167,-4680.8,10.0,0.0,0.0,RED@L[-1] | RED@L[-1]
22:15:26.174,-4680.8,10.0,0.0,0.0,RED@L[-1] | RED@L[-1]
22:15:26.178,-4680.8,10.0,0.0,0.0,RED@L[-1] | RED@L[-1]
22:15:26.184,-4680.8,10.0,0.0,0.0,RED@L[-1] | RED@L[-1]
22:15:26.190,-4680.8,10.0,0.0,0.0,RED@L[-1] | RED@L[-1]
22:15:26.196,-2721.9,10.0,0.0,0.0,RED@L[-1] | RED@L[-1]
22:15:26.202,-2721.9,10.0,0.0,0.0,RED@L[-1] | RED@L[-1]
22:15:26.208,-2721.9,10.0,0.0,0.0,RED@L[-1] | RED@L[-1]
22:15:26.214,-2721.9,10.0,0.0,0.0,RED@L[-1] | RED@L[-1]
22:15:26.218,-2721.9,10.0,0.0,0.0,RED@L[-1] | RED@L[-1]
22:15:26.225,-3594.4,10.0,0.0,0.0,RED@L[-1] | RED@L[-1]
22:15:26.230,-3594.4,10.0,0.0,0.0,RED@L[-1] | RED@L[-1]
22:15:26.236,-3594.4,10.0,0.0,0.0,RED@L[-1] | RED@L[-1]
22:15:26.242,-3594.4,10.0,0.0,0.0,RED@L[-1] | RED@L[-1]
22:15:26.248,-3594.4,10.0,0.0,0.0,RED@L[-1] | RED@L[-1]
22:15:26.254,-1831.1,10.0,0.0,0.0,RED@L[-1]
22:15:26.260,-1831.1,10.0,0.0,0.0,RED@L[-1]
22:15:26.267,-1831.1,10.0,0.0,0.0,RED@L[-1]
22:15:26.272,-1831.1,10.0,0.0,0.0,RED@L[-1]
22:15:26.277,-1831.1,10.0,0.0,0.0,RED@L[-1]
22:15:26.283,-1831.1,10.0,0.0,0.0,RED@L[-1]
22:15:26.290,-2368.0,10.0,0.0,0.0,RED@L[-1]
22:15:26.296,-2368.0,10.0,0.0,0.0,RED@L[-1]
22:15:26.300,-2368.0,10.0,0.0,0.0,RED@L[-1]
22:15:26.307,-2368.0,10.0,0.0,0.0,RED@L[-1]
22:15:26.312,-2368.0,10.0,0.0,0.0,RED@L[-1]
22:15:26.318,-2029.9,10.0,0.0,0.0,RED@L[-1]
22:15:26.323,-2029.9,10.0,0.0,0.0,RED@L[-1]
22:15:26.330,-2029.9,10.0,0.0,0.0,RED@L[-1]
22:15:26.334,-2029.9,10.0,0.0,0.0,RED@L[-1]
22:15:26.340,-2029.9,10.0,0.0,0.0,RED@L[-1]
22:15:26.346,-2029.9,10.0,0.0,0.0,RED@L[-1]
22:15:26.352,-2754.1,10.0,0.0,0.0,RED@L[-1]
22:15:26.358,-2754.1,10.0,0.0,0.0,RED@L[-1]
22:15:26.363,-2754.1,10.0,0.0,0.0,RED@L[-1]
22:15:26.370,-2754.1,10.0,0.0,0.0,RED@L[-1]
22:15:26.374,-2754.1,10.0,0.0,0.0,RED@L[-1]
22:15:26.380,0.0,10.0,0.0,0.0,
22:15:26.386,0.0,10.0,0.0,0.0,
22:15:26.392,0.0,10.0,0.0,0.0,
22:15:26.398,0.0,10.0,0.0,0.0,
22:15:26.403,0.0,10.0,0.0,0.0,
22:15:26.409,0.0,10.0,0.0,0.0,
22:15:26.415,0.0,10.0,0.0,0.0,
22:15:26.420,0.0,10.0,0.0,0.0,
22:15:26.427,0.0,10.0,0.0,0.0,
22:15:26.432,0.0,10.0,0.0,0.0,
22:15:26.437,0.0,10.0,0.0,0.0,
22:15:26.445,0.0,10.0,0.0,0.0,
22:15:26.450,0.0,10.0,0.0,0.0,
22:15:26.455,0.0,10.0,0.0,0.0,
22:15:26.461,0.0,10.0,0.0,0.0,
22:15:26.469,0.0,10.0,0.0,0.0,
22:15:26.474,0.0,10.0,0.0,0.0,
22:15:26.478,0.0,10.0,0.0,0.0,
22:15:26.484,0.0,10.0,0.0,0.0,
22:15:26.490,0.0,10.0,0.0,0.0,
22:15:26.495,0.0,10.0,0.0,0.0,
22:15:26.502,0.0,10.0,0.0,0.0,
22:15:26.507,0.0,10.0,0.0,0.0,
22:15:26.512,0.0,10.0,0.0,0.0,
22:15:26.518,0.0,10.0,0.0,0.0,
22:15:26.524,0.0,10.0,0.0,0.0,
22:15:26.531,0.0,-437.3,0.0,-1.0,YELLOW@L[0]
22:15:26.536,0.0,-437.3,0.0,-1.0,YELLOW@L[0]
22:15:26.543,0.0,-437.3,0.0,-1.0,YELLOW@L[0]
22:15:26.549,0.0,-437.3,0.0,-1.0,YELLOW@L[0]
22:15:26.553,0.0,-437.3,0.0,-1.0,YELLOW@L[0]
22:15:26.558,0.0,-437.3,0.0,-1.0,YELLOW@L[0]
22:15:26.565,0.0,-0.1,0.0,-1.0,GREEN@L[0] | YELLOW@L[0]
22:15:26.571,0.0,-0.1,0.0,-1.0,GREEN@L[0] | YELLOW@L[0]
22:15:26.577,0.0,-0.1,0.0,-1.0,GREEN@L[0] | YELLOW@L[0]
22:15:26.582,0.0,-0.1,0.0,-1.0,GREEN@L[0] | YELLOW@L[0]
22:15:26.588,0.0,-0.1,0.0,-1.0,GREEN@L[0] | YELLOW@L[0]
22:15:26.594,0.0,-413.2,0.0,-1.0,YELLOW@L[0]
22:15:26.601,0.0,-413.2,0.0,-1.0,YELLOW@L[0]
22:15:26.605,0.0,-413.2,0.0,-1.0,YELLOW@L[0]
22:15:26.611,0.0,-413.2,0.0,-1.0,YELLOW@L[0]
22:15:26.617,0.0,-413.2,0.0,-1.0,YELLOW@L[0]
22:15:26.623,0.0,-399.6,-409.6,-1.0,"YELLOW@L[0, 1]"
22:15:26.629,0.0,-399.6,-409.6,-1.0,"YELLOW@L[0, 1]"
22:15:26.634,0.0,-399.6,-409.6,-1.0,"YELLOW@L[0, 1]"
22:15:26.639,0.0,-399.6,-409.6,-1.0,"YELLOW@L[0, 1]"
22:15:26.645,0.0,-399.6,-409.6,-1.0,"YELLOW@L[0, 1]"
22:15:26.650,0.0,-394.3,-404.3,-1.0,"YELLOW@L[0, 1]"
22:15:26.658,0.0,-394.3,-404.3,-1.0,"YELLOW@L[0, 1]"
22:15:26.666,0.0,-394.3,-404.3,-1.0,"YELLOW@L[0, 1]"
22:15:26.670,0.0,-394.3,-404.3,-1.0,"YELLOW@L[0, 1]"
22:15:26.675,0.0,-394.3,-404.3,-1.0,"YELLOW@L[0, 1]"
22:15:26.680,0.0,-390.0,-400.0,-1.0,"YELLOW@L[0, 1]"
22:15:26.686,0.0,-390.0,-400.0,-1.0,"YELLOW@L[0, 1]"
22:15:26.695,0.0,-390.0,-400.0,-1.0,"YELLOW@L[0, 1]"
22:15:26.700,0.0,-390.0,-400.0,-1.0,"YELLOW@L[0, 1]"
22:15:26.703,0.0,-390.0,-400.0,-1.0,"YELLOW@L[0, 1]"
22:15:26.707,0.0,-390.0,-400.0,-1.0,"YELLOW@L[0, 1]"
22:15:26.713,0.0,10.0,0.0,-1.0,
22:15:26.720,0.0,10.0,0.0,-1.0,
22:15:26.726,0.0,10.0,0.0,-1.0,
22:15:26.731,0.0,10.0,0.0,-1.0,
22:15:26.736,0.0,10.0,0.0,-1.0,
22:15:26.742,-1800.0,-1790.0,0.0,-1.0,"RED@L[-1, 0]"
22:15:26.747,-1800.0,-1790.0,0.0,-1.0,"RED@L[-1, 0]"
22:15:26.753,-1800.0,-1790.0,0.0,1.0,"RED@L[-1, 0]"
22:15:26.760,-1800.0,-1790.0,0.0,1.0,"RED@L[-1, 0]"
22:15:26.764,-1800.0,-1790.0,0.0,1.0,"RED@L[-1, 0]"
22:15:26.769,-3442.0,10.0,0.0,1.0,RED@L[-1] | RED@L[-1]
22:15:26.776,-3442.0,10.0,0.0,1.0,RED@L[-1] | RED@L[-1]
22:15:26.782,-3442.0,10.0,0.0,1.0,RED@L[-1] | RED@L[-1]
22:15:26.788,-3442.0,10.0,0.0,1.0,RED@L[-1] | RED@L[-1]
22:15:26.792,-3442.0,10.0,0.0,1.0,RED@L[-1] | RED@L[-1]
22:15:26.799,-3407.1,10.0,0.0,1.0,RED@L[-1] | RED@L[-1]
22:15:26.806,-3407.1,10.0,0.0,1.0,RED@L[-1] | RED@L[-1]
22:15:26.812,-3407.1,10.0,0.0,1.0,RED@L[-1] | RED@L[-1]
22:15:26.815,-3407.1,10.0,0.0,1.0,RED@L[-1] | RED@L[-1]
22:15:26.821,-3407.1,10.0,0.0,1.0,RED@L[-1] | RED@L[-1]
22:15:26.827,-3407.1,10.0,0.0,0.0,RED@L[-1] | RED@L[-1]
22:15:26.832,-5766.6,10.0,0.0,0.0,RED@L[-1] | RED@L[-1] | RED@L[-1] | RED@L[-1]
22:15:26.839,-5766.6,10.0,0.0,0.0,RED@L[-1] | RED@L[-1] | RED@L[-1] | RED@L[-1]
22:15:26.843,-5766.6,10.0,0.0,0.0,RED@L[-1] | RED@L[-1] | RED@L[-1] | RED@L[-1]
22:15:26.850,-5766.6,10.0,0.0,0.0,RED@L[-1] | RED@L[-1] | RED@L[-1] | RED@L[-1]
22:15:26.855,-5766.6,10.0,0.0,0.0,RED@L[-1] | RED@L[-1] | RED@L[-1] | RED@L[-1]
22:15:26.860,-6919.2,10.0,0.0,0.0,RED@L[-1] | RED@L[-1] | RED@L[-1] | RED@L[-1]
22:15:26.866,-6919.2,10.0,0.0,0.0,RED@L[-1] | RED@L[-1] | RED@L[-1] | RED@L[-1]
22:15:26.871,-6919.2,10.0,0.0,0.0,RED@L[-1] | RED@L[-1] | RED@L[-1] | RED@L[-1]
22:15:26.878,-6919.2,10.0,0.0,0.0,RED@L[-1] | RED@L[-1] | RED@L[-1] | RED@L[-1]
22:15:26.883,-6919.2,10.0,0.0,0.0,RED@L[-1] | RED@L[-1] | RED@L[-1] | RED@L[-1]
22:15:26.890,-4029.6,10.0,0.0,0.0,RED@L[-1] | RED@L[-1] | RED@L[-1]
22:15:26.896,-4029.6,10.0,0.0,0.0,RED@L[-1] | RED@L[-1] | RED@L[-1]
22:15:26.901,-4029.6,10.0,0.0,0.0,RED@L[-1] | RED@L[-1] | RED@L[-1]
22:15:26.908,-4029.6,10.0,0.0,0.0,RED@L[-1] | RED@L[-1] | RED@L[-1]
22:15:26.914,-4029.6,10.0,0.0,0.0,RED@L[-1] | RED@L[-1] | RED@L[-1]
22:15:26.920,-4443.2,10.0,0.0,0.0,RED@L[-1] | RED@L[-1]
22:15:26.924,-4443.2,10.0,0.0,0.0,RED@L[-1] | RED@L[-1]
22:15:26.931,-4443.2,10.0,0.0,0.0,RED@L[-1] | RED@L[-1]
22:15:26.935,-4443.2,10.0,0.0,0.0,RED@L[-1] | RED@L[-1]
22:15:26.941,-4443.2,10.0,0.0,0.0,RED@L[-1] | RED@L[-1]
22:15:26.947,-4443.2,10.0,0.0,0.0,RED@L[-1] | RED@L[-1]
22:15:26.952,0.0,10.0,0.0,0.0,
22:15:26.959,0.0,10.0,0.0,0.0,
22:15:26.965,0.0,10.0,0.0,0.0,
22:15:26.970,0.0,10.0,0.0,0.0,
22:15:26.977,0.0,10.0,0.0,0.0,
22:15:26.982,0.0,-390.0,-400.0,-1.0,"YELLOW@L[0, 1]"
22:15:26.989,0.0,-390.0,-400.0,-1.0,"YELLOW@L[0, 1]"
22:15:26.993,0.0,-390.0,-400.0,-1.0,"YELLOW@L[0, 1]"
22:15:26.998,0.0,-390.0,-400.0,-1.0,"YELLOW@L[0, 1]"
22:15:27.004,0.0,-390.0,-400.0,-1.0,"YELLOW@L[0, 1]"
22:15:27.009,0.0,10.0,0.0,-1.0,
22:15:27.015,0.0,10.0,0.0,-1.0,
22:15:27.020,0.0,10.0,0.0,-1.0,
22:15:27.027,0.0,10.0,0.0,-1.0,
22:15:27.032,0.0,10.0,0.0,-1.0,
22:15:27.038,0.0,10.0,0.0,-1.0,
22:15:27.044,0.0,10.0,0.0,-1.0,
22:15:27.049,0.0,10.0,0.0,-1.0,
22:15:27.055,0.0,10.0,0.0,0.0,
22:15:27.062,0.0,10.0,0.0,0.0,
22:15:27.069,0.0,10.0,0.0,0.0,
22:15:27.075,0.0,10.0,0.0,0.0,
22:15:27.080,0.0,10.0,0.0,0.0,
22:15:27.086,0.0,10.0,0.0,0.0,
22:15:27.093,0.0,10.0,0.0,0.0,
22:15:27.097,0.0,10.0,0.0,0.0,
22:15:27.102,0.0,10.0,0.0,0.0,
22:15:27.109,0.0,10.0,0.0,0.0,
22:15:27.114,0.0,10.0,0.0,0.0,
22:15:27.120,0.0,10.0,0.0,0.0,
22:15:27.127,0.0,10.0,0.0,0.0,
22:15:27.134,0.0,10.0,0.0,0.0,
22:15:27.139,0.0,10.0,0.0,0.0,
22:15:27.144,0.0,10.0,0.0,0.0,
22:15:27.150,0.0,10.0,0.0,0.0,
22:15:27.155,0.0,10.0,0.0,0.0,
22:15:27.162,0.0,10.0,0.0,0.0,
22:15:27.167,0.0,10.0,0.0,0.0,
22:15:27.173,0.0,10.0,0.0,0.0,
22:15:27.179,0.0,10.0,0.0,0.0,
22:15:27.185,0.0,10.0,0.0,0.0,
22:15:27.191,-3239.3,10.0,0.0,0.0,RED@L[-1]
22:15:27.196,-3239.3,10.0,0.0,0.0,RED@L[-1]
22:15:27.202,-3239.3,10.0,0.0,0.0,RED@L[-1]
22:15:27.208,-3239.3,10.0,0.0,0.0,RED@L[-1]
22:15:27.214,-3239.3,10.0,0.0,0.0,RED@L[-1]
22:15:27.221,-2754.1,10.0,0.0,0.0,RED@L[-1]
22:15:27.228,-2754.1,10.0,0.0,0.0,RED@L[-1]
22:15:27.232,-2754.1,10.0,0.0,0.0,RED@L[-1]
22:15:27.238,-2754.1,10.0,0.0,0.0,RED@L[-1]
22:15:27.245,-2754.1,10.0,0.0,0.0,RED@L[-1]
22:15:27.250,0.0,10.0,0.0,0.0,
22:15:27.257,0.0,10.0,0.0,0.0,
22:15:27.262,0.0,10.0,0.0,0.0,
22:15:27.267,0.0,10.0,0.0,0.0,
22:15:27.272,0.0,10.0,0.0,0.0,
22:15:27.278,0.0,10.0,0.0,0.0,
22:15:27.284,0.0,10.0,0.0,0.0,
22:15:27.292,0.0,10.0,0.0,0.0,
22:15:27.296,0.0,10.0,0.0,0.0,
22:15:27.303,0.0,10.0,0.0,0.0,
22:15:27.307,0.0,10.0,0.0,0.0,
22:15:27.314,0.0,10.0,0.0,0.0,
22:15:27.321,0.0,10.0,0.0,0.0,
22:15:27.325,0.0,10.0,0.0,0.0,
22:15:27.330,0.0,10.0,0.0,0.0,
22:15:27.336,0.0,10.0,0.0,0.0,
22:15:27.343,0.0,10.0,0.0,0.0,
22:15:27.348,0.0,10.0,0.0,0.0,
22:15:27.354,0.0,10.0,0.0,0.0,
22:15:27.358,0.0,10.0,0.0,0.0,
22:15:27.364,0.0,10.0,0.0,0.0,
22:15:27.370,0.0,10.0,0.0,0.0,
22:15:27.375,0.0,10.0,0.0,0.0,
22:15:27.380,0.0,10.0,0.0,0.0,
22:15:27.387,0.0,10.0,0.0,0.0,
22:15:27.391,0.0,10.0,0.0,0.0,
22:15:27.397,0.0,10.0,0.0,0.0,
22:15:27.404,0.0,10.0,0.0,0.0,
22:15:27.410,0.0,10.0,0.0,0.0,
22:15:27.416,0.0,10.0,0.0,0.0,
22:15:27.421,0.0,10.0,0.0,0.0,
22:15:27.426,0.0,10.0,0.0,0.0,
22:15:27.433,0.0,10.0,0.0,0.0,
22:15:27.439,0.0,10.0,0.0,0.0,
22:15:27.447,0.0,10.0,0.0,0.0,
22:15:27.453,0.0,10.0,0.0,0.0,
22:15:27.457,0.0,10.0,0.0,0.0,
22:15:27.464,0.0,10.0,0.0,0.0,
22:15:27.470,0.0,10.0,0.0,0.0,
22:15:27.474,0.0,10.0,0.0,0.0,
22:15:27.478,0.0,10.0,0.0,0.0,
22:15:27.484,0.0,10.0,0.0,0.0,
22:15:27.491,0.0,10.0,0.0,0.0,
22:15:27.497,0.0,10.0,0.0,0.0,
22:15:27.501,0.0,10.0,0.0,0.0,
22:15:27.507,0.0,10.0,0.0,0.0,
22:15:27.512,0.0,10.0,0.0,0.0,
22:15:27.518,0.0,10.0,0.0,0.0,
22:15:27.524,0.0,10.0,0.0,0.0,
22:15:27.529,0.0,10.0,0.0,0.0,
22:15:27.536,0.0,10.0,0.0,0.0,
22:15:27.541,0.0,10.0,0.0,0.0,
22:15:27.546,0.0,10.0,0.0,0.0,
22:15:27.552,0.0,10.0,0.0,0.0,
22:15:27.558,0.0,10.0,0.0,0.0,
22:15:27.563,0.0,10.0,0.0,0.0,
22:15:27.568,0.0,10.0,0.0,0.0,
22:15:27.573,0.0,10.0,0.0,0.0,
22:15:27.579,0.0,10.0,0.0,0.0,
22:15:27.584,0.0,10.0,0.0,0.0,
22:15:27.592,0.0,10.0,0.0,0.0,
22:15:27.597,0.0,10.0,0.0,0.0,
22:15:27.602,0.0,10.0,0.0,0.0,
22:15:27.608,0.0,10.0,0.0,0.0,
22:15:27.614,-1927.8,10.0,0.0,0.0,RED@L[-1]
22:15:27.621,-1927.8,10.0,0.0,0.0,RED@L[-1]
22:15:27.626,-1927.8,10.0,0.0,0.0,RED@L[-1]
22:15:27.632,-1927.8,10.0,0.0,0.0,RED@L[-1]
22:15:27.638,-2174.3,10.0,0.0,0.0,RED@L[-1]
22:15:27.645,-2174.3,10.0,0.0,0.0,RED@L[-1]
22:15:27.649,-2174.3,10.0,0.0,0.0,RED@L[-1]
22:15:27.655,-2174.3,10.0,0.0,0.0,RED@L[-1]
22:15:27.660,-2174.3,10.0,0.0,0.0,RED@L[-1]
22:15:27.667,-4482.0,10.0,0.0,0.0,RED@L[-1] | RED@L[-1] | RED@L[-1]
22:15:27.672,-4482.0,10.0,0.0,0.0,RED@L[-1] | RED@L[-1] | RED@L[-1]
22:15:27.678,-4482.0,10.0,0.0,0.0,RED@L[-1] | RED@L[-1] | RED@L[-1]
22:15:27.682,-4482.0,10.0,0.0,0.0,RED@L[-1] | RED@L[-1] | RED@L[-1]
22:15:27.690,-4482.0,10.0,0.0,0.0,RED@L[-1] | RED@L[-1] | RED@L[-1]
22:15:27.695,-8429.3,10.0,0.0,0.0,RED@L[-1] | RED@L[-1] | RED@L[-1] | RED@L[-1]
22:15:27.698,-8429.3,10.0,0.0,0.0,RED@L[-1] | RED@L[-1] | RED@L[-1] | RED@L[-1]
22:15:27.705,-8429.3,10.0,0.0,0.0,RED@L[-1] | RED@L[-1] | RED@L[-1] | RED@L[-1]
22:15:27.710,-8429.3,10.0,0.0,0.0,RED@L[-1] | RED@L[-1] | RED@L[-1] | RED@L[-1]
22:15:27.716,-8429.3,10.0,0.0,0.0,RED@L[-1] | RED@L[-1] | RED@L[-1] | RED@L[-1]
22:15:27.722,-5850.0,10.0,0.0,0.0,RED@L[-1] | RED@L[-1] | RED@L[-1] | RED@L[-1]
22:15:27.726,-5850.0,10.0,0.0,0.0,RED@L[-1] | RED@L[-1] | RED@L[-1] | RED@L[-1]
22:15:27.733,-5850.0,10.0,0.0,0.0,RED@L[-1] | RED@L[-1] | RED@L[-1] | RED@L[-1]
22:15:27.739,-5850.0,10.0,0.0,0.0,RED@L[-1] | RED@L[-1] | RED@L[-1] | RED@L[-1]
22:15:27.745,-5850.0,10.0,0.0,0.0,RED@L[-1] | RED@L[-1] | RED@L[-1] | RED@L[-1]
22:15:27.750,-9130.8,10.0,0.0,0.0,RED@L[-1] | RED@L[-1] | RED@L[-1] | RED@L[-1] | RED@L[-1]
22:15:27.756,-9130.8,10.0,0.0,0.0,RED@L[-1] | RED@L[-1] | RED@L[-1] | RED@L[-1] | RED@L[-1]
22:15:27.762,-9130.8,10.0,0.0,0.0,RED@L[-1] | RED@L[-1] | RED@L[-1] | RED@L[-1] | RED@L[-1]
22:15:27.768,-9130.8,10.0,0.0,0.0,RED@L[-1] | RED@L[-1] | RED@L[-1] | RED@L[-1] | RED@L[-1]
22:15:27.773,-9130.8,10.0,0.0,0.0,RED@L[-1] | RED@L[-1] | RED@L[-1] | RED@L[-1] | RED@L[-1]
22:15:27.779,-9130.8,10.0,0.0,0.0,RED@L[-1] | RED@L[-1] | RED@L[-1] | RED@L[-1] | RED@L[-1]
22:15:27.785,-4356.8,10.0,0.0,0.0,RED@L[-1] | RED@L[-1] | RED@L[-1]
22:15:27.793,-4356.8,10.0,0.0,0.0,RED@L[-1] | RED@L[-1] | RED@L[-1]
22:15:27.796,-4356.8,10.0,0.0,0.0,RED@L[-1] | RED@L[-1] | RED@L[-1]
22:15:27.801,-4356.8,10.0,0.0,0.0,RED@L[-1] | RED@L[-1] | RED@L[-1]
22:15:27.809,-3763.0,10.0,0.0,0.0,RED@L[-1] | RED@L[-1] | RED@L[-1]
22:15:27.813,-3763.0,10.0,0.0,0.0,RED@L[-1] | RED@L[-1] | RED@L[-1]
22:15:27.820,-3763.0,10.0,0.0,0.0,RED@L[-1] | RED@L[-1] | RED@L[-1]
22:15:27.825,-3763.0,10.0,0.0,0.0,RED@L[-1] | RED@L[-1] | RED@L[-1]
22:15:27.829,-3763.0,10.0,0.0,0.0,RED@L[-1] | RED@L[-1] | RED@L[-1]
22:15:27.837,-5875.7,10.0,0.0,0.0,RED@L[-1] | RED@L[-1] | RED@L[-1]
22:15:27.841,-5875.7,10.0,0.0,0.0,RED@L[-1] | RED@L[-1] | RED@L[-1]
22:15:27.848,-5875.7,10.0,0.0,0.0,RED@L[-1] | RED@L[-1] | RED@L[-1]
22:15:27.853,-5875.7,10.0,0.0,0.0,RED@L[-1] | RED@L[-1] | RED@L[-1]
22:15:27.858,-5875.7,10.0,0.0,0.0,RED@L[-1] | RED@L[-1] | RED@L[-1]
22:15:27.866,-2786.1,10.0,0.0,0.0,RED@L[-1] | RED@L[-1]
22:15:27.869,-2786.1,10.0,0.0,0.0,RED@L[-1] | RED@L[-1]
22:15:27.877,-2786.1,10.0,0.0,0.0,RED@L[-1] | RED@L[-1]
22:15:27.881,-2786.1,10.0,0.0,0.0,RED@L[-1] | RED@L[-1]
22:15:27.887,-2786.1,10.0,0.0,0.0,RED@L[-1] | RED@L[-1]
22:15:27.894,-2407.4,10.0,0.0,0.0,RED@L[-1] | RED@L[-1]
22:15:27.899,-2407.4,10.0,0.0,0.0,RED@L[-1] | RED@L[-1]
22:15:27.905,-2407.4,10.0,0.0,0.0,RED@L[-1] | RED@L[-1]
22:15:27.910,-2407.4,10.0,0.0,0.0,RED@L[-1] | RED@L[-1]
22:15:27.916,-2407.4,10.0,0.0,0.0,RED@L[-1] | RED@L[-1]
22:15:27.922,-3079.6,10.0,0.0,0.0,RED@L[-1] | RED@L[-1]
22:15:27.927,-3079.6,10.0,0.0,0.0,RED@L[-1] | RED@L[-1]
22:15:27.934,-3079.6,10.0,0.0,0.0,RED@L[-1] | RED@L[-1]
22:15:27.940,-3079.6,10.0,0.0,0.0,RED@L[-1] | RED@L[-1]
22:15:27.945,-3079.6,10.0,0.0,0.0,RED@L[-1] | RED@L[-1]
22:15:27.951,-2639.3,10.0,0.0,0.0,RED@L[-1] | RED@L[-1]
22:15:27.956,-2639.3,10.0,0.0,0.0,RED@L[-1] | RED@L[-1]
22:15:27.962,-2639.3,10.0,0.0,0.0,RED@L[-1] | RED@L[-1]
22:15:27.967,-2639.3,10.0,0.0,0.0,RED@L[-1] | RED@L[-1]
22:15:27.974,-2639.3,10.0,0.0,0.0,RED@L[-1] | RED@L[-1]
22:15:27.980,-3411.8,10.0,0.0,0.0,RED@L[-1] | RED@L[-1]
22:15:27.987,-3411.8,10.0,0.0,0.0,RED@L[-1] | RED@L[-1]
22:15:27.994,-3411.8,10.0,0.0,0.0,RED@L[-1] | RED@L[-1]
22:15:27.998,-3411.8,10.0,0.0,0.0,RED@L[-1] | RED@L[-1]
22:15:28.006,-3411.8,10.0,0.0,0.0,RED@L[-1] | RED@L[-1]
22:15:28.009,-3193.2,10.0,0.0,0.0,RED@L[-1] | RED@L[-1]
22:15:28.016,-3193.2,10.0,0.0,0.0,RED@L[-1] | RED@L[-1]
22:15:28.022,-3193.2,10.0,0.0,0.0,RED@L[-1] | RED@L[-1]
22:15:28.026,-3193.2,10.0,0.0,0.0,RED@L[-1] | RED@L[-1]
22:15:28.033,-3193.2,10.0,0.0,0.0,RED@L[-1] | RED@L[-1]
22:15:28.038,-1653.6,10.0,0.0,0.0,RED@L[-1]
22:15:28.045,-1653.6,10.0,0.0,0.0,RED@L[-1]
22:15:28.051,-1653.6,10.0,0.0,0.0,RED@L[-1]
22:15:28.057,-1653.6,10.0,0.0,0.0,RED@L[-1]
22:15:28.062,-1653.6,10.0,0.0,0.0,RED@L[-1]
22:15:28.069,-2029.9,10.0,0.0,0.0,RED@L[-1]
22:15:28.075,-2029.9,10.0,0.0,0.0,RED@L[-1]
22:15:28.080,-2029.9,10.0,0.0,0.0,RED@L[-1]
22:15:28.086,-2029.9,10.0,0.0,0.0,RED@L[-1]
22:15:28.092,-5672.5,10.0,0.0,0.0,RED@L[-1] | RED@L[-1]
22:15:28.099,-5672.5,10.0,0.0,0.0,RED@L[-1] | RED@L[-1]
22:15:28.105,-5672.5,10.0,0.0,0.0,RED@L[-1] | RED@L[-1]
22:15:28.111,-5672.5,10.0,0.0,0.0,RED@L[-1] | RED@L[-1]
22:15:28.118,-5672.5,10.0,0.0,0.0,RED@L[-1] | RED@L[-1]
22:15:28.123,0.0,10.0,0.0,0.0,
22:15:28.129,0.0,10.0,0.0,0.0,
22:15:28.136,0.0,10.0,0.0,0.0,
22:15:28.141,0.0,10.0,0.0,0.0,
22:15:28.146,0.0,10.0,0.0,0.0,
22:15:28.152,-3137.6,10.0,0.0,0.0,RED@L[-1]
22:15:28.159,-3137.6,10.0,0.0,0.0,RED@L[-1]
22:15:28.164,-3137.6,10.0,0.0,0.0,RED@L[-1]
22:15:28.170,-3137.6,10.0,0.0,0.0,RED@L[-1]
22:15:28.176,-3137.6,10.0,0.0,0.0,RED@L[-1]
22:15:28.181,0.0,10.0,0.0,0.0,
22:15:28.187,0.0,10.0,0.0,0.0,
22:15:28.195,0.0,10.0,0.0,0.0,
22:15:28.199,0.0,10.0,0.0,0.0,
22:15:28.204,0.0,10.0,0.0,0.0,
22:15:28.210,0.0,10.0,0.0,0.0,
22:15:28.215,0.0,10.0,0.0,0.0,
22:15:28.222,0.0,10.0,0.0,0.0,
22:15:28.227,0.0,10.0,0.0,0.0,
22:15:28.232,0.0,10.0,0.0,0.0,
22:15:28.238,0.0,10.0,0.0,0.0,
22:15:28.243,0.0,10.0,0.0,0.0,
22:15:28.250,0.0,10.0,0.0,0.0,
22:15:28.256,0.0,10.0,0.0,0.0,
22:15:28.261,0.0,10.0,0.0,0.0,
22:15:28.267,0.0,10.0,0.0,0.0,
22:15:28.272,0.0,10.0,0.0,0.0,
22:15:28.278,0.0,10.0,0.0,0.0,
22:15:28.285,0.0,10.0,0.0,0.0,
22:15:28.289,0.0,10.0,0.0,0.0,
22:15:28.297,0.0,10.0,0.0,0.0,
22:15:28.303,0.0,10.0,0.0,0.0,
22:15:28.308,0.0,10.0,0.0,0.0,
22:15:28.313,0.0,10.0,0.0,0.0,
22:15:28.318,0.0,10.0,0.0,0.0,
22:15:28.324,0.0,10.0,0.0,0.0,
22:15:28.329,0.0,10.0,0.0,0.0,
22:15:28.335,0.0,10.0,0.0,0.0,
22:15:28.340,0.0,10.0,0.0,0.0,
22:15:28.345,0.0,10.0,0.0,0.0,
22:15:28.350,0.0,10.0,0.0,0.0,
22:15:28.357,0.0,10.0,0.0,0.0,
22:15:28.363,0.0,10.0,0.0,0.0,
22:15:28.370,0.0,10.0,0.0,0.0,
22:15:28.373,0.0,10.0,0.0,0.0,
22:15:28.380,0.0,10.0,0.0,0.0,
22:15:28.384,0.0,10.0,0.0,0.0,
22:15:28.389,0.0,10.0,0.0,0.0,
22:15:28.396,0.0,10.0,0.0,0.0,
22:15:28.401,0.0,10.0,0.0,0.0,
22:15:28.407,0.0,10.0,0.0,0.0,
22:15:28.413,0.0,10.0,0.0,0.0,
22:15:28.418,0.0,10.0,0.0,0.0,
22:15:28.425,0.0,10.0,0.0,0.0,
22:15:28.431,0.0,10.0,0.0,0.0,
22:15:28.438,0.0,10.0,0.0,0.0,
22:15:28.443,0.0,10.0,0.0,0.0,
22:15:28.451,0.0,10.0,0.0,0.0,
22:15:28.457,0.0,10.0,0.0,0.0,
22:15:28.461,0.0,10.0,0.0,0.0,
22:15:28.467,0.0,10.0,0.0,0.0,
22:15:28.474,0.0,10.0,0.0,0.0,
22:15:28.480,0.0,10.0,0.0,0.0,
22:15:28.485,0.0,10.0,0.0,0.0,
22:15:28.491,0.0,10.0,0.0,0.0,
22:15:28.497,0.0,10.0,0.0,0.0,
22:15:28.503,0.0,10.0,0.0,0.0,
22:15:28.509,0.0,10.0,0.0,0.0,
22:15:28.514,0.0,10.0,0.0,0.0,
22:15:28.520,0.0,10.0,0.0,0.0,
22:15:28.526,0.0,10.0,0.0,0.0,
22:15:28.532,0.0,10.0,0.0,0.0,
22:15:28.536,0.0,10.0,0.0,0.0,
22:15:28.544,0.0,10.0,0.0,0.0,
22:15:28.550,-1961.2,10.0,0.0,0.0,RED@L[-1]
22:15:28.556,-1961.2,10.0,0.0,0.0,RED@L[-1]
22:15:28.561,-1961.2,10.0,0.0,0.0,RED@L[-1]
22:15:28.566,-1961.2,10.0,0.0,0.0,RED@L[-1]
22:15:28.572,-1961.2,10.0,0.0,0.0,RED@L[-1]
22:15:28.578,-3906.8,10.0,0.0,0.0,RED@L[-1] | RED@L[-1]
22:15:28.584,-3906.8,10.0,0.0,0.0,RED@L[-1] | RED@L[-1]
22:15:28.591,-3906.8,10.0,0.0,0.0,RED@L[-1] | RED@L[-1]
22:15:28.596,-3906.8,10.0,0.0,0.0,RED@L[-1] | RED@L[-1]
22:15:28.602,-3906.8,10.0,0.0,0.0,RED@L[-1] | RED@L[-1]
22:15:28.606,-1769.5,10.0,0.0,0.0,RED@L[-1]
22:15:28.613,-1769.5,10.0,0.0,0.0,RED@L[-1]
22:15:28.619,-1769.5,10.0,0.0,0.0,RED@L[-1]
22:15:28.625,-1769.5,10.0,0.0,0.0,RED@L[-1]
22:15:28.630,-1769.5,10.0,0.0,0.0,RED@L[-1]
22:15:28.637,-4719.8,10.0,0.0,0.0,RED@L[-1] | RED@L[-1] | RED@L[-1]
22:15:28.641,-4719.8,10.0,0.0,0.0,RED@L[-1] | RED@L[-1] | RED@L[-1]
22:15:28.647,-4719.8,10.0,0.0,0.0,RED@L[-1] | RED@L[-1] | RED@L[-1]
22:15:28.653,-4719.8,10.0,0.0,0.0,RED@L[-1] | RED@L[-1] | RED@L[-1]
22:15:28.658,-4719.8,10.0,0.0,0.0,RED@L[-1] | RED@L[-1] | RED@L[-1]
22:15:28.664,-6815.7,10.0,0.0,0.0,RED@L[-1] | RED@L[-1] | RED@L[-1] | RED@L[-1]
22:15:28.672,-6815.7,10.0,0.0,0.0,RED@L[-1] | RED@L[-1] | RED@L[-1] | RED@L[-1]
22:15:28.676,-6815.7,10.0,0.0,0.0,RED@L[-1] | RED@L[-1] | RED@L[-1] | RED@L[-1]
22:15:28.682,-6815.7,10.0,0.0,0.0,RED@L[-1] | RED@L[-1] | RED@L[-1] | RED@L[-1]
22:15:28.689,-6815.7,10.0,0.0,0.0,RED@L[-1] | RED@L[-1] | RED@L[-1] | RED@L[-1]
22:15:28.694,-4627.5,10.0,0.0,0.0,RED@L[-1] | RED@L[-1] | RED@L[-1]
22:15:28.700,-4627.5,10.0,0.0,0.0,RED@L[-1] | RED@L[-1] | RED@L[-1]
22:15:28.706,-4627.5,10.0,0.0,0.0,RED@L[-1] | RED@L[-1] | RED@L[-1]
22:15:28.711,-4627.5,10.0,0.0,0.0,RED@L[-1] | RED@L[-1] | RED@L[-1]
22:15:28.717,-4339.9,10.0,0.0,0.0,RED@L[-1] | RED@L[-1] | RED@L[-1]
22:15:28.722,-4339.9,10.0,0.0,0.0,RED@L[-1] | RED@L[-1] | RED@L[-1]
22:15:28.728,-4339.9,10.0,0.0,0.0,RED@L[-1] | RED@L[-1] | RED@L[-1]
22:15:28.733,-4339.9,10.0,0.0,0.0,RED@L[-1] | RED@L[-1] | RED@L[-1]
22:15:28.739,-4339.9,10.0,0.0,0.0,RED@L[-1] | RED@L[-1] | RED@L[-1]
22:15:28.744,-4339.9,10.0,0.0,0.0,RED@L[-1] | RED@L[-1] | RED@L[-1]
22:15:28.750,-6410.7,10.0,0.0,0.0,RED@L[-1] | RED@L[-1] | RED@L[-1] | RED@L[-1]
22:15:28.758,-6410.7,10.0,0.0,0.0,RED@L[-1] | RED@L[-1] | RED@L[-1] | RED@L[-1]
22:15:28.762,-6410.7,10.0,0.0,0.0,RED@L[-1] | RED@L[-1] | RED@L[-1] | RED@L[-1]
22:15:28.768,-6410.7,10.0,0.0,0.0,RED@L[-1] | RED@L[-1] | RED@L[-1] | RED@L[-1]
22:15:28.773,-4179.3,10.0,0.0,0.0,RED@L[-1] | RED@L[-1] | RED@L[-1]
22:15:28.778,-4179.3,10.0,0.0,0.0,RED@L[-1] | RED@L[-1] | RED@L[-1]
22:15:28.787,-4179.3,10.0,0.0,0.0,RED@L[-1] | RED@L[-1] | RED@L[-1]
22:15:28.790,-4179.3,10.0,0.0,0.0,RED@L[-1] | RED@L[-1] | RED@L[-1]
22:15:28.796,-4179.3,10.0,0.0,0.0,RED@L[-1] | RED@L[-1] | RED@L[-1]
22:15:28.802,-4179.3,10.0,0.0,0.0,RED@L[-1] | RED@L[-1] | RED@L[-1]
22:15:28.807,-4393.2,10.0,0.0,0.0,RED@L[-1] | RED@L[-1] | RED@L[-1]
22:15:28.814,-4393.2,10.0,0.0,0.0,RED@L[-1] | RED@L[-1] | RED@L[-1]
22:15:28.818,-4393.2,10.0,0.0,0.0,RED@L[-1] | RED@L[-1] | RED@L[-1]
22:15:28.825,-4393.2,10.0,0.0,0.0,RED@L[-1] | RED@L[-1] | RED@L[-1]
22:15:28.830,-4393.2,10.0,0.0,0.0,RED@L[-1] | RED@L[-1] | RED@L[-1]
22:15:28.837,-3555.3,10.0,0.0,0.0,RED@L[-1] | RED@L[-1] | RED@L[-1]
22:15:28.842,-3555.3,10.0,0.0,0.0,RED@L[-1] | RED@L[-1] | RED@L[-1]
22:15:28.847,-3555.3,10.0,0.0,0.0,RED@L[-1] | RED@L[-1] | RED@L[-1]
22:15:28.853,-3555.3,10.0,0.0,0.0,RED@L[-1] | RED@L[-1] | RED@L[-1]
22:15:28.859,-2657.1,10.0,0.0,0.0,RED@L[-1] | RED@L[-1]
22:15:28.863,-2657.1,10.0,0.0,0.0,RED@L[-1] | RED@L[-1]
22:15:28.871,-2657.1,10.0,0.0,0.0,RED@L[-1] | RED@L[-1]
22:15:28.875,-2657.1,10.0,0.0,0.0,RED@L[-1] | RED@L[-1]
22:15:28.881,-2657.1,10.0,0.0,0.0,RED@L[-1] | RED@L[-1]
22:15:28.888,-5673.4,10.0,0.0,0.0,RED@L[-1] | RED@L[-1] | RED@L[-1]
22:15:28.893,-5673.4,10.0,0.0,0.0,RED@L[-1] | RED@L[-1] | RED@L[-1]
22:15:28.899,-5673.4,10.0,0.0,0.0,RED@L[-1] | RED@L[-1] | RED@L[-1]
22:15:28.904,-5673.4,10.0,0.0,0.0,RED@L[-1] | RED@L[-1] | RED@L[-1]
22:15:28.910,-5673.4,10.0,0.0,0.0,RED@L[-1] | RED@L[-1] | RED@L[-1]
22:15:28.916,-4069.2,10.0,0.0,0.0,RED@L[-1] | RED@L[-1] | RED@L[-1]
22:15:28.921,-4069.2,10.0,0.0,0.0,RED@L[-1] | RED@L[-1] | RED@L[-1]
22:15:28.927,-4069.2,10.0,0.0,0.0,RED@L[-1] | RED@L[-1] | RED@L[-1]
22:15:28.933,-4069.2,10.0,0.0,0.0,RED@L[-1] | RED@L[-1] | RED@L[-1]
22:15:28.939,-4069.2,10.0,0.0,0.0,RED@L[-1] | RED@L[-1] | RED@L[-1]
22:15:28.945,-4492.0,10.0,0.0,0.0,RED@L[-1] | RED@L[-1] | RED@L[-1]
22:15:28.951,-4492.0,10.0,0.0,0.0,RED@L[-1] | RED@L[-1] | RED@L[-1]
22:15:28.955,-4492.0,10.0,0.0,0.0,RED@L[-1] | RED@L[-1] | RED@L[-1]
22:15:28.962,-4492.0,10.0,0.0,0.0,RED@L[-1] | RED@L[-1] | RED@L[-1]
22:15:28.967,-4492.0,10.0,0.0,0.0,RED@L[-1] | RED@L[-1] | RED@L[-1]
22:15:28.973,-2605.0,10.0,0.0,0.0,RED@L[-1] | RED@L[-1]
22:15:28.979,-2605.0,10.0,0.0,0.0,RED@L[-1] | RED@L[-1]
22:15:28.986,-2605.0,10.0,0.0,0.0,RED@L[-1] | RED@L[-1]
22:15:28.992,-2605.0,10.0,0.0,0.0,RED@L[-1] | RED@L[-1]
22:15:28.998,-2605.0,10.0,0.0,0.0,RED@L[-1] | RED@L[-1]
22:15:29.003,-4224.3,10.0,0.0,0.0,RED@L[-1] | RED@L[-1] | RED@L[-1]
22:15:29.010,-4224.3,10.0,0.0,0.0,RED@L[-1] | RED@L[-1] | RED@L[-1]
22:15:29.015,-4224.3,10.0,0.0,0.0,RED@L[-1] | RED@L[-1] | RED@L[-1]
22:15:29.020,-4224.3,10.0,0.0,0.0,RED@L[-1] | RED@L[-1] | RED@L[-1]
22:15:29.027,-4224.3,10.0,0.0,0.0,RED@L[-1] | RED@L[-1] | RED@L[-1]
22:15:29.032,-1497.3,10.0,0.0,0.0,RED@L[-1]
22:15:29.039,-1497.3,10.0,0.0,0.0,RED@L[-1]
22:15:29.045,-1497.3,10.0,0.0,0.0,RED@L[-1]
22:15:29.050,-1497.3,10.0,0.0,0.0,RED@L[-1]
22:15:29.055,-1497.3,10.0,0.0,0.0,RED@L[-1]
22:15:29.061,-3794.4,10.0,0.0,0.0,RED@L[-1] | RED@L[-1]
22:15:29.067,-3794.4,10.0,0.0,0.0,RED@L[-1] | RED@L[-1]
22:15:29.073,-3794.4,10.0,0.0,0.0,RED@L[-1] | RED@L[-1]
22:15:29.078,-3794.4,10.0,0.0,0.0,RED@L[-1] | RED@L[-1]
22:15:29.085,-3794.4,10.0,0.0,0.0,RED@L[-1] | RED@L[-1]
22:15:29.089,-5187.0,10.0,0.0,0.0,RED@L[-1] | RED@L[-1]
22:15:29.095,-5187.0,10.0,0.0,0.0,RED@L[-1] | RED@L[-1]
22:15:29.103,-5187.0,10.0,0.0,0.0,RED@L[-1] | RED@L[-1]
22:15:29.107,-5187.0,10.0,0.0,0.0,RED@L[-1] | RED@L[-1]
22:15:29.113,-5187.0,10.0,0.0,0.0,RED@L[-1] | RED@L[-1]
22:15:29.119,-3778.1,10.0,0.0,0.0,RED@L[-1] | RED@L[-1]
22:15:29.125,-3778.1,10.0,0.0,0.0,RED@L[-1] | RED@L[-1]
22:15:29.130,-3778.1,10.0,0.0,0.0,RED@L[-1] | RED@L[-1]
22:15:29.136,-3778.1,10.0,0.0,0.0,RED@L[-1] | RED@L[-1]
22:15:29.142,-3778.1,10.0,0.0,0.0,RED@L[-1] | RED@L[-1]
22:15:29.148,-2893.5,10.0,0.0,0.0,RED@L[-1]
22:15:29.155,-2893.5,10.0,0.0,0.0,RED@L[-1]
22:15:29.159,-2893.5,10.0,0.0,0.0,RED@L[-1]
22:15:29.166,-2893.5,10.0,0.0,0.0,RED@L[-1]
22:15:29.171,-2893.5,10.0,0.0,0.0,RED@L[-1]
22:15:29.178,-2368.0,10.0,0.0,0.0,RED@L[-1]
22:15:29.184,-2368.0,10.0,0.0,0.0,RED@L[-1]
22:15:29.190,-2368.0,10.0,0.0,0.0,RED@L[-1]
22:15:29.195,-2368.0,10.0,0.0,0.0,RED@L[-1]
22:15:29.201,-2368.0,10.0,0.0,0.0,RED@L[-1]
22:15:29.207,-2620.1,10.0,0.0,0.0,RED@L[-1]
22:15:29.214,-2620.1,10.0,0.0,0.0,RED@L[-1]
22:15:29.218,-2620.1,10.0,0.0,0.0,RED@L[-1]
22:15:29.225,-2620.1,10.0,0.0,0.0,RED@L[-1]
22:15:29.230,-3670.1,10.0,0.0,0.0,RED@L[-1]
22:15:29.236,-3670.1,10.0,0.0,0.0,RED@L[-1]
22:15:29.242,-3670.1,10.0,0.0,0.0,RED@L[-1]
22:15:29.248,-3670.1,10.0,0.0,0.0,RED@L[-1]
22:15:29.254,-3670.1,10.0,0.0,0.0,RED@L[-1]
22:15:29.260,0.0,10.0,0.0,0.0,
22:15:29.265,0.0,10.0,0.0,0.0,
22:15:29.273,0.0,10.0,0.0,0.0,
22:15:29.277,0.0,10.0,0.0,0.0,
22:15:29.284,0.0,10.0,0.0,0.0,
22:15:29.290,0.0,10.0,0.0,0.0,
22:15:29.296,0.0,10.0,0.0,0.0,
22:15:29.302,0.0,10.0,0.0,0.0,
22:15:29.307,0.0,10.0,0.0,0.0,
22:15:29.312,0.0,10.0,0.0,0.0,
22:15:29.318,0.0,10.0,0.0,0.0,
22:15:29.324,0.0,10.0,0.0,0.0,
22:15:29.331,0.0,10.0,0.0,0.0,
22:15:29.337,0.0,10.0,0.0,0.0,
22:15:29.342,0.0,10.0,0.0,0.0,
22:15:29.348,0.0,10.0,0.0,0.0,
22:15:29.353,0.0,10.0,0.0,0.0,
22:15:29.360,0.0,10.0,0.0,0.0,
22:15:29.366,0.0,10.0,0.0,0.0,
22:15:29.372,0.0,10.0,0.0,0.0,
22:15:29.379,0.0,10.0,0.0,0.0,
22:15:29.385,0.0,10.0,0.0,0.0,
22:15:29.390,0.0,10.0,0.0,0.0,
22:15:29.395,0.0,10.0,0.0,0.0,
22:15:29.402,0.0,10.0,0.0,0.0,
22:15:29.408,-2491.4,10.0,0.0,0.0,RED@L[-1]
22:15:29.413,-2491.4,10.0,0.0,0.0,RED@L[-1]
22:15:29.420,-2491.4,10.0,0.0,0.0,RED@L[-1]
22:15:29.425,-2491.4,10.0,0.0,0.0,RED@L[-1]
22:15:29.431,-2491.4,10.0,0.0,0.0,RED@L[-1]
22:15:29.437,0.0,10.0,0.0,0.0,
22:15:29.444,0.0,10.0,0.0,0.0,
22:15:29.447,0.0,10.0,0.0,0.0,
22:15:29.454,0.0,10.0,0.0,0.0,
22:15:29.461,0.0,10.0,0.0,0.0,
22:15:29.466,0.0,10.0,0.0,0.0,
22:15:29.472,0.0,10.0,0.0,0.0,
22:15:29.477,0.0,10.0,0.0,0.0,
22:15:29.482,0.0,10.0,0.0,0.0,
22:15:29.488,0.0,10.0,0.0,0.0,
22:15:29.495,-5129.3,-390.0,0.0,1.0,"RED@L[-1] | RED@L[-1] | GRAY@L[-1, 0]"
22:15:29.501,-5129.3,-390.0,0.0,1.0,"RED@L[-1] | RED@L[-1] | GRAY@L[-1, 0]"
22:15:29.508,-5129.3,-390.0,0.0,1.0,"RED@L[-1] | RED@L[-1] | GRAY@L[-1, 0]"
22:15:29.514,-5129.3,-390.0,0.0,1.0,"RED@L[-1] | RED@L[-1] | GRAY@L[-1, 0]"
22:15:29.520,-4426.0,10.0,0.0,1.0,RED@L[-1] | RED@L[-1]
22:15:29.526,-4426.0,10.0,0.0,1.0,RED@L[-1] | RED@L[-1]
22:15:29.532,-4426.0,10.0,0.0,1.0,RED@L[-1] | RED@L[-1]
22:15:29.537,-4426.0,10.0,0.0,1.0,RED@L[-1] | RED@L[-1]
22:15:29.544,-4426.0,10.0,0.0,1.0,RED@L[-1] | RED@L[-1]
22:15:29.548,-2800.0,10.0,0.0,1.0,RED@L[-1]
22:15:29.555,-2800.0,10.0,0.0,1.0,RED@L[-1]
22:15:29.561,-2800.0,10.0,0.0,1.0,RED@L[-1]
22:15:29.566,-2800.0,10.0,0.0,1.0,RED@L[-1]
22:15:29.571,-2800.0,10.0,0.0,0.0,RED@L[-1]
22:15:29.579,0.0,10.0,0.0,0.0,
22:15:29.584,0.0,10.0,0.0,0.0,
22:15:29.589,0.0,10.0,0.0,0.0,
22:15:29.596,0.0,10.0,0.0,0.0,
22:15:29.602,0.0,10.0,0.0,0.0,
22:15:29.607,0.0,10.0,0.0,0.0,
22:15:29.613,0.0,10.0,0.0,0.0,
22:15:29.618,0.0,10.0,0.0,0.0,
22:15:29.624,0.0,10.0,0.0,0.0,
22:15:29.629,0.0,10.0,0.0,0.0,
22:15:29.637,0.0,10.0,0.0,0.0,
22:15:29.642,0.0,10.0,0.0,0.0,
22:15:29.647,0.0,10.0,0.0,0.0,
22:15:29.653,0.0,10.0,0.0,0.0,
22:15:29.658,0.0,10.0,0.0,0.0,
22:15:29.665,0.0,10.0,0.0,0.0,
22:15:29.671,0.0,10.0,0.0,0.0,
22:15:29.677,0.0,10.0,0.0,0.0,
22:15:29.682,0.0,10.0,0.0,0.0,
22:15:29.688,0.0,10.0,0.0,0.0,
22:15:29.694,0.0,10.0,0.0,0.0,
22:15:29.700,0.0,10.0,0.0,0.0,
22:15:29.707,0.0,10.0,0.0,0.0,
22:15:29.713,0.0,10.0,0.0,0.0,
22:15:29.718,0.0,10.0,0.0,0.0,
22:15:29.725,0.0,10.0,0.0,0.0,
22:15:29.732,0.0,10.0,0.0,0.0,
22:15:29.737,0.0,10.0,0.0,0.0,
22:15:29.742,0.0,10.0,0.0,0.0,
22:15:29.748,0.0,10.0,0.0,0.0,
22:15:29.754,0.0,10.0,0.0,0.0,
22:15:29.760,0.0,10.0,0.0,0.0,
22:15:29.766,0.0,10.0,0.0,0.0,
22:15:29.771,0.0,10.0,0.0,0.0,
22:15:29.776,0.0,10.0,0.0,0.0,
22:15:29.782,0.0,10.0,0.0,0.0,
22:15:29.788,0.0,10.0,0.0,0.0,
22:15:29.795,0.0,10.0,0.0,0.0,
22:15:29.800,0.0,10.0,0.0,0.0,
22:15:29.806,0.0,10.0,0.0,0.0,
22:15:29.811,0.0,10.0,0.0,0.0,
22:15:29.816,0.0,10.0,0.0,0.0,
22:15:29.823,0.0,10.0,0.0,0.0,
22:15:29.828,0.0,10.0,0.0,0.0,
22:15:29.833,0.0,10.0,0.0,0.0,
22:15:29.840,0.0,10.0,0.0,0.0,
22:15:29.846,0.0,10.0,0.0,0.0,
22:15:29.852,0.0,10.0,0.0,0.0,
22:15:29.858,0.0,10.0,0.0,0.0,
22:15:29.863,0.0,10.0,0.0,0.0,
22:15:29.869,0.0,10.0,0.0,0.0,
22:15:29.875,0.0,10.0,0.0,0.0,
22:15:29.881,0.0,10.0,0.0,0.0,
22:15:29.886,0.0,10.0,0.0,0.0,
22:15:29.893,0.0,10.0,0.0,0.0,
22:15:29.898,0.0,10.0,0.0,0.0,
22:15:29.904,0.0,10.0,0.0,0.0,
22:15:29.911,0.0,10.0,0.0,0.0,
22:15:29.916,0.0,10.0,0.0,0.0,
22:15:29.921,0.0,10.0,0.0,0.0,
22:15:29.927,0.0,10.0,0.0,0.0,
22:15:29.933,0.0,10.0,0.0,0.0,
22:15:29.938,0.0,10.0,0.0,0.0,
22:15:29.944,0.0,10.0,0.0,0.0,
22:15:29.950,0.0,10.0,0.0,0.0,
22:15:29.957,0.0,10.0,0.0,0.0,
22:15:29.963,0.0,10.0,0.0,0.0,
22:15:29.969,0.0,10.0,0.0,0.0,
22:15:29.974,0.0,10.0,0.0,0.0,
22:15:29.978,0.0,10.0,0.0,0.0,
22:15:29.985,0.0,10.0,0.0,0.0,
22:15:29.990,0.0,10.0,0.0,0.0,
22:15:29.996,0.0,10.0,0.0,0.0,
22:15:30.002,0.0,10.0,0.0,0.0,
22:15:30.006,0.0,10.0,0.0,0.0,
22:15:30.010,0.0,10.0,0.0,0.0,
22:15:30.018,0.0,10.0,0.0,0.0,
22:15:30.024,0.0,10.0,0.0,0.0,
22:15:30.028,0.0,10.0,0.0,0.0,
22:15:30.035,0.0,10.0,0.0,0.0,
22:15:30.040,0.0,10.0,0.0,0.0,
22:15:30.045,0.0,10.0,0.0,0.0,
22:15:30.052,0.0,10.0,0.0,0.0,
22:15:30.058,0.0,10.0,0.0,0.0,
22:15:30.061,0.0,10.0,0.0,0.0,
22:15:30.068,0.0,10.0,0.0,0.0,
22:15:30.075,0.0,10.0,0.0,0.0,
22:15:30.080,0.0,10.0,0.0,0.0,
22:15:30.086,0.0,10.0,0.0,0.0,
22:15:30.092,0.0,10.0,0.0,0.0,
22:15:30.097,0.0,10.0,0.0,0.0,
22:15:30.102,0.0,10.0,0.0,0.0,
22:15:30.108,0.0,10.0,0.0,0.0,
22:15:30.114,0.0,10.0,0.0,0.0,
22:15:30.119,0.0,10.0,0.0,0.0,
22:15:30.124,0.0,10.0,0.0,0.0,
22:15:30.130,0.0,10.0,0.0,0.0,
22:15:30.135,0.0,10.0,0.0,0.0,
22:15:30.143,0.0,10.0,0.0,0.0,
22:15:30.147,0.0,10.0,0.0,0.0,
22:15:30.153,0.0,10.0,0.0,0.0,
22:15:30.160,0.0,10.0,0.0,0.0,
22:15:30.166,0.0,10.0,0.0,0.0,
22:15:30.172,0.0,10.0,0.0,0.0,
22:15:30.178,0.0,10.0,0.0,0.0,
22:15:30.184,0.0,10.0,0.0,0.0,
22:15:30.188,0.0,10.0,0.0,0.0,
22:15:30.196,0.0,10.0,0.0,0.0,
22:15:30.201,0.0,10.0,0.0,0.0,
22:15:30.206,0.0,10.0,0.0,0.0,
22:15:30.212,0.0,10.0,0.0,0.0,
22:15:30.218,0.0,10.0,0.0,0.0,
22:15:30.223,0.0,10.0,0.0,0.0,
22:15:30.230,0.0,10.0,0.0,0.0,
22:15:30.235,0.0,10.0,0.0,0.0,
22:15:30.240,0.0,10.0,0.0,0.0,
22:15:30.247,0.0,10.0,0.0,0.0,
22:15:30.252,0.0,10.0,0.0,0.0,
22:15:30.257,0.0,10.0,0.0,0.0,
22:15:30.263,0.0,10.0,0.0,0.0,
22:15:30.268,0.0,10.0,0.0,0.0,
22:15:30.275,0.0,10.0,0.0,0.0,
22:15:30.280,0.0,10.0,0.0,0.0,
22:15:30.286,0.0,10.0,0.0,0.0,
22:15:30.292,0.0,10.0,0.0,0.0,
22:15:30.299,0.0,10.0,0.0,0.0,
22:15:30.306,0.0,10.0,0.0,0.0,
22:15:30.311,0.0,10.0,0.0,0.0,
22:15:30.316,0.0,10.0,0.0,0.0,
22:15:30.323,0.0,10.0,0.0,0.0,
22:15:30.328,0.0,10.0,0.0,0.0,
22:15:30.335,0.0,10.0,0.0,0.0,
22:15:30.340,0.0,10.0,0.0,0.0,
22:15:30.345,0.0,10.0,0.0,0.0,
22:15:30.350,0.0,10.0,0.0,0.0,
22:15:30.356,0.0,10.0,0.0,0.0,
22:15:30.361,0.0,10.0,0.0,0.0,
22:15:30.365,0.0,10.0,0.0,0.0,
22:15:30.374,0.0,10.0,0.0,0.0,
22:15:30.379,0.0,10.0,0.0,0.0,
22:15:30.384,0.0,10.0,0.0,0.0,
22:15:30.391,0.0,10.0,0.0,0.0,
22:15:30.396,0.0,10.0,0.0,0.0,
22:15:30.402,0.0,10.0,0.0,0.0,
22:15:30.409,0.0,10.0,0.0,0.0,
22:15:30.413,0.0,10.0,0.0,0.0,
22:15:30.419,0.0,10.0,0.0,0.0,
22:15:30.426,0.0,10.0,0.0,0.0,
22:15:30.432,0.0,10.0,0.0,0.0,
22:15:30.437,0.0,10.0,0.0,0.0,
22:15:30.443,0.0,10.0,0.0,0.0,
22:15:30.449,0.0,10.0,0.0,0.0,
22:15:30.455,0.0,10.0,0.0,0.0,
22:15:30.461,0.0,10.0,0.0,0.0,
22:15:30.467,0.0,10.0,0.0,0.0,
22:15:30.472,0.0,10.0,0.0,0.0,
22:15:30.478,0.0,10.0,0.0,0.0,
22:15:30.483,0.0,10.0,0.0,0.0,
22:15:30.489,0.0,10.0,0.0,0.0,
22:15:30.494,0.0,10.0,0.0,0.0,
22:15:30.502,0.0,10.0,0.0,0.0,
22:15:30.506,0.0,10.0,0.0,0.0,
22:15:30.512,0.0,10.0,0.0,0.0,
22:15:30.517,0.0,10.0,0.0,0.0,
22:15:30.523,0.0,10.0,0.0,0.0,
22:15:30.529,0.0,10.0,0.0,0.0,
22:15:30.534,0.0,10.0,0.0,0.0,
22:15:30.539,0.0,10.0,0.0,0.0,
22:15:30.545,0.0,10.0,0.0,0.0,
22:15:30.551,0.0,10.0,0.0,0.0,
22:15:30.557,0.0,10.0,0.0,0.0,
22:15:30.562,0.0,10.0,0.0,0.0,
22:15:30.568,0.0,10.0,0.0,0.0,
22:15:30.574,0.0,10.0,0.0,0.0,
22:15:30.580,0.0,10.0,0.0,0.0,
22:15:30.586,0.0,10.0,0.0,0.0,
22:15:30.591,0.0,10.0,0.0,0.0,
22:15:30.596,0.0,10.0,0.0,0.0,
22:15:30.602,0.0,10.0,0.0,0.0,
22:15:30.608,0.0,10.0,0.0,0.0,
22:15:30.615,0.0,10.0,0.0,0.0,
22:15:30.620,0.0,10.0,0.0,0.0,
22:15:30.626,0.0,10.0,0.0,0.0,
22:15:30.631,0.0,10.0,0.0,0.0,
22:15:30.638,0.0,10.0,0.0,0.0,
22:15:30.645,0.0,10.0,0.0,0.0,
22:15:30.651,0.0,10.0,0.0,0.0,
22:15:30.655,0.0,10.0,0.0,0.0,
22:15:30.661,0.0,10.0,0.0,0.0,
22:15:30.666,0.0,10.0,0.0,0.0,
22:15:30.673,0.0,10.0,0.0,0.0,
22:15:30.679,0.0,10.0,0.0,0.0,
22:15:30.683,0.0,10.0,0.0,0.0,
22:15:30.690,0.0,10.0,0.0,0.0,
22:15:30.694,0.0,10.0,0.0,0.0,
22:15:30.701,0.0,10.0,0.0,0.0,
22:15:30.706,0.0,10.0,0.0,0.0,
22:15:30.713,0.0,10.0,0.0,0.0,
22:15:30.720,0.0,10.0,0.0,0.0,
22:15:30.724,0.0,10.0,0.0,0.0,
22:15:30.730,0.0,10.0,0.0,0.0,
22:15:30.736,0.0,10.0,0.0,0.0,
22:15:30.742,0.0,10.0,0.0,0.0,
22:15:30.748,0.0,10.0,0.0,0.0,
22:15:30.754,0.0,10.0,0.0,0.0,
22:15:30.761,0.0,10.0,0.0,0.0,
22:15:30.765,0.0,10.0,0.0,0.0,
22:15:30.771,0.0,10.0,0.0,0.0,
22:15:30.778,0.0,10.0,0.0,0.0,
22:15:30.782,0.0,10.0,0.0,0.0,
22:15:30.789,0.0,10.0,0.0,0.0,
22:15:30.794,0.0,10.0,0.0,0.0,
22:15:30.800,0.0,10.0,0.0,0.0,
22:15:30.805,0.0,10.0,0.0,0.0,
22:15:30.811,0.0,10.0,0.0,0.0,
22:15:30.818,0.0,10.0,0.0,0.0,
22:15:30.823,0.0,10.0,0.0,0.0,
22:15:30.828,0.0,10.0,0.0,0.0,
22:15:30.833,0.0,10.0,0.0,0.0,
22:15:30.839,0.0,10.0,0.0,0.0,
22:15:30.846,0.0,10.0,0.0,0.0,
22:15:30.851,0.0,10.0,0.0,0.0,
22:15:30.856,0.0,10.0,0.0,0.0,
22:15:30.862,0.0,10.0,0.0,0.0,
22:15:30.868,0.0,10.0,0.0,0.0,
22:15:30.874,0.0,10.0,0.0,0.0,
22:15:30.879,0.0,10.0,0.0,0.0,
22:15:30.885,0.0,10.0,0.0,0.0,
22:15:30.891,0.0,10.0,0.0,0.0,
22:15:30.896,0.0,10.0,0.0,0.0,
22:15:30.902,0.0,10.0,0.0,0.0,
22:15:30.908,0.0,10.0,0.0,0.0,
22:15:30.915,0.0,10.0,0.0,0.0,
22:15:30.921,0.0,10.0,0.0,0.0,
22:15:30.926,0.0,10.0,0.0,0.0,
22:15:30.932,0.0,10.0,0.0,0.0,
22:15:30.939,0.0,10.0,0.0,0.0,
22:15:30.944,0.0,10.0,0.0,0.0,
22:15:30.950,0.0,10.0,0.0,0.0,
22:15:30.956,0.0,10.0,0.0,0.0,
22:15:30.961,0.0,10.0,0.0,0.0,
22:15:30.968,0.0,10.0,0.0,0.0,
22:15:30.974,0.0,10.0,0.0,0.0,
22:15:30.978,0.0,10.0,0.0,0.0,
22:15:30.985,0.0,10.0,0.0,0.0,
22:15:30.990,0.0,10.0,0.0,0.0,
22:15:30.996,0.0,10.0,0.0,0.0,
22:15:31.002,0.0,10.0,0.0,0.0,
22:15:31.007,0.0,10.0,0.0,0.0,
22:15:31.013,0.0,10.0,0.0,0.0,
22:15:31.020,0.0,10.0,0.0,0.0,
22:15:31.025,0.0,10.0,0.0,0.0,
22:15:31.031,0.0,10.0,0.0,0.0,
22:15:31.036,0.0,10.0,0.0,0.0,
22:15:31.041,0.0,10.0,0.0,0.0,
22:15:31.048,0.0,10.0,0.0,0.0,
22:15:31.054,0.0,10.0,0.0,0.0,
22:15:31.060,0.0,10.0,0.0,0.0,
22:15:31.065,0.0,10.0,0.0,0.0,
22:15:31.071,0.0,10.0,0.0,0.0,
22:15:31.076,0.0,10.0,0.0,0.0,
22:15:31.083,0.0,10.0,0.0,0.0,
22:15:31.089,0.0,10.0,0.0,0.0,
22:15:31.094,0.0,10.0,0.0,0.0,
22:15:31.100,0.0,10.0,0.0,0.0,
22:15:31.105,0.0,10.0,0.0,0.0,
22:15:31.111,0.0,10.0,0.0,0.0,
22:15:31.117,0.0,10.0,0.0,0.0,
22:15:31.123,0.0,10.0,0.0,0.0,
22:15:31.128,0.0,10.0,0.0,0.0,
22:15:31.134,0.0,10.0,0.0,0.0,
22:15:31.141,0.0,10.0,0.0,0.0,
22:15:31.146,0.0,10.0,0.0,0.0,
22:15:31.151,0.0,10.0,0.0,0.0,
22:15:31.157,0.0,10.0,0.0,0.0,
22:15:31.162,0.0,10.0,0.0,0.0,
22:15:31.167,0.0,10.0,0.0,0.0,
22:15:31.173,0.0,10.0,0.0,0.0,
22:15:31.178,0.0,10.0,0.0,0.0,
22:15:31.184,0.0,10.0,0.0,0.0,
22:15:31.190,0.0,10.0,0.0,0.0,
22:15:31.195,0.0,10.0,0.0,0.0,
22:15:31.201,0.0,10.0,0.0,0.0,
22:15:31.207,0.0,10.0,0.0,0.0,
22:15:31.212,0.0,10.0,0.0,0.0,
22:15:31.217,0.0,10.0,0.0,0.0,
22:15:31.224,0.0,10.0,0.0,0.0,
22:15:31.230,0.0,10.0,0.0,0.0,
22:15:31.236,0.0,10.0,0.0,0.0,
22:15:31.242,0.0,10.0,0.0,0.0,
22:15:31.248,0.0,10.0,0.0,0.0,
22:15:31.254,0.0,10.0,0.0,0.0,
22:15:31.261,0.0,10.0,0.0,0.0,
22:15:31.265,0.0,10.0,0.0,0.0,
22:15:31.270,0.0,10.0,0.0,0.0,
22:15:31.275,0.0,10.0,0.0,0.0,
22:15:31.281,0.0,10.0,0.0,0.0,
22:15:31.287,0.0,10.0,0.0,0.0,
22:15:31.293,0.0,10.0,0.0,0.0,
22:15:31.299,0.0,10.0,0.0,0.0,
22:15:31.306,0.0,10.0,0.0,0.0,
22:15:31.312,0.0,10.0,0.0,0.0,
22:15:31.317,0.0,10.0,0.0,0.0,
22:15:31.320,0.0,10.0,0.0,0.0,
22:15:31.326,0.0,10.0,0.0,0.0,
22:15:31.331,0.0,10.0,0.0,0.0,
22:15:31.338,0.0,10.0,0.0,0.0,
22:15:31.344,0.0,10.0,0.0,0.0,
22:15:31.350,0.0,10.0,0.0,0.0,
22:15:31.357,0.0,10.0,0.0,0.0,
22:15:31.362,0.0,10.0,0.0,0.0,
22:15:31.367,0.0,10.0,0.0,0.0,
22:15:31.372,0.0,10.0,0.0,0.0,
22:15:31.379,0.0,10.0,0.0,0.0,
22:15:31.386,0.0,10.0,0.0,0.0,
22:15:31.390,0.0,10.0,0.0,0.0,
22:15:31.397,0.0,10.0,0.0,0.0,
22:15:31.402,0.0,10.0,0.0,0.0,
22:15:31.408,0.0,10.0,0.0,0.0,
22:15:31.414,0.0,10.0,0.0,0.0,
22:15:31.418,0.0,10.0,0.0,0.0,
22:15:31.425,0.0,10.0,0.0,0.0,
22:15:31.432,0.0,10.0,0.0,0.0,
22:15:31.437,0.0,10.0,0.0,0.0,
22:15:31.443,0.0,10.0,0.0,0.0,
22:15:31.448,0.0,10.0,0.0,0.0,
22:15:31.454,0.0,10.0,0.0,0.0,
22:15:31.460,0.0,10.0,0.0,0.0,
22:15:31.465,0.0,10.0,0.0,0.0,
22:15:31.471,0.0,10.0,0.0,0.0,
22:15:31.478,0.0,10.0,0.0,0.0,
22:15:31.484,0.0,10.0,0.0,0.0,
22:15:31.488,0.0,10.0,0.0,0.0,
22:15:31.495,0.0,10.0,0.0,0.0,
22:15:31.501,0.0,10.0,0.0,0.0,
22:15:31.508,0.0,10.0,0.0,0.0,
22:15:31.513,0.0,10.0,0.0,0.0,
22:15:31.517,0.0,10.0,0.0,0.0,
22:15:31.522,0.0,10.0,0.0,0.0,
22:15:31.529,0.0,10.0,0.0,0.0,
22:15:31.535,0.0,10.0,0.0,0.0,
22:15:31.540,0.0,10.0,0.0,0.0,
22:15:31.544,0.0,10.0,0.0,0.0,
22:15:31.550,0.0,10.0,0.0,0.0,
22:15:31.555,0.0,10.0,0.0,0.0,
22:15:31.564,0.0,10.0,0.0,0.0,
22:15:31.568,0.0,10.0,0.0,0.0,
22:15:31.573,0.0,10.0,0.0,0.0,
22:15:31.578,0.0,10.0,0.0,0.0,
22:15:31.584,0.0,10.0,0.0,0.0,
22:15:31.591,0.0,10.0,0.0,0.0,
22:15:31.595,0.0,10.0,0.0,0.0,
22:15:31.601,0.0,10.0,0.0,0.0,
22:15:31.607,0.0,10.0,0.0,0.0,
22:15:31.612,0.0,10.0,0.0,0.0,
22:15:31.618,0.0,10.0,0.0,0.0,
22:15:31.625,0.0,10.0,0.0,0.0,
22:15:31.631,0.0,10.0,0.0,0.0,
22:15:31.637,0.0,10.0,0.0,0.0,
22:15:31.644,0.0,10.0,0.0,0.0,
22:15:31.648,0.0,10.0,0.0,0.0,
22:15:31.655,0.0,10.0,0.0,0.0,
22:15:31.660,0.0,10.0,0.0,0.0,
22:15:31.667,0.0,10.0,0.0,0.0,
22:15:31.673,0.0,10.0,0.0,0.0,
22:15:31.679,0.0,10.0,0.0,0.0,
22:15:31.686,0.0,10.0,0.0,0.0,
22:15:31.690,0.0,10.0,0.0,0.0,
22:15:31.696,0.0,10.0,0.0,0.0,
22:15:31.702,0.0,10.0,0.0,0.0,
22:15:31.706,0.0,10.0,0.0,0.0,
22:15:31.712,0.0,10.0,0.0,0.0,
22:15:31.718,0.0,10.0,0.0,0.0,
22:15:31.725,0.0,10.0,0.0,0.0,
22:15:31.730,0.0,10.0,0.0,0.0,
22:15:31.735,0.0,10.0,0.0,0.0,
22:15:31.740,0.0,10.0,0.0,0.0,
22:15:31.747,0.0,10.0,0.0,0.0,
22:15:31.754,0.0,10.0,0.0,0.0,
22:15:31.757,0.0,10.0,0.0,0.0,
22:15:31.763,0.0,10.0,0.0,0.0,
22:15:31.770,0.0,10.0,0.0,0.0,
22:15:31.774,0.0,10.0,0.0,0.0,
22:15:31.780,0.0,10.0,0.0,0.0,
22:15:31.787,0.0,10.0,0.0,0.0,
22:15:31.791,0.0,10.0,0.0,0.0,
22:15:31.797,0.0,10.0,0.0,0.0,
22:15:31.803,0.0,10.0,0.0,0.0,
22:15:31.810,0.0,10.0,0.0,0.0,
22:15:31.815,0.0,10.0,0.0,0.0,
22:15:31.820,0.0,10.0,0.0,0.0,
22:15:31.826,0.0,10.0,0.0,0.0,
22:15:31.831,0.0,10.0,0.0,0.0,
22:15:31.835,0.0,10.0,0.0,0.0,
22:15:31.844,0.0,10.0,0.0,0.0,
22:15:31.848,0.0,10.0,0.0,0.0,
22:15:31.855,0.0,10.0,0.0,0.0,
22:15:31.861,0.0,10.0,0.0,0.0,
22:15:31.866,0.0,10.0,0.0,0.0,
22:15:31.872,0.0,10.0,0.0,0.0,
22:15:31.877,0.0,10.0,0.0,0.0,
22:15:31.883,0.0,10.0,0.0,0.0,
22:15:31.888,0.0,10.0,0.0,0.0,
22:15:31.894,0.0,10.0,0.0,0.0,
22:15:31.901,0.0,10.0,0.0,0.0,
22:15:31.905,0.0,10.0,0.0,0.0,
22:15:31.910,0.0,10.0,0.0,0.0,
22:15:31.917,0.0,10.0,0.0,0.0,
22:15:31.923,0.0,10.0,0.0,0.0,
22:15:31.928,0.0,10.0,0.0,0.0,
22:15:31.934,0.0,10.0,0.0,0.0,
22:15:31.940,0.0,10.0,0.0,0.0,
22:15:31.946,0.0,10.0,0.0,0.0,
22:15:31.953,0.0,10.0,0.0,0.0,
22:15:31.958,0.0,10.0,0.0,0.0,
22:15:31.964,0.0,10.0,0.0,0.0,
22:15:31.970,0.0,10.0,0.0,0.0,
22:15:31.976,0.0,10.0,0.0,0.0,
22:15:31.982,0.0,10.0,0.0,0.0,
22:15:31.989,0.0,10.0,0.0,0.0,
22:15:31.994,0.0,10.0,0.0,0.0,
22:15:32.000,0.0,10.0,0.0,0.0,
22:15:32.005,0.0,10.0,0.0,0.0,
22:15:32.012,0.0,-410.0,-420.0,-1.0,"YELLOW@L[0, 1]"
22:15:32.018,0.0,-410.0,-420.0,-1.0,"YELLOW@L[0, 1]"
22:15:32.024,0.0,-410.0,-420.0,-1.0,"YELLOW@L[0, 1]"
22:15:32.029,0.0,-410.0,-420.0,-1.0,"YELLOW@L[0, 1]"
22:15:32.034,0.0,-410.0,-420.0,-1.0,"YELLOW@L[0, 1]"
22:15:32.039,0.0,-410.0,-420.0,-1.0,"YELLOW@L[0, 1]"
22:15:32.048,0.0,-410.0,-420.0,-1.0,"YELLOW@L[0, 1]"
22:15:32.053,0.0,-410.0,-420.0,-1.0,"YELLOW@L[0, 1]"
22:15:32.057,0.0,-410.0,-420.0,-1.0,"YELLOW@L[0, 1]"
22:15:32.063,0.0,-410.0,-420.0,-1.0,"YELLOW@L[0, 1]"
22:15:32.069,0.0,-410.0,-420.0,-1.0,"YELLOW@L[0, 1]"
22:15:32.074,0.0,-410.0,-420.0,-1.0,"YELLOW@L[0, 1]"
22:15:32.081,0.0,-410.0,-420.0,-1.0,"YELLOW@L[0, 1]"
22:15:32.084,0.0,-410.0,-420.0,-1.0,"YELLOW@L[0, 1]"
22:15:32.090,0.0,-410.0,-420.0,-1.0,"YELLOW@L[0, 1]"
22:15:32.096,0.0,-410.0,-420.0,-1.0,"YELLOW@L[0, 1]"
22:15:32.100,0.0,-413.2,-423.2,-1.0,"YELLOW@L[0, 1]"
22:15:32.107,0.0,-413.2,-423.2,-1.0,"YELLOW@L[0, 1]"
22:15:32.114,0.0,-413.2,-423.2,-1.0,"YELLOW@L[0, 1]"
22:15:32.120,0.0,-413.2,-423.2,-1.0,"YELLOW@L[0, 1]"
22:15:32.126,0.0,-413.2,-423.2,-1.0,"YELLOW@L[0, 1]"
22:15:32.131,0.0,-413.2,-423.2,-1.0,"YELLOW@L[0, 1]"
22:15:32.138,0.0,-413.2,-423.2,-1.0,"YELLOW@L[0, 1]"
22:15:32.142,0.0,-413.2,-423.2,-1.0,"YELLOW@L[0, 1]"
22:15:32.147,0.0,-413.2,-423.2,-1.0,"YELLOW@L[0, 1]"
22:15:32.152,0.0,-413.2,-423.2,-1.0,"YELLOW@L[0, 1]"
22:15:32.158,0.0,-416.6,-426.6,-1.0,"YELLOW@L[0, 1]"
22:15:32.163,0.0,-416.6,-426.6,-1.0,"YELLOW@L[0, 1]"
22:15:32.171,0.0,-416.6,-426.6,-1.0,"YELLOW@L[0, 1]"
22:15:32.175,0.0,-416.6,-426.6,-1.0,"YELLOW@L[0, 1]"
22:15:32.181,0.0,-416.6,-426.6,-1.0,"YELLOW@L[0, 1]"
22:15:32.187,0.0,-420.3,-430.3,-1.0,"YELLOW@L[0, 1]"
22:15:32.193,0.0,-420.3,-430.3,-1.0,"YELLOW@L[0, 1]"
22:15:32.200,0.0,-420.3,-430.3,-1.0,"YELLOW@L[0, 1]"
22:15:32.205,0.0,-420.3,-430.3,-1.0,"YELLOW@L[0, 1]"
22:15:32.211,0.0,-420.3,-430.3,-1.0,"YELLOW@L[0, 1]"
22:15:32.217,0.0,10.0,-442.7,-1.0,YELLOW@L[1]
22:15:32.222,0.0,10.0,-442.7,-1.0,YELLOW@L[1]
22:15:32.229,0.0,10.0,-442.7,-1.0,YELLOW@L[1]
22:15:32.234,0.0,10.0,-442.7,0.0,YELLOW@L[1]
22:15:32.239,0.0,10.0,-442.7,0.0,YELLOW@L[1]
22:15:32.246,0.0,10.0,-447.3,0.0,YELLOW@L[1]
22:15:32.250,0.0,10.0,-447.3,0.0,YELLOW@L[1]
22:15:32.258,0.0,10.0,-447.3,0.0,YELLOW@L[1]
22:15:32.264,0.0,10.0,-447.3,0.0,YELLOW@L[1]
22:15:32.269,0.0,10.0,-447.3,0.0,YELLOW@L[1]
22:15:32.276,0.0,10.0,-486.3,0.0,YELLOW@L[1]
22:15:32.281,0.0,10.0,-486.3,0.0,YELLOW@L[1]
22:15:32.287,0.0,10.0,-486.3,0.0,YELLOW@L[1]
22:15:32.291,0.0,10.0,-486.3,0.0,YELLOW@L[1]
22:15:32.297,0.0,10.0,-486.3,0.0,YELLOW@L[1]
22:15:32.302,0.0,10.0,-486.3,0.0,YELLOW@L[1]
22:15:32.308,0.0,10.0,0.0,0.0,
22:15:32.314,0.0,10.0,0.0,0.0,
22:15:32.320,0.0,10.0,0.0,0.0,
22:15:32.324,0.0,10.0,0.0,0.0,
22:15:32.331,0.0,10.0,0.0,0.0,
22:15:32.337,0.0,10.0,0.0,0.0,
22:15:32.342,0.0,10.0,0.0,0.0,
22:15:32.349,0.0,10.0,0.0,0.0,
22:15:32.355,0.0,10.0,0.0,0.0,
22:15:32.360,0.0,10.0,0.0,0.0,
22:15:32.366,0.0,10.0,0.0,0.0,
22:15:32.371,0.0,10.0,0.0,0.0,
22:15:32.376,0.0,10.0,0.0,0.0,
22:15:32.382,0.0,10.0,0.0,0.0,
22:15:32.388,0.0,10.0,0.0,0.0,
22:15:32.394,0.0,10.0,0.0,0.0,
22:15:32.399,-2800.0,10.0,0.0,0.0,RED@L[-1]
22:15:32.404,-2800.0,10.0,0.0,0.0,RED@L[-1]
22:15:32.411,-2800.0,10.0,0.0,0.0,RED@L[-1]
22:15:32.416,-2800.0,10.0,0.0,0.0,RED@L[-1]
22:15:32.422,-2800.0,10.0,0.0,0.0,RED@L[-1]
22:15:32.428,-3137.6,10.0,0.0,0.0,RED@L[-1]
22:15:32.434,-3137.6,10.0,0.0,0.0,RED@L[-1]
22:15:32.441,-3137.6,10.0,0.0,0.0,RED@L[-1]
22:15:32.447,-3137.6,10.0,0.0,0.0,RED@L[-1]
22:15:32.453,-3137.6,10.0,0.0,0.0,RED@L[-1]
22:15:32.458,-2368.0,10.0,0.0,0.0,RED@L[-1]
22:15:32.464,-2368.0,10.0,0.0,0.0,RED@L[-1]
22:15:32.468,-2368.0,10.0,0.0,0.0,RED@L[-1]
22:15:32.475,-2368.0,10.0,0.0,0.0,RED@L[-1]
22:15:32.480,-2368.0,10.0,0.0,0.0,RED@L[-1]
22:15:32.486,0.0,10.0,0.0,0.0,
22:15:32.492,0.0,10.0,0.0,0.0,
22:15:32.499,0.0,10.0,0.0,0.0,
22:15:32.504,0.0,10.0,0.0,0.0,
22:15:32.510,0.0,10.0,0.0,0.0,
22:15:32.517,-3614.2,10.0,0.0,0.0,RED@L[-1]
22:15:32.521,-3614.2,10.0,0.0,0.0,RED@L[-1]
22:15:32.527,-3614.2,10.0,0.0,0.0,RED@L[-1]
22:15:32.531,-3614.2,10.0,0.0,0.0,RED@L[-1]
22:15:32.537,-3614.2,10.0,0.0,0.0,RED@L[-1]
22:15:32.542,-3614.2,10.0,0.0,0.0,RED@L[-1]
22:15:32.548,-3614.2,10.0,0.0,0.0,RED@L[-1]
22:15:32.555,-3614.2,10.0,0.0,0.0,RED@L[-1]
22:15:32.562,-3614.2,10.0,0.0,0.0,RED@L[-1]
22:15:32.568,-3614.2,10.0,0.0,0.0,RED@L[-1]
22:15:32.574,-3614.2,10.0,0.0,0.0,RED@L[-1]
22:15:32.578,-2800.0,10.0,0.0,0.0,RED@L[-1]
22:15:32.583,-2800.0,10.0,0.0,0.0,RED@L[-1]
22:15:32.590,-2800.0,10.0,0.0,0.0,RED@L[-1]
22:15:32.595,-2800.0,10.0,0.0,0.0,RED@L[-1]
22:15:32.600,-2800.0,10.0,0.0,0.0,RED@L[-1]
22:15:32.607,-2800.0,10.0,0.0,0.0,RED@L[-1]
22:15:32.612,-2800.0,10.0,0.0,0.0,RED@L[-1]
22:15:32.618,-2800.0,10.0,0.0,0.0,RED@L[-1]
22:15:32.625,-2800.0,10.0,0.0,0.0,RED@L[-1]
22:15:32.631,-2800.0,10.0,0.0,0.0,RED@L[-1]
22:15:32.636,0.0,10.0,0.0,0.0,
22:15:32.642,0.0,10.0,0.0,0.0,
22:15:32.647,0.0,10.0,0.0,0.0,
22:15:32.654,0.0,10.0,0.0,0.0,
22:15:32.657,0.0,10.0,0.0,0.0,
22:15:32.663,0.0,10.0,0.0,0.0,
22:15:32.670,0.0,10.0,0.0,0.0,
22:15:32.676,0.0,10.0,0.0,0.0,
22:15:32.682,0.0,10.0,0.0,0.0,
22:15:32.686,0.0,10.0,0.0,0.0,
22:15:32.693,0.0,10.0,0.0,0.0,
22:15:32.698,-3137.6,10.0,0.0,0.0,RED@L[-1]
22:15:32.703,-3137.6,10.0,0.0,0.0,RED@L[-1]
22:15:32.710,-3137.6,10.0,0.0,0.0,RED@L[-1]
22:15:32.714,-3137.6,10.0,0.0,0.0,RED@L[-1]
22:15:32.719,-3137.6,10.0,0.0,0.0,RED@L[-1]
22:15:32.725,-3614.2,10.0,0.0,0.0,RED@L[-1]
22:15:32.730,-3614.2,10.0,0.0,0.0,RED@L[-1]
22:15:32.736,-3614.2,10.0,0.0,0.0,RED@L[-1]
22:15:32.743,-3614.2,10.0,0.0,0.0,RED@L[-1]
22:15:32.747,-3614.2,10.0,0.0,0.0,RED@L[-1]
22:15:32.753,-2576.6,10.0,-1303.0,0.0,RED@L[-1] | RED@L[1]
22:15:32.758,-2576.6,10.0,-1303.0,0.0,RED@L[-1] | RED@L[1]
22:15:32.765,-2576.6,10.0,-1303.0,0.0,RED@L[-1] | RED@L[1]
22:15:32.769,-2576.6,10.0,-1303.0,0.0,RED@L[-1] | RED@L[1]
22:15:32.775,-2576.6,10.0,-1303.0,0.0,RED@L[-1] | RED@L[1]
22:15:32.780,-2576.6,10.0,-1303.0,0.0,RED@L[-1] | RED@L[1]
22:15:32.787,0.0,10.0,0.0,0.0,
22:15:32.793,0.0,10.0,0.0,0.0,
22:15:32.798,0.0,10.0,0.0,0.0,
22:15:32.805,0.0,10.0,0.0,0.0,
22:15:32.810,0.0,10.0,0.0,0.0,
22:15:32.816,-3614.2,10.0,0.0,0.0,RED@L[-1]
22:15:32.822,-3614.2,10.0,0.0,0.0,RED@L[-1]
22:15:32.827,-3614.2,10.0,0.0,0.0,RED@L[-1]
22:15:32.832,-3614.2,10.0,0.0,0.0,RED@L[-1]
22:15:32.838,-3614.2,10.0,0.0,0.0,RED@L[-1]
22:15:32.845,0.0,10.0,0.0,0.0,
22:15:32.850,0.0,10.0,0.0,0.0,
22:15:32.856,0.0,10.0,0.0,0.0,
22:15:32.861,0.0,10.0,0.0,0.0,
22:15:32.867,0.0,10.0,0.0,0.0,
22:15:32.873,-2800.0,10.0,0.0,0.0,RED@L[-1]
22:15:32.879,-2800.0,10.0,0.0,0.0,RED@L[-1]
22:15:32.885,-2800.0,10.0,0.0,0.0,RED@L[-1]
22:15:32.890,-2800.0,10.0,0.0,0.0,RED@L[-1]
22:15:32.894,-2800.0,10.0,0.0,0.0,RED@L[-1]
22:15:32.900,0.0,10.0,0.0,0.0,
22:15:32.907,0.0,10.0,0.0,0.0,
22:15:32.913,0.0,10.0,0.0,0.0,
22:15:32.919,0.0,10.0,0.0,0.0,
22:15:32.924,0.0,10.0,0.0,0.0,
22:15:32.930,0.0,10.0,0.0,0.0,
22:15:32.934,-2368.0,10.0,0.0,0.0,RED@L[-1]
22:15:32.941,-2368.0,10.0,0.0,0.0,RED@L[-1]
22:15:32.947,-2368.0,10.0,0.0,0.0,RED@L[-1]
22:15:32.953,-2368.0,10.0,0.0,0.0,RED@L[-1]
22:15:32.958,-2368.0,10.0,0.0,0.0,RED@L[-1]
22:15:32.964,-3137.6,10.0,0.0,0.0,RED@L[-1]
22:15:32.970,-3137.6,10.0,0.0,0.0,RED@L[-1]
22:15:32.975,-3137.6,10.0,0.0,0.0,RED@L[-1]
22:15:32.982,-3137.6,10.0,0.0,0.0,RED@L[-1]
22:15:32.986,-3137.6,10.0,0.0,0.0,RED@L[-1]
22:15:32.993,-3614.2,10.0,0.0,0.0,RED@L[-1]
22:15:32.998,-3614.2,10.0,0.0,0.0,RED@L[-1]
22:15:33.004,-3614.2,10.0,0.0,0.0,RED@L[-1]
22:15:33.010,-3614.2,10.0,0.0,0.0,RED@L[-1]
22:15:33.016,-3614.2,10.0,0.0,0.0,RED@L[-1]
22:15:33.022,-3614.2,10.0,0.0,0.0,RED@L[-1]
22:15:33.027,-3614.2,10.0,0.0,0.0,RED@L[-1]
22:15:33.033,-3614.2,10.0,0.0,0.0,RED@L[-1]
22:15:33.039,-3614.2,10.0,0.0,0.0,RED@L[-1]
22:15:33.044,-3614.2,10.0,0.0,0.0,RED@L[-1]
22:15:33.050,0.0,10.0,0.0,0.0,
22:15:33.056,0.0,10.0,0.0,0.0,
22:15:33.063,0.0,10.0,0.0,0.0,
22:15:33.068,0.0,10.0,0.0,0.0,
22:15:33.074,0.0,10.0,0.0,0.0,
22:15:33.081,0.0,10.0,0.0,0.0,
22:15:33.086,0.0,10.0,0.0,0.0,
22:15:33.092,0.0,10.0,0.0,0.0,
22:15:33.098,0.0,10.0,0.0,0.0,
22:15:33.102,0.0,10.0,0.0,0.0,
22:15:33.110,0.0,10.0,0.0,0.0,
22:15:33.115,0.0,10.0,0.0,0.0,
22:15:33.120,0.0,10.0,0.0,0.0,
22:15:33.126,0.0,10.0,0.0,0.0,
22:15:33.130,0.0,10.0,0.0,0.0,
22:15:33.138,0.0,10.0,0.0,0.0,
22:15:33.144,-2800.0,10.0,0.0,0.0,RED@L[-1]
22:15:33.148,-2800.0,10.0,0.0,0.0,RED@L[-1]
22:15:33.156,-2800.0,10.0,0.0,0.0,RED@L[-1]
22:15:33.161,-2800.0,10.0,0.0,0.0,RED@L[-1]
22:15:33.165,-2800.0,10.0,0.0,0.0,RED@L[-1]
22:15:33.172,-2800.0,10.0,0.0,0.0,RED@L[-1]
22:15:33.177,-3137.6,10.0,0.0,0.0,RED@L[-1]
22:15:33.185,-3137.6,10.0,0.0,0.0,RED@L[-1]
22:15:33.191,-3137.6,10.0,0.0,0.0,RED@L[-1]
22:15:33.195,-3137.6,10.0,0.0,0.0,RED@L[-1]
22:15:33.201,-3137.6,10.0,0.0,0.0,RED@L[-1]
22:15:33.206,-3137.6,10.0,0.0,0.0,RED@L[-1]
22:15:33.211,-3137.6,10.0,0.0,0.0,RED@L[-1]
22:15:33.217,-3137.6,10.0,0.0,0.0,RED@L[-1]
22:15:33.222,-3137.6,10.0,0.0,0.0,RED@L[-1]
22:15:33.228,-3137.6,10.0,0.0,0.0,RED@L[-1]
22:15:33.236,-3137.6,10.0,0.0,0.0,RED@L[-1]
22:15:33.240,0.0,10.0,0.0,0.0,
22:15:33.247,0.0,10.0,0.0,0.0,
22:15:33.251,0.0,10.0,0.0,0.0,
22:15:33.256,0.0,10.0,0.0,0.0,
22:15:33.262,0.0,10.0,0.0,0.0,
22:15:33.268,0.0,10.0,0.0,0.0,
22:15:33.273,0.0,10.0,0.0,0.0,
22:15:33.280,0.0,10.0,0.0,0.0,
22:15:33.284,0.0,10.0,0.0,0.0,
22:15:33.290,0.0,10.0,0.0,0.0,
22:15:33.297,0.0,10.0,0.0,0.0,
22:15:33.302,-3614.2,10.0,0.0,0.0,RED@L[-1]
22:15:33.309,-3614.2,10.0,0.0,0.0,RED@L[-1]
22:15:33.314,-3614.2,10.0,0.0,0.0,RED@L[-1]
22:15:33.319,-3614.2,10.0,0.0,0.0,RED@L[-1]
22:15:33.325,-3614.2,10.0,0.0,0.0,RED@L[-1]
22:15:33.331,0.0,10.0,0.0,0.0,
22:15:33.337,0.0,10.0,0.0,0.0,
22:15:33.344,0.0,10.0,0.0,0.0,
22:15:33.349,0.0,10.0,0.0,0.0,
22:15:33.355,0.0,10.0,0.0,0.0,
22:15:33.361,-2800.0,10.0,0.0,0.0,RED@L[-1]
22:15:33.367,-2800.0,10.0,0.0,0.0,RED@L[-1]
22:15:33.374,-2800.0,10.0,0.0,0.0,RED@L[-1]
22:15:33.378,-2800.0,10.0,0.0,0.0,RED@L[-1]
22:15:33.384,-2800.0,10.0,0.0,0.0,RED@L[-1]
22:15:33.390,-2800.0,10.0,0.0,0.0,RED@L[-1]
22:15:33.396,-2800.0,10.0,0.0,0.0,RED@L[-1]
22:15:33.402,-2800.0,10.0,0.0,0.0,RED@L[-1]
22:15:33.407,-2800.0,10.0,0.0,0.0,RED@L[-1]
22:15:33.412,-2800.0,10.0,0.0,0.0,RED@L[-1]
22:15:33.419,-2368.0,10.0,0.0,0.0,RED@L[-1]
22:15:33.426,-2368.0,10.0,0.0,0.0,RED@L[-1]
22:15:33.431,-2368.0,10.0,0.0,0.0,RED@L[-1]
22:15:33.437,-2368.0,10.0,0.0,0.0,RED@L[-1]
22:15:33.442,-2368.0,10.0,0.0,0.0,RED@L[-1]
22:15:33.448,-2368.0,10.0,0.0,0.0,RED@L[-1]
22:15:33.453,-2368.0,10.0,0.0,0.0,RED@L[-1]
22:15:33.459,-2368.0,10.0,0.0,0.0,RED@L[-1]
22:15:33.465,-2368.0,10.0,0.0,0.0,RED@L[-1]
22:15:33.471,-2368.0,10.0,0.0,0.0,RED@L[-1]
22:15:33.476,-2368.0,10.0,0.0,0.0,RED@L[-1]
22:15:33.482,-3137.6,10.0,0.0,0.0,RED@L[-1]
22:15:33.488,-3137.6,10.0,0.0,0.0,RED@L[-1]
22:15:33.493,-3137.6,10.0,0.0,0.0,RED@L[-1]
22:15:33.499,-3137.6,10.0,0.0,0.0,RED@L[-1]
22:15:33.505,-3137.6,10.0,0.0,0.0,RED@L[-1]
22:15:33.512,-3614.2,10.0,0.0,0.0,RED@L[-1]
22:15:33.516,-3614.2,10.0,0.0,0.0,RED@L[-1]
22:15:33.522,-3614.2,10.0,0.0,0.0,RED@L[-1]
22:15:33.529,-3614.2,10.0,0.0,0.0,RED@L[-1]
22:15:33.535,-3614.2,10.0,0.0,0.0,RED@L[-1]
22:15:33.542,0.0,10.0,0.0,0.0,
22:15:33.546,0.0,10.0,0.0,0.0,
22:15:33.552,0.0,10.0,0.0,0.0,
22:15:33.558,0.0,10.0,0.0,0.0,
22:15:33.563,0.0,10.0,0.0,0.0,
22:15:33.569,-2800.0,10.0,0.0,0.0,RED@L[-1]
22:15:33.576,-2800.0,10.0,0.0,0.0,RED@L[-1]
22:15:33.580,-2800.0,10.0,0.0,0.0,RED@L[-1]
22:15:33.586,-2800.0,10.0,0.0,0.0,RED@L[-1]
22:15:33.592,-2800.0,10.0,0.0,0.0,RED@L[-1]
22:15:33.597,0.0,10.0,208.5,1.0,GREEN@L[1]
22:15:33.604,0.0,10.0,208.5,1.0,GREEN@L[1]
22:15:33.610,0.0,10.0,208.5,1.0,GREEN@L[1]
22:15:33.615,0.0,10.0,208.5,1.0,GREEN@L[1]
22:15:33.621,0.0,10.0,208.5,1.0,GREEN@L[1]
22:15:33.626,0.0,10.0,0.0,1.0,
22:15:33.633,0.0,10.0,0.0,1.0,
22:15:33.639,0.0,10.0,0.0,1.0,
22:15:33.644,0.0,10.0,0.0,1.0,
22:15:33.650,0.0,10.0,0.0,1.0,
22:15:33.655,-3137.6,10.0,0.0,1.0,RED@L[-1]
22:15:33.660,-3137.6,10.0,0.0,1.0,RED@L[-1]
22:15:33.669,-3137.6,10.0,0.0,1.0,RED@L[-1]
22:15:33.673,-3137.6,10.0,0.0,0.0,RED@L[-1]
22:15:33.679,-3137.6,10.0,0.0,0.0,RED@L[-1]
22:15:33.684,-3137.6,10.0,213.3,1.0,GREEN@L[1] | RED@L[-1]
22:15:33.690,-3137.6,10.0,213.3,1.0,GREEN@L[1] | RED@L[-1]
22:15:33.696,-3137.6,10.0,213.3,1.0,GREEN@L[1] | RED@L[-1]
22:15:33.702,-3137.6,10.0,213.3,1.0,GREEN@L[1] | RED@L[-1]
22:15:33.707,-3137.6,10.0,213.3,1.0,GREEN@L[1] | RED@L[-1]
22:15:33.713,0.0,10.0,215.1,1.0,GREEN@L[1]
22:15:33.718,0.0,10.0,215.1,1.0,GREEN@L[1]
22:15:33.724,0.0,10.0,215.1,1.0,GREEN@L[1]
22:15:33.731,0.0,10.0,215.1,1.0,GREEN@L[1]
22:15:33.736,0.0,10.0,215.1,1.0,GREEN@L[1]
22:15:33.742,0.0,10.0,215.1,1.0,GREEN@L[1]
22:15:33.749,0.0,10.0,215.1,1.0,GREEN@L[1]
22:15:33.754,0.0,10.0,215.1,1.0,GREEN@L[1]
22:15:33.760,0.0,10.0,215.1,1.0,GREEN@L[1]
22:15:33.765,0.0,10.0,215.1,1.0,GREEN@L[1]
22:15:33.770,0.0,10.0,0.0,1.0,
22:15:33.777,0.0,10.0,0.0,1.0,
22:15:33.783,0.0,10.0,0.0,1.0,
22:15:33.788,0.0,10.0,0.0,1.0,
22:15:33.793,0.0,10.0,0.0,1.0,
22:15:33.800,0.0,10.0,213.3,1.0,GREEN@L[1]
22:15:33.805,0.0,10.0,213.3,1.0,GREEN@L[1]
22:15:33.812,0.0,10.0,213.3,1.0,GREEN@L[1]
22:15:33.816,0.0,10.0,213.3,1.0,GREEN@L[1]
22:15:33.822,0.0,10.0,213.3,1.0,GREEN@L[1]
22:15:33.828,0.0,10.0,-185.9,1.0,GREEN@L[1] | YELLOW@L[1]
22:15:33.833,0.0,10.0,-185.9,0.0,GREEN@L[1] | YELLOW@L[1]
22:15:33.840,0.0,10.0,-185.9,0.0,GREEN@L[1] | YELLOW@L[1]
22:15:33.846,0.0,10.0,-185.9,0.0,GREEN@L[1] | YELLOW@L[1]
22:15:33.851,0.0,10.0,-185.9,0.0,GREEN@L[1] | YELLOW@L[1]
22:15:33.856,0.0,10.0,-172.4,0.0,GREEN@L[1] | YELLOW@L[1]
22:15:33.861,0.0,10.0,-172.4,0.0,GREEN@L[1] | YELLOW@L[1]
22:15:33.867,0.0,10.0,-172.4,0.0,GREEN@L[1] | YELLOW@L[1]
22:15:33.875,0.0,10.0,-172.4,0.0,GREEN@L[1] | YELLOW@L[1]
22:15:33.880,0.0,10.0,-172.4,0.0,GREEN@L[1] | YELLOW@L[1]
22:15:33.886,0.0,10.0,-400.5,0.0,YELLOW@L[1]
22:15:33.891,0.0,10.0,-400.5,0.0,YELLOW@L[1]
22:15:33.897,0.0,10.0,-400.5,0.0,YELLOW@L[1]
22:15:33.903,0.0,10.0,-400.5,0.0,YELLOW@L[1]
22:15:33.909,0.0,10.0,-400.5,0.0,YELLOW@L[1]
22:15:33.915,0.0,10.0,-400.5,0.0,YELLOW@L[1]
22:15:33.921,0.0,10.0,-400.5,0.0,YELLOW@L[1]
22:15:33.926,0.0,10.0,-400.5,0.0,YELLOW@L[1]
22:15:33.934,0.0,10.0,-400.5,0.0,YELLOW@L[1]
22:15:33.939,0.0,10.0,-400.5,0.0,YELLOW@L[1]
22:15:33.943,0.0,10.0,-400.5,0.0,YELLOW@L[1]
22:15:33.950,0.0,10.0,-400.5,0.0,YELLOW@L[1]
22:15:33.957,0.0,10.0,-400.5,0.0,YELLOW@L[1]
22:15:33.962,0.0,10.0,-400.5,0.0,YELLOW@L[1]
22:15:33.967,0.0,10.0,-400.5,0.0,YELLOW@L[1]
22:15:33.973,0.0,10.0,-400.1,0.0,YELLOW@L[1]
22:15:33.978,0.0,10.0,-400.1,0.0,YELLOW@L[1]
22:15:33.984,0.0,10.0,-400.1,0.0,YELLOW@L[1]
22:15:33.990,0.0,10.0,-400.1,0.0,YELLOW@L[1]
22:15:33.996,0.0,10.0,-400.1,0.0,YELLOW@L[1]
22:15:34.003,0.0,10.0,-400.0,0.0,YELLOW@L[1]
22:15:34.009,0.0,10.0,-400.0,0.0,YELLOW@L[1]
22:15:34.014,0.0,10.0,-400.0,0.0,YELLOW@L[1]
22:15:34.020,0.0,10.0,-400.0,0.0,YELLOW@L[1]
22:15:34.027,0.0,10.0,-400.0,0.0,YELLOW@L[1]
22:15:34.032,0.0,10.0,-400.0,0.0,YELLOW@L[1]
22:15:34.038,0.0,10.0,-400.0,0.0,YELLOW@L[1]
22:15:34.044,0.0,10.0,-400.0,0.0,YELLOW@L[1]
22:15:34.048,0.0,10.0,-400.0,0.0,YELLOW@L[1]
22:15:34.054,0.0,10.0,-400.0,0.0,YELLOW@L[1]
22:15:34.061,0.0,10.0,-400.0,0.0,YELLOW@L[1]
22:15:34.066,0.0,10.0,-400.0,0.0,YELLOW@L[1]
22:15:34.072,0.0,10.0,-400.0,0.0,YELLOW@L[1]
22:15:34.077,0.0,10.0,-400.0,0.0,YELLOW@L[1]
22:15:34.084,0.0,10.0,-400.0,0.0,YELLOW@L[1]
22:15:34.090,0.0,10.0,-400.0,0.0,YELLOW@L[1]
22:15:34.095,0.0,10.0,-400.0,0.0,YELLOW@L[1]
22:15:34.100,0.0,10.0,-400.0,0.0,YELLOW@L[1]
22:15:34.107,0.0,10.0,-400.0,0.0,YELLOW@L[1]
22:15:34.111,0.0,10.0,-400.0,0.0,YELLOW@L[1]
22:15:34.117,0.0,10.0,0.0,0.0,
22:15:34.124,0.0,10.0,0.0,0.0,
22:15:34.128,0.0,10.0,0.0,0.0,
22:15:34.136,0.0,10.0,0.0,0.0,
22:15:34.141,0.0,10.0,0.0,0.0,
22:15:34.146,0.0,10.0,0.0,0.0,
22:15:34.151,0.0,10.0,0.0,0.0,
22:15:34.156,0.0,10.0,0.0,0.0,
22:15:34.162,0.0,10.0,0.0,0.0,
22:15:34.167,0.0,10.0,0.0,0.0,
22:15:34.174,-1266.3,10.0,0.0,0.0,RED@L[-1]
22:15:34.180,-1266.3,10.0,0.0,0.0,RED@L[-1]
22:15:34.186,-1266.3,10.0,0.0,0.0,RED@L[-1]
22:15:34.191,-1266.3,10.0,0.0,0.0,RED@L[-1]
22:15:34.197,-1266.3,10.0,0.0,0.0,RED@L[-1]
22:15:34.204,-2480.8,10.0,0.0,0.0,RED@L[-1] | RED@L[-1]
22:15:34.208,-2480.8,10.0,0.0,0.0,RED@L[-1] | RED@L[-1]
22:15:34.213,-2480.8,10.0,0.0,0.0,RED@L[-1] | RED@L[-1]
22:15:34.220,-2480.8,10.0,0.0,0.0,RED@L[-1] | RED@L[-1]
22:15:34.226,-2580.5,10.0,0.0,0.0,RED@L[-1] | RED@L[-1]
22:15:34.232,-2580.5,10.0,0.0,0.0,RED@L[-1] | RED@L[-1]
22:15:34.239,-2580.5,10.0,0.0,0.0,RED@L[-1] | RED@L[-1]
22:15:34.244,-2580.5,10.0,0.0,0.0,RED@L[-1] | RED@L[-1]
22:15:34.249,-2580.5,10.0,0.0,0.0,RED@L[-1] | RED@L[-1]
22:15:34.256,-2703.6,10.0,0.0,0.0,RED@L[-1] | RED@L[-1]
22:15:34.261,-2703.6,10.0,0.0,0.0,RED@L[-1] | RED@L[-1]
22:15:34.269,-2703.6,10.0,0.0,0.0,RED@L[-1] | RED@L[-1]
22:15:34.273,-2703.6,10.0,0.0,0.0,RED@L[-1] | RED@L[-1]
22:15:34.278,-2703.6,10.0,0.0,0.0,RED@L[-1] | RED@L[-1]
22:15:34.284,-2703.6,10.0,0.0,0.0,RED@L[-1] | RED@L[-1]
22:15:34.289,0.0,10.0,0.0,0.0,
22:15:34.294,0.0,10.0,0.0,0.0,
22:15:34.301,0.0,10.0,0.0,0.0,
22:15:34.316,0.0,10.0,0.0,0.0,
22:15:34.320,0.0,10.0,0.0,0.0,
22:15:34.325,0.0,10.0,0.0,0.0,
22:15:34.331,0.0,10.0,0.0,0.0,
22:15:34.337,0.0,10.0,0.0,0.0,
22:15:34.342,0.0,10.0,0.0,0.0,
22:15:34.348,0.0,10.0,0.0,0.0,
22:15:34.353,0.0,10.0,0.0,0.0,
22:15:34.359,0.0,10.0,0.0,0.0,
22:15:34.368,0.0,10.0,0.0,0.0,
22:15:34.374,0.0,10.0,0.0,0.0,
22:15:34.379,0.0,10.0,0.0,0.0,
22:15:34.383,0.0,10.0,0.0,0.0,
22:15:34.391,0.0,10.0,0.0,0.0,
22:15:34.396,0.0,10.0,0.0,0.0,
22:15:34.402,0.0,10.0,0.0,0.0,
22:15:34.408,0.0,10.0,0.0,0.0,
22:15:34.414,0.0,10.0,0.0,0.0,
22:15:34.421,0.0,10.0,0.0,0.0,
22:15:34.425,0.0,10.0,0.0,0.0,
22:15:34.430,0.0,10.0,0.0,0.0,
22:15:34.436,0.0,10.0,0.0,0.0,
22:15:34.442,0.0,10.0,0.0,0.0,
22:15:34.447,0.0,10.0,0.0,0.0,
22:15:34.453,0.0,10.0,0.0,0.0,
22:15:34.459,0.0,10.0,0.0,0.0,
22:15:34.463,0.0,10.0,0.0,0.0,
22:15:34.471,0.0,10.0,0.0,0.0,
22:15:34.475,0.0,10.0,0.0,0.0,
22:15:34.481,0.0,10.0,0.0,0.0,
22:15:34.488,0.0,10.0,0.0,0.0,
22:15:34.493,0.0,10.0,0.0,0.0,
22:15:34.500,0.0,10.0,0.0,0.0,
22:15:34.505,0.0,10.0,0.0,0.0,
22:15:34.512,0.0,10.0,0.0,0.0,
22:15:34.518,0.0,10.0,0.0,0.0,
22:15:34.523,0.0,10.0,0.0,0.0,
22:15:34.530,0.0,10.0,0.0,0.0,
22:15:34.534,0.0,10.0,0.0,0.0,
22:15:34.540,0.0,10.0,0.0,0.0,
22:15:34.547,0.0,10.0,0.0,0.0,
22:15:34.552,0.0,10.0,0.0,0.0,
22:15:34.558,0.0,10.0,0.0,0.0,
22:15:34.564,0.0,10.0,0.0,0.0,
22:15:34.569,0.0,10.0,0.0,0.0,
22:15:34.575,0.0,10.0,0.0,0.0,
22:15:34.580,0.0,10.0,0.0,0.0,
22:15:34.587,0.0,10.0,0.0,0.0,
22:15:34.592,0.0,10.0,0.0,0.0,
22:15:34.597,0.0,10.0,0.0,0.0,
22:15:34.602,0.0,10.0,0.0,0.0,
22:15:34.609,304.4,618.8,304.4,0.0,"GREEN@L[0, 1] | GREEN@L[-1, 0]"
22:15:34.615,304.4,618.8,304.4,0.0,"GREEN@L[0, 1] | GREEN@L[-1, 0]"
22:15:34.621,304.4,618.8,304.4,0.0,"GREEN@L[0, 1] | GREEN@L[-1, 0]"
22:15:34.625,304.4,618.8,304.4,0.0,"GREEN@L[0, 1] | GREEN@L[-1, 0]"
22:15:34.631,304.4,618.8,304.4,0.0,"GREEN@L[0, 1] | GREEN@L[-1, 0]"
22:15:34.637,0.0,10.0,0.0,0.0,
22:15:34.642,0.0,10.0,0.0,0.0,
22:15:34.647,0.0,10.0,0.0,0.0,
22:15:34.653,0.0,10.0,0.0,0.0,
22:15:34.658,0.0,10.0,0.0,0.0,
22:15:34.666,342.1,352.1,0.0,0.0,"GREEN@L[-1, 0]"
22:15:34.672,342.1,352.1,0.0,0.0,"GREEN@L[-1, 0]"
22:15:34.678,342.1,352.1,0.0,0.0,"GREEN@L[-1, 0]"
22:15:34.685,342.1,352.1,0.0,0.0,"GREEN@L[-1, 0]"
22:15:34.690,342.1,352.1,0.0,0.0,"GREEN@L[-1, 0]"
22:15:34.697,347.9,705.9,347.9,0.0,"GREEN@L[0, 1] | GREEN@L[-1, 0]"
22:15:34.702,347.9,705.9,347.9,0.0,"GREEN@L[0, 1] | GREEN@L[-1, 0]"
22:15:34.708,347.9,705.9,347.9,0.0,"GREEN@L[0, 1] | GREEN@L[-1, 0]"
22:15:34.714,347.9,705.9,347.9,0.0,"GREEN@L[0, 1] | GREEN@L[-1, 0]"
22:15:34.720,347.9,705.9,347.9,0.0,"GREEN@L[0, 1] | GREEN@L[-1, 0]"
22:15:34.727,372.5,382.5,0.0,0.0,"GREEN@L[-1, 0]"
22:15:34.731,372.5,382.5,0.0,0.0,"GREEN@L[-1, 0]"
22:15:34.738,372.5,382.5,0.0,0.0,"GREEN@L[-1, 0]"
22:15:34.743,372.5,382.5,0.0,0.0,"GREEN@L[-1, 0]"
22:15:34.750,372.5,382.5,0.0,0.0,"GREEN@L[-1, 0]"
22:15:34.755,360.0,10.0,360.0,-1.0,GREEN@L[1] | GREEN@L[-1]
22:15:34.760,360.0,10.0,360.0,-1.0,GREEN@L[1] | GREEN@L[-1]
22:15:34.765,360.0,10.0,360.0,-1.0,GREEN@L[1] | GREEN@L[-1]
22:15:34.770,360.0,10.0,360.0,-1.0,GREEN@L[1] | GREEN@L[-1]
22:15:34.777,360.0,10.0,360.0,-1.0,GREEN@L[1] | GREEN@L[-1]
22:15:34.782,0.0,10.0,360.0,-1.0,GREEN@L[1]
22:15:34.787,0.0,10.0,360.0,-1.0,GREEN@L[1]
22:15:34.793,0.0,10.0,360.0,-1.0,GREEN@L[1]
22:15:34.798,0.0,10.0,360.0,-1.0,GREEN@L[1]
22:15:34.805,0.0,10.0,360.0,-1.0,GREEN@L[1]
22:15:34.811,964.1,10.0,954.4,-1.0,GREEN@L[-1] | GREEN@L[1] | GREEN@L[1] | GREEN@L[-1]
22:15:34.816,964.1,10.0,954.4,-1.0,GREEN@L[-1] | GREEN@L[1] | GREEN@L[1] | GREEN@L[-1]
22:15:34.822,964.1,10.0,954.4,-1.0,GREEN@L[-1] | GREEN@L[1] | GREEN@L[1] | GREEN@L[-1]
22:15:34.827,964.1,10.0,954.4,-1.0,GREEN@L[-1] | GREEN@L[1] | GREEN@L[1] | GREEN@L[-1]
22:15:34.832,964.1,10.0,954.4,-1.0,GREEN@L[-1] | GREEN@L[1] | GREEN@L[1] | GREEN@L[-1]
22:15:34.836,0.0,10.0,0.0,-1.0,
22:15:34.841,0.0,10.0,0.0,-1.0,
22:15:34.848,0.0,10.0,0.0,-1.0,
22:15:34.853,0.0,10.0,0.0,-1.0,
22:15:34.858,0.0,10.0,0.0,-1.0,
22:15:34.864,0.0,10.0,0.0,-1.0,
22:15:34.871,0.0,10.0,0.0,-1.0,
22:15:34.876,0.0,10.0,0.0,-1.0,
22:15:34.881,0.0,10.0,0.0,-1.0,
22:15:34.888,0.0,10.0,0.0,-1.0,
22:15:34.894,0.0,10.0,268.4,-1.0,GREEN@L[1]
22:15:34.901,0.0,10.0,268.4,1.0,GREEN@L[1]
22:15:34.905,0.0,10.0,268.4,1.0,GREEN@L[1]
22:15:34.912,0.0,10.0,268.4,1.0,GREEN@L[1]
22:15:34.918,0.0,10.0,268.4,1.0,GREEN@L[1]
22:15:34.922,0.0,10.0,0.0,1.0,
22:15:34.931,0.0,10.0,0.0,1.0,
22:15:34.936,0.0,10.0,0.0,1.0,
22:15:34.940,0.0,10.0,0.0,1.0,
22:15:34.946,0.0,10.0,0.0,1.0,
22:15:34.952,0.0,10.0,253.3,1.0,GREEN@L[1]
22:15:34.958,0.0,10.0,253.3,1.0,GREEN@L[1]
22:15:34.964,0.0,10.0,253.3,1.0,GREEN@L[1]
22:15:34.970,0.0,10.0,253.3,1.0,GREEN@L[1]
22:15:34.977,0.0,10.0,253.3,1.0,GREEN@L[1]
22:15:34.981,0.0,10.0,240.0,1.0,GREEN@L[1]
22:15:34.988,0.0,10.0,240.0,1.0,GREEN@L[1]
22:15:34.992,0.0,10.0,240.0,1.0,GREEN@L[1]
22:15:34.998,0.0,10.0,240.0,1.0,GREEN@L[1]
22:15:35.004,0.0,10.0,0.0,1.0,
22:15:35.010,0.0,10.0,0.0,1.0,
22:15:35.017,0.0,10.0,0.0,1.0,
22:15:35.024,0.0,10.0,0.0,1.0,
22:15:35.029,0.0,10.0,0.0,1.0,
22:15:35.034,-2250.0,10.0,0.0,1.0,RED@L[-1]
22:15:35.042,-2250.0,10.0,0.0,1.0,RED@L[-1]
22:15:35.045,-2250.0,10.0,0.0,1.0,RED@L[-1]
22:15:35.051,-2250.0,10.0,0.0,0.0,RED@L[-1]
22:15:35.057,-2250.0,10.0,0.0,0.0,RED@L[-1]
22:15:35.062,-1961.2,10.0,0.0,0.0,RED@L[-1]
22:15:35.069,-1961.2,10.0,0.0,0.0,RED@L[-1]
22:15:35.074,-1961.2,10.0,0.0,0.0,RED@L[-1]
22:15:35.080,-1961.2,10.0,0.0,0.0,RED@L[-1]
22:15:35.084,-1961.2,10.0,0.0,0.0,RED@L[-1]
22:15:35.090,0.0,10.0,0.0,0.0,
22:15:35.096,0.0,10.0,0.0,0.0,
22:15:35.104,0.0,10.0,0.0,0.0,
22:15:35.109,0.0,10.0,0.0,0.0,
22:15:35.114,0.0,10.0,0.0,0.0,
22:15:35.120,-3131.7,10.0,0.0,0.0,RED@L[-1] | RED@L[-1]
22:15:35.126,-3131.7,10.0,0.0,0.0,RED@L[-1] | RED@L[-1]
22:15:35.131,-3131.7,10.0,0.0,0.0,RED@L[-1] | RED@L[-1]
22:15:35.136,-3131.7,10.0,0.0,0.0,RED@L[-1] | RED@L[-1]
22:15:35.144,-3131.7,10.0,0.0,0.0,RED@L[-1] | RED@L[-1]
22:15:35.148,0.0,10.0,0.0,0.0,
22:15:35.153,0.0,10.0,0.0,0.0,
22:15:35.158,0.0,10.0,0.0,0.0,
22:15:35.163,0.0,10.0,0.0,0.0,
22:15:35.169,0.0,10.0,0.0,0.0,
22:15:35.174,-1118.3,10.0,0.0,0.0,RED@L[-1]
22:15:35.180,-1118.3,10.0,0.0,0.0,RED@L[-1]
22:15:35.187,-1118.3,10.0,0.0,0.0,RED@L[-1]
22:15:35.192,-1118.3,10.0,0.0,0.0,RED@L[-1]
22:15:35.197,-1118.3,10.0,0.0,0.0,RED@L[-1]
22:15:35.203,0.0,10.0,0.0,0.0,
22:15:35.208,0.0,10.0,0.0,0.0,
22:15:35.214,0.0,10.0,0.0,0.0,
22:15:35.221,0.0,10.0,0.0,0.0,
22:15:35.226,0.0,10.0,0.0,0.0,
22:15:35.231,0.0,10.0,0.0,0.0,
22:15:35.237,0.0,10.0,0.0,0.0,
22:15:35.244,0.0,10.0,0.0,0.0,
22:15:35.248,0.0,10.0,0.0,0.0,
22:15:35.255,0.0,10.0,0.0,0.0,
22:15:35.260,0.0,10.0,0.0,0.0,
22:15:35.265,0.0,10.0,0.0,0.0,
22:15:35.273,0.0,10.0,0.0,0.0,
22:15:35.277,0.0,10.0,0.0,0.0,
22:15:35.285,0.0,10.0,0.0,0.0,
22:15:35.290,0.0,10.0,0.0,0.0,
22:15:35.296,0.0,10.0,0.0,0.0,
22:15:35.300,0.0,10.0,0.0,0.0,
22:15:35.305,0.0,10.0,0.0,0.0,
22:15:35.312,0.0,10.0,0.0,0.0,
22:15:35.319,0.0,10.0,0.0,0.0,
22:15:35.323,0.0,10.0,0.0,0.0,
22:15:35.329,0.0,10.0,0.0,0.0,
22:15:35.335,0.0,10.0,0.0,0.0,
22:15:35.341,0.0,10.0,0.0,0.0,
22:15:35.346,0.0,10.0,0.0,0.0,
22:15:35.352,0.0,10.0,0.0,0.0,
22:15:35.358,0.0,10.0,0.0,0.0,
22:15:35.364,0.0,10.0,0.0,0.0,
22:15:35.371,0.0,10.0,0.0,0.0,
22:15:35.375,0.0,10.0,0.0,0.0,
22:15:35.382,0.0,10.0,0.0,0.0,
22:15:35.388,0.0,10.0,0.0,0.0,
22:15:35.393,0.0,10.0,0.0,0.0,
22:15:35.398,0.0,10.0,0.0,0.0,
22:15:35.405,0.0,10.0,0.0,0.0,
22:15:35.411,0.0,10.0,0.0,0.0,
22:15:35.415,0.0,10.0,0.0,0.0,
22:15:35.422,0.0,10.0,0.0,0.0,
22:15:35.428,0.0,10.0,0.0,0.0,
22:15:35.435,0.0,10.0,0.0,0.0,
22:15:35.440,0.0,10.0,0.0,0.0,
22:15:35.446,0.0,10.0,0.0,0.0,
22:15:35.451,0.0,10.0,0.0,0.0,
22:15:35.457,0.0,10.0,0.0,0.0,
22:15:35.464,0.0,10.0,0.0,0.0,
22:15:35.469,0.0,10.0,0.0,0.0,
22:15:35.475,0.0,10.0,0.0,0.0,
22:15:35.481,0.0,10.0,0.0,0.0,
22:15:35.484,0.0,10.0,0.0,0.0,
22:15:35.493,0.0,10.0,0.0,0.0,
22:15:35.497,0.0,10.0,0.0,0.0,
22:15:35.503,0.0,10.0,0.0,0.0,
22:15:35.510,0.0,10.0,0.0,0.0,
22:15:35.515,0.0,10.0,0.0,0.0,
22:15:35.520,0.0,10.0,0.0,0.0,
22:15:35.527,0.0,10.0,0.0,0.0,
22:15:35.533,0.0,10.0,0.0,0.0,
22:15:35.538,0.0,10.0,0.0,0.0,
22:15:35.545,0.0,10.0,0.0,0.0,
22:15:35.550,0.0,10.0,0.0,0.0,
22:15:35.555,0.0,10.0,0.0,0.0,
22:15:35.562,0.0,10.0,0.0,0.0,
22:15:35.568,0.0,10.0,0.0,0.0,
22:15:35.574,0.0,10.0,0.0,0.0,
22:15:35.582,0.0,10.0,0.0,0.0,
22:15:35.585,0.0,10.0,0.0,0.0,
22:15:35.591,0.0,10.0,0.0,0.0,
22:15:35.597,0.0,10.0,0.0,0.0,
22:15:35.602,0.0,10.0,0.0,0.0,
22:15:35.608,0.0,10.0,0.0,0.0,
22:15:35.614,0.0,10.0,0.0,0.0,
22:15:35.620,0.0,10.0,0.0,0.0,
22:15:35.626,0.0,10.0,0.0,0.0,
22:15:35.632,0.0,10.0,0.0,0.0,
22:15:35.638,0.0,10.0,0.0,0.0,
22:15:35.643,0.0,10.0,0.0,0.0,
22:15:35.648,0.0,10.0,0.0,0.0,
22:15:35.654,0.0,10.0,0.0,0.0,
22:15:35.660,0.0,10.0,0.0,0.0,
22:15:35.665,0.0,10.0,0.0,0.0,
22:15:35.672,0.0,10.0,0.0,0.0,
22:15:35.678,0.0,10.0,0.0,0.0,
22:15:35.683,0.0,10.0,0.0,0.0,
22:15:35.689,0.0,10.0,0.0,0.0,
22:15:35.695,0.0,10.0,0.0,0.0,
22:15:35.701,0.0,10.0,0.0,0.0,
22:15:35.707,0.0,10.0,0.0,0.0,
22:15:35.713,0.0,10.0,0.0,0.0,
22:15:35.718,0.0,10.0,0.0,0.0,
22:15:35.726,0.0,10.0,0.0,0.0,
22:15:35.731,0.0,10.0,0.0,0.0,
22:15:35.736,0.0,10.0,0.0,0.0,
22:15:35.743,0.0,10.0,0.0,0.0,
22:15:35.747,0.0,10.0,0.0,0.0,
22:15:35.755,0.0,10.0,0.0,0.0,
22:15:35.760,0.0,10.0,0.0,0.0,
22:15:35.764,0.0,10.0,0.0,0.0,
22:15:35.772,0.0,10.0,0.0,0.0,
22:15:35.777,0.0,10.0,0.0,0.0,
22:15:35.783,0.0,10.0,0.0,0.0,
22:15:35.789,0.0,10.0,0.0,0.0,
22:15:35.795,0.0,10.0,0.0,0.0,
22:15:35.801,0.0,10.0,0.0,0.0,
22:15:35.805,0.0,10.0,0.0,0.0,
22:15:35.812,0.0,10.0,0.0,0.0,
22:15:35.819,0.0,10.0,0.0,0.0,
22:15:35.824,0.0,10.0,0.0,0.0,
22:15:35.831,0.0,10.0,0.0,0.0,
22:15:35.835,0.0,10.0,0.0,0.0,
22:15:35.842,0.0,10.0,0.0,0.0,
22:15:35.847,0.0,10.0,0.0,0.0,
22:15:35.853,0.0,10.0,0.0,0.0,
22:15:35.859,0.0,10.0,0.0,0.0,
22:15:35.865,0.0,416.0,0.0,0.0,GREEN@L[0]
22:15:35.870,0.0,416.0,0.0,0.0,GREEN@L[0]
22:15:35.877,0.0,416.0,0.0,0.0,GREEN@L[0]
22:15:35.881,0.0,416.0,0.0,0.0,GREEN@L[0]
22:15:35.886,0.0,416.0,0.0,0.0,GREEN@L[0]
22:15:35.892,0.0,10.0,0.0,0.0,
22:15:35.898,0.0,10.0,0.0,0.0,
22:15:35.904,0.0,10.0,0.0,0.0,
22:15:35.908,0.0,10.0,0.0,0.0,
22:15:35.916,0.0,10.0,0.0,0.0,
22:15:35.921,0.0,452.4,442.4,0.0,"GREEN@L[0, 1]"
22:15:35.925,0.0,452.4,442.4,0.0,"GREEN@L[0, 1]"
22:15:35.932,0.0,452.4,442.4,0.0,"GREEN@L[0, 1]"
22:15:35.939,0.0,452.4,442.4,0.0,"GREEN@L[0, 1]"
22:15:35.942,0.0,452.4,442.4,0.0,"GREEN@L[0, 1]"
22:15:35.948,0.0,444.9,434.9,0.0,"GREEN@L[0, 1]"
22:15:35.954,0.0,444.9,434.9,0.0,"GREEN@L[0, 1]"
22:15:35.960,0.0,444.9,434.9,0.0,"GREEN@L[0, 1]"
22:15:35.965,0.0,444.9,434.9,0.0,"GREEN@L[0, 1]"
22:15:35.972,0.0,444.9,434.9,0.0,"GREEN@L[0, 1]"
22:15:35.978,0.0,444.9,434.9,0.0,"GREEN@L[0, 1]"
22:15:35.982,0.0,10.0,0.0,0.0,
22:15:35.987,0.0,10.0,0.0,0.0,
22:15:35.994,0.0,10.0,0.0,0.0,
22:15:35.998,0.0,10.0,0.0,0.0,
22:15:36.005,0.0,10.0,0.0,0.0,
22:15:36.010,0.0,10.0,0.0,0.0,
22:15:36.016,0.0,10.0,0.0,0.0,
22:15:36.024,0.0,10.0,0.0,0.0,
22:15:36.027,0.0,10.0,0.0,0.0,
22:15:36.035,0.0,10.0,0.0,0.0,
22:15:36.040,0.0,10.0,-21.2,0.0,GREEN@L[1] | YELLOW@L[1]
22:15:36.047,0.0,10.0,-21.2,0.0,GREEN@L[1] | YELLOW@L[1]
22:15:36.054,0.0,10.0,-21.2,0.0,GREEN@L[1] | YELLOW@L[1]
22:15:36.058,0.0,10.0,-21.2,0.0,GREEN@L[1] | YELLOW@L[1]
22:15:36.063,0.0,10.0,-21.2,0.0,GREEN@L[1] | YELLOW@L[1]
22:15:36.069,0.0,10.0,-13.6,0.0,GREEN@L[1] | YELLOW@L[1]
22:15:36.075,0.0,10.0,-13.6,0.0,GREEN@L[1] | YELLOW@L[1]
22:15:36.081,0.0,10.0,-13.6,0.0,GREEN@L[1] | YELLOW@L[1]
22:15:36.086,0.0,10.0,-13.6,0.0,GREEN@L[1] | YELLOW@L[1]
22:15:36.094,0.0,-1885.0,-1422.1,-1.0,"GREEN@L[1] | GREEN@L[1] | RED@L[0, 1] | YELLOW@L[1]"
22:15:36.099,0.0,-1885.0,-1422.1,-1.0,"GREEN@L[1] | GREEN@L[1] | RED@L[0, 1] | YELLOW@L[1]"
22:15:36.105,0.0,-1885.0,-1422.1,-1.0,"GREEN@L[1] | GREEN@L[1] | RED@L[0, 1] | YELLOW@L[1]"
22:15:36.111,0.0,-1885.0,-1422.1,-1.0,"GREEN@L[1] | GREEN@L[1] | RED@L[0, 1] | YELLOW@L[1]"
22:15:36.116,0.0,-1885.0,-1422.1,-1.0,"GREEN@L[1] | GREEN@L[1] | RED@L[0, 1] | YELLOW@L[1]"
22:15:36.122,0.0,-1885.0,-1422.1,-1.0,"GREEN@L[1] | GREEN@L[1] | RED@L[0, 1] | YELLOW@L[1]"
22:15:36.128,0.0,10.0,-409.6,-1.0,YELLOW@L[1]
22:15:36.134,0.0,10.0,-409.6,-1.0,YELLOW@L[1]
22:15:36.140,0.0,10.0,-409.6,-1.0,YELLOW@L[1]
22:15:36.144,0.0,10.0,-409.6,-1.0,YELLOW@L[1]
22:15:36.151,0.0,10.0,-409.6,-1.0,YELLOW@L[1]
22:15:36.155,0.0,10.0,-401.9,-1.0,YELLOW@L[1]
22:15:36.163,0.0,10.0,-401.9,-1.0,YELLOW@L[1]
22:15:36.167,0.0,10.0,-401.9,0.0,YELLOW@L[1]
22:15:36.172,0.0,10.0,-401.9,0.0,YELLOW@L[1]
22:15:36.178,0.0,10.0,-401.9,0.0,YELLOW@L[1]
22:15:36.185,0.0,10.0,-400.5,0.0,YELLOW@L[1]
22:15:36.191,0.0,10.0,-400.5,0.0,YELLOW@L[1]
22:15:36.197,0.0,10.0,-400.5,0.0,YELLOW@L[1]
22:15:36.203,0.0,10.0,-400.5,0.0,YELLOW@L[1]
22:15:36.208,0.0,10.0,0.0,0.0,
22:15:36.216,0.0,10.0,0.0,0.0,
22:15:36.222,0.0,10.0,0.0,0.0,
22:15:36.226,0.0,10.0,0.0,0.0,
22:15:36.231,0.0,10.0,0.0,0.0,
22:15:36.238,0.0,10.0,0.0,0.0,
22:15:36.245,0.0,10.0,0.0,0.0,
22:15:36.250,0.0,10.0,0.0,0.0,
22:15:36.255,0.0,10.0,0.0,0.0,
22:15:36.262,0.0,10.0,0.0,0.0,
22:15:36.267,0.0,10.0,0.0,0.0,
22:15:36.273,0.0,10.0,0.0,0.0,
22:15:36.277,0.0,10.0,0.0,0.0,
22:15:36.283,0.0,10.0,0.0,0.0,
22:15:36.289,0.0,10.0,0.0,0.0,
22:15:36.294,0.0,10.0,0.0,0.0,
22:15:36.300,0.0,10.0,0.0,0.0,
22:15:36.306,0.0,10.0,0.0,0.0,
22:15:36.311,0.0,10.0,0.0,0.0,
22:15:36.317,-1322.2,10.0,0.0,0.0,RED@L[-1]
22:15:36.323,-1322.2,10.0,0.0,0.0,RED@L[-1]
22:15:36.328,-1322.2,10.0,0.0,0.0,RED@L[-1]
22:15:36.335,-1322.2,10.0,0.0,0.0,RED@L[-1]
22:15:36.340,-1322.2,10.0,0.0,0.0,RED@L[-1]
22:15:36.346,-1322.2,10.0,0.0,0.0,RED@L[-1]
22:15:36.352,-1322.2,10.0,0.0,0.0,RED@L[-1]
22:15:36.358,-1322.2,10.0,0.0,0.0,RED@L[-1]
22:15:36.364,-1322.2,10.0,0.0,0.0,RED@L[-1]
22:15:36.368,-1322.2,10.0,0.0,0.0,RED@L[-1]
22:15:36.375,-2512.4,10.0,0.0,0.0,RED@L[-1] | RED@L[-1]
22:15:36.382,-2512.4,10.0,0.0,0.0,RED@L[-1] | RED@L[-1]
22:15:36.388,-2512.4,10.0,0.0,0.0,RED@L[-1] | RED@L[-1]
22:15:36.394,-2512.4,10.0,0.0,0.0,RED@L[-1] | RED@L[-1]
22:15:36.400,-2512.4,10.0,0.0,0.0,RED@L[-1] | RED@L[-1]
22:15:36.405,-2612.1,10.0,0.0,0.0,RED@L[-1] | RED@L[-1]
22:15:36.411,-2612.1,10.0,0.0,0.0,RED@L[-1] | RED@L[-1]
22:15:36.417,-2612.1,10.0,0.0,0.0,RED@L[-1] | RED@L[-1]
22:15:36.422,-2612.1,10.0,0.0,0.0,RED@L[-1] | RED@L[-1]
22:15:36.428,-4775.7,10.0,0.0,0.0,RED@L[-1] | RED@L[-1] | RED@L[-1]
22:15:36.435,-4775.7,10.0,0.0,0.0,RED@L[-1] | RED@L[-1] | RED@L[-1]
22:15:36.440,-4775.7,10.0,0.0,0.0,RED@L[-1] | RED@L[-1] | RED@L[-1]
22:15:36.445,-4775.7,10.0,0.0,0.0,RED@L[-1] | RED@L[-1] | RED@L[-1]
22:15:36.452,-4775.7,10.0,0.0,0.0,RED@L[-1] | RED@L[-1] | RED@L[-1]
22:15:36.458,-4180.2,10.0,0.0,0.0,RED@L[-1] | RED@L[-1] | RED@L[-1]
22:15:36.463,-4180.2,10.0,0.0,0.0,RED@L[-1] | RED@L[-1] | RED@L[-1]
22:15:36.470,-4180.2,10.0,0.0,0.0,RED@L[-1] | RED@L[-1] | RED@L[-1]
22:15:36.476,-4180.2,10.0,0.0,0.0,RED@L[-1] | RED@L[-1] | RED@L[-1]
22:15:36.481,-4180.2,10.0,0.0,0.0,RED@L[-1] | RED@L[-1] | RED@L[-1]
22:15:36.488,-5934.9,10.0,0.0,0.0,RED@L[-1] | RED@L[-1] | RED@L[-1] | RED@L[-1]
22:15:36.493,-5934.9,10.0,0.0,0.0,RED@L[-1] | RED@L[-1] | RED@L[-1] | RED@L[-1]
22:15:36.499,-5934.9,10.0,0.0,0.0,RED@L[-1] | RED@L[-1] | RED@L[-1] | RED@L[-1]
22:15:36.504,-5934.9,10.0,0.0,0.0,RED@L[-1] | RED@L[-1] | RED@L[-1] | RED@L[-1]
22:15:36.511,-5934.9,10.0,0.0,0.0,RED@L[-1] | RED@L[-1] | RED@L[-1] | RED@L[-1]
22:15:36.518,-7076.3,10.0,0.0,0.0,RED@L[-1] | RED@L[-1] | RED@L[-1] | RED@L[-1]
22:15:36.523,-7076.3,10.0,0.0,0.0,RED@L[-1] | RED@L[-1] | RED@L[-1] | RED@L[-1]
22:15:36.528,-7076.3,10.0,0.0,0.0,RED@L[-1] | RED@L[-1] | RED@L[-1] | RED@L[-1]
22:15:36.535,-7076.3,10.0,0.0,0.0,RED@L[-1] | RED@L[-1] | RED@L[-1] | RED@L[-1]
22:15:36.541,-7076.3,10.0,0.0,0.0,RED@L[-1] | RED@L[-1] | RED@L[-1] | RED@L[-1]
22:15:36.547,-6094.4,10.0,0.0,0.0,RED@L[-1] | RED@L[-1] | RED@L[-1] | RED@L[-1]
22:15:36.552,-6094.4,10.0,0.0,0.0,RED@L[-1] | RED@L[-1] | RED@L[-1] | RED@L[-1]
22:15:36.557,-6094.4,10.0,0.0,0.0,RED@L[-1] | RED@L[-1] | RED@L[-1] | RED@L[-1]
22:15:36.562,-6094.4,10.0,0.0,0.0,RED@L[-1] | RED@L[-1] | RED@L[-1] | RED@L[-1]
22:15:36.569,-6094.4,10.0,0.0,0.0,RED@L[-1] | RED@L[-1] | RED@L[-1] | RED@L[-1]
22:15:36.574,-2732.8,10.0,0.0,0.0,RED@L[-1] | RED@L[-1]
22:15:36.581,-2732.8,10.0,0.0,0.0,RED@L[-1] | RED@L[-1]
22:15:36.587,-2732.8,10.0,0.0,0.0,RED@L[-1] | RED@L[-1]
22:15:36.592,-2732.8,10.0,0.0,0.0,RED@L[-1] | RED@L[-1]
22:15:36.599,-6006.5,10.0,0.0,0.0,RED@L[-1] | RED@L[-1] | RED@L[-1]
22:15:36.603,-6006.5,10.0,0.0,0.0,RED@L[-1] | RED@L[-1] | RED@L[-1]
22:15:36.610,-6006.5,10.0,0.0,0.0,RED@L[-1] | RED@L[-1] | RED@L[-1]
22:15:36.616,-6006.5,10.0,0.0,0.0,RED@L[-1] | RED@L[-1] | RED@L[-1]
22:15:36.622,-6006.5,10.0,0.0,0.0,RED@L[-1] | RED@L[-1] | RED@L[-1]
22:15:36.628,-3952.1,10.0,0.0,0.0,RED@L[-1] | RED@L[-1] | RED@L[-1]
22:15:36.634,-3952.1,10.0,0.0,0.0,RED@L[-1] | RED@L[-1] | RED@L[-1]
22:15:36.640,-3952.1,10.0,0.0,0.0,RED@L[-1] | RED@L[-1] | RED@L[-1]
22:15:36.646,-3952.1,10.0,0.0,0.0,RED@L[-1] | RED@L[-1] | RED@L[-1]
22:15:36.651,-3952.1,10.0,0.0,0.0,RED@L[-1] | RED@L[-1] | RED@L[-1]
22:15:36.656,-4996.7,10.0,0.0,0.0,RED@L[-1] | RED@L[-1] | RED@L[-1]
22:15:36.663,-4996.7,10.0,0.0,0.0,RED@L[-1] | RED@L[-1] | RED@L[-1]
22:15:36.667,-4996.7,10.0,0.0,0.0,RED@L[-1] | RED@L[-1] | RED@L[-1]
22:15:36.673,-4996.7,10.0,0.0,0.0,RED@L[-1] | RED@L[-1] | RED@L[-1]
22:15:36.678,-4996.7,10.0,0.0,0.0,RED@L[-1] | RED@L[-1] | RED@L[-1]
22:15:36.686,-3342.3,10.0,0.0,0.0,RED@L[-1] | RED@L[-1]
22:15:36.691,-3342.3,10.0,0.0,0.0,RED@L[-1] | RED@L[-1]
22:15:36.697,-3342.3,10.0,0.0,0.0,RED@L[-1] | RED@L[-1]
22:15:36.703,-3342.3,10.0,0.0,0.0,RED@L[-1] | RED@L[-1]
22:15:36.710,-2407.4,10.0,0.0,0.0,RED@L[-1] | RED@L[-1]
22:15:36.716,-2407.4,10.0,0.0,0.0,RED@L[-1] | RED@L[-1]
22:15:36.722,-2407.4,10.0,0.0,0.0,RED@L[-1] | RED@L[-1]
22:15:36.729,-2407.4,10.0,0.0,0.0,RED@L[-1] | RED@L[-1]
22:15:36.733,-2407.4,10.0,0.0,0.0,RED@L[-1] | RED@L[-1]
22:15:36.738,-5603.0,10.0,0.0,0.0,RED@L[-1] | RED@L[-1] | RED@L[-1]
22:15:36.746,-5603.0,10.0,0.0,0.0,RED@L[-1] | RED@L[-1] | RED@L[-1]
22:15:36.752,-5603.0,10.0,0.0,0.0,RED@L[-1] | RED@L[-1] | RED@L[-1]
22:15:36.757,-5603.0,10.0,0.0,0.0,RED@L[-1] | RED@L[-1] | RED@L[-1]
22:15:36.762,-5603.0,10.0,0.0,0.0,RED@L[-1] | RED@L[-1] | RED@L[-1]
22:15:36.768,-2589.6,10.0,0.0,0.0,RED@L[-1] | RED@L[-1]
22:15:36.774,-2589.6,10.0,0.0,0.0,RED@L[-1] | RED@L[-1]
22:15:36.781,-2589.6,10.0,0.0,0.0,RED@L[-1] | RED@L[-1]
22:15:36.785,-2589.6,10.0,0.0,0.0,RED@L[-1] | RED@L[-1]
22:15:36.792,-2589.6,10.0,0.0,0.0,RED@L[-1] | RED@L[-1]
22:15:36.796,-4795.3,10.0,0.0,0.0,RED@L[-1] | RED@L[-1] | RED@L[-1]
22:15:36.802,-4795.3,10.0,0.0,0.0,RED@L[-1] | RED@L[-1] | RED@L[-1]
22:15:36.808,-4795.3,10.0,0.0,0.0,RED@L[-1] | RED@L[-1] | RED@L[-1]
22:15:36.814,-4795.3,10.0,0.0,0.0,RED@L[-1] | RED@L[-1] | RED@L[-1]
22:15:36.819,-3267.8,10.0,0.0,0.0,RED@L[-1] | RED@L[-1]
22:15:36.826,-3267.8,10.0,0.0,0.0,RED@L[-1] | RED@L[-1]
22:15:36.832,-3267.8,10.0,0.0,0.0,RED@L[-1] | RED@L[-1]
22:15:36.836,-3267.8,10.0,0.0,0.0,RED@L[-1] | RED@L[-1]
22:15:36.844,-3267.8,10.0,0.0,0.0,RED@L[-1] | RED@L[-1]
22:15:36.847,-5729.0,10.0,0.0,0.0,RED@L[-1] | RED@L[-1] | RED@L[-1]
22:15:36.853,-5729.0,10.0,0.0,0.0,RED@L[-1] | RED@L[-1] | RED@L[-1]
22:15:36.860,-5729.0,10.0,0.0,0.0,RED@L[-1] | RED@L[-1] | RED@L[-1]
22:15:36.864,-5729.0,10.0,0.0,0.0,RED@L[-1] | RED@L[-1] | RED@L[-1]
22:15:36.870,-5729.0,10.0,0.0,0.0,RED@L[-1] | RED@L[-1] | RED@L[-1]
22:15:36.876,-5350.3,10.0,0.0,0.0,RED@L[-1] | RED@L[-1] | RED@L[-1]
22:15:36.881,-5350.3,10.0,0.0,0.0,RED@L[-1] | RED@L[-1] | RED@L[-1]
22:15:36.888,-5350.3,10.0,0.0,0.0,RED@L[-1] | RED@L[-1] | RED@L[-1]
22:15:36.895,-5350.3,10.0,0.0,0.0,RED@L[-1] | RED@L[-1] | RED@L[-1]
22:15:36.901,-5350.3,10.0,0.0,0.0,RED@L[-1] | RED@L[-1] | RED@L[-1]
22:15:36.906,-2771.9,10.0,0.0,0.0,RED@L[-1] | RED@L[-1]
22:15:36.911,-2771.9,10.0,0.0,0.0,RED@L[-1] | RED@L[-1]
22:15:36.918,-2771.9,10.0,0.0,0.0,RED@L[-1] | RED@L[-1]
22:15:36.924,-2771.9,10.0,0.0,0.0,RED@L[-1] | RED@L[-1]
22:15:36.930,-2771.9,10.0,0.0,0.0,RED@L[-1] | RED@L[-1]
22:15:36.936,-4870.1,10.0,0.0,0.0,RED@L[-1] | RED@L[-1] | RED@L[-1]
22:15:36.942,-4870.1,10.0,0.0,0.0,RED@L[-1] | RED@L[-1] | RED@L[-1]
22:15:36.949,-4870.1,10.0,0.0,0.0,RED@L[-1] | RED@L[-1] | RED@L[-1]
22:15:36.954,-4870.1,10.0,0.0,0.0,RED@L[-1] | RED@L[-1] | RED@L[-1]
22:15:36.959,-4870.1,10.0,0.0,0.0,RED@L[-1] | RED@L[-1] | RED@L[-1]
22:15:36.966,-3477.2,10.0,0.0,0.0,RED@L[-1] | RED@L[-1]
22:15:36.970,-3477.2,10.0,0.0,0.0,RED@L[-1] | RED@L[-1]
22:15:36.978,-3477.2,10.0,0.0,0.0,RED@L[-1] | RED@L[-1]
22:15:36.983,-3477.2,10.0,0.0,0.0,RED@L[-1] | RED@L[-1]
22:15:36.989,-3477.2,10.0,0.0,0.0,RED@L[-1] | RED@L[-1]
22:15:36.992,-5575.6,10.0,0.0,0.0,RED@L[-1] | RED@L[-1] | GRAY@L[-1]
22:15:37.000,-5575.6,10.0,0.0,0.0,RED@L[-1] | RED@L[-1] | GRAY@L[-1]
22:15:37.006,-5575.6,10.0,0.0,0.0,RED@L[-1] | RED@L[-1] | GRAY@L[-1]
22:15:37.011,-5575.6,10.0,0.0,0.0,RED@L[-1] | RED@L[-1] | GRAY@L[-1]
22:15:37.016,-5575.6,10.0,0.0,0.0,RED@L[-1] | RED@L[-1] | GRAY@L[-1]
22:15:37.023,-4610.9,10.0,0.0,0.0,RED@L[-1] | RED@L[-1]
22:15:37.028,-4610.9,10.0,0.0,0.0,RED@L[-1] | RED@L[-1]
22:15:37.035,-4610.9,10.0,0.0,0.0,RED@L[-1] | RED@L[-1]
22:15:37.041,-4610.9,10.0,0.0,0.0,RED@L[-1] | RED@L[-1]
22:15:37.047,-4610.9,10.0,0.0,0.0,RED@L[-1] | RED@L[-1]
22:15:37.052,-1961.2,10.0,0.0,0.0,RED@L[-1]
22:15:37.059,-1961.2,10.0,0.0,0.0,RED@L[-1]
22:15:37.064,-1961.2,10.0,0.0,0.0,RED@L[-1]
22:15:37.070,-1961.2,10.0,0.0,0.0,RED@L[-1]
22:15:37.075,-1961.2,10.0,0.0,0.0,RED@L[-1]
22:15:37.082,-6073.4,10.0,0.0,0.0,RED@L[-1] | RED@L[-1]
22:15:37.088,-6073.4,10.0,0.0,0.0,RED@L[-1] | RED@L[-1]
22:15:37.092,-6073.4,10.0,0.0,0.0,RED@L[-1] | RED@L[-1]
22:15:37.097,-6073.4,10.0,0.0,0.0,RED@L[-1] | RED@L[-1]
22:15:37.104,-6073.4,10.0,0.0,0.0,RED@L[-1] | RED@L[-1]
22:15:37.110,-2620.1,-1332.0,-1342.0,0.0,"RED@L[-1] | RED@L[0, 1]"
22:15:37.116,-2620.1,-1332.0,-1342.0,0.0,"RED@L[-1] | RED@L[0, 1]"
22:15:37.122,-2620.1,-1332.0,-1342.0,0.0,"RED@L[-1] | RED@L[0, 1]"
22:15:37.127,-2620.1,-1332.0,-1342.0,0.0,"RED@L[-1] | RED@L[0, 1]"
22:15:37.133,-2620.1,-1332.0,-1342.0,0.0,"RED@L[-1] | RED@L[0, 1]"
22:15:37.138,-3504.1,10.0,0.0,0.0,RED@L[-1]
22:15:37.145,-3504.1,10.0,0.0,0.0,RED@L[-1]
22:15:37.150,-3504.1,10.0,0.0,0.0,RED@L[-1]
22:15:37.156,-3504.1,10.0,0.0,0.0,RED@L[-1]
22:15:37.163,-3504.1,10.0,0.0,0.0,RED@L[-1]
22:15:37.168,-3670.1,10.0,0.0,0.0,RED@L[-1]
22:15:37.173,-3670.1,10.0,0.0,0.0,RED@L[-1]
22:15:37.180,-3670.1,10.0,0.0,0.0,RED@L[-1]
22:15:37.186,-3670.1,10.0,0.0,0.0,RED@L[-1]
22:15:37.191,-3670.1,10.0,0.0,0.0,RED@L[-1]
22:15:37.198,0.0,10.0,0.0,0.0,
22:15:37.203,0.0,10.0,0.0,0.0,
22:15:37.209,0.0,10.0,0.0,0.0,
22:15:37.215,0.0,10.0,0.0,0.0,
22:15:37.220,0.0,10.0,0.0,0.0,
22:15:37.226,0.0,10.0,-1653.6,0.0,RED@L[1]
22:15:37.232,0.0,10.0,-1653.6,0.0,RED@L[1]
22:15:37.237,0.0,10.0,-1653.6,0.0,RED@L[1]
22:15:37.241,0.0,10.0,-1653.6,0.0,RED@L[1]
22:15:37.248,0.0,10.0,-1653.6,0.0,RED@L[1]
22:15:37.255,0.0,10.0,0.0,0.0,
22:15:37.260,0.0,10.0,0.0,0.0,
22:15:37.266,0.0,10.0,0.0,0.0,
22:15:37.270,0.0,10.0,0.0,0.0,
22:15:37.278,0.0,10.0,0.0,0.0,
22:15:37.282,0.0,-579.3,0.0,-1.0,YELLOW@L[0]
22:15:37.287,0.0,-579.3,0.0,-1.0,YELLOW@L[0]
22:15:37.294,0.0,-579.3,0.0,-1.0,YELLOW@L[0]
22:15:37.298,0.0,-579.3,0.0,-1.0,YELLOW@L[0]
22:15:37.306,0.0,-579.3,0.0,-1.0,YELLOW@L[0]
22:15:37.311,0.0,-579.3,0.0,-1.0,YELLOW@L[0]
22:15:37.316,0.0,-579.3,0.0,-1.0,YELLOW@L[0]
22:15:37.321,0.0,-579.3,0.0,-1.0,YELLOW@L[0]
22:15:37.328,0.0,-579.3,0.0,-1.0,YELLOW@L[0]
22:15:37.333,0.0,-579.3,0.0,-1.0,YELLOW@L[0]
22:15:37.339,0.0,-579.3,0.0,-1.0,YELLOW@L[0]
22:15:37.346,0.0,-570.0,0.0,-1.0,YELLOW@L[0]
22:15:37.353,0.0,-570.0,0.0,-1.0,YELLOW@L[0]
22:15:37.359,0.0,-570.0,0.0,-1.0,YELLOW@L[0]
22:15:37.365,0.0,-570.0,0.0,-1.0,YELLOW@L[0]
22:15:37.370,0.0,-570.0,0.0,-1.0,YELLOW@L[0]
22:15:37.376,0.0,-570.0,0.0,-1.0,YELLOW@L[0]
22:15:37.382,0.0,-570.0,0.0,-1.0,YELLOW@L[0]
22:15:37.387,0.0,-570.0,0.0,-1.0,YELLOW@L[0]
22:15:37.393,0.0,-570.0,0.0,-1.0,YELLOW@L[0]
22:15:37.398,0.0,-552.0,-562.0,-1.0,"YELLOW@L[0, 1]"
22:15:37.403,0.0,-552.0,-562.0,-1.0,"YELLOW@L[0, 1]"
22:15:37.409,0.0,-552.0,-562.0,-1.0,"YELLOW@L[0, 1]"
22:15:37.414,0.0,-552.0,-562.0,-1.0,"YELLOW@L[0, 1]"
22:15:37.417,0.0,-552.0,-562.0,-1.0,"YELLOW@L[0, 1]"
22:15:37.425,0.0,-552.0,-562.0,-1.0,"YELLOW@L[0, 1]"
22:15:37.430,0.0,-552.0,-562.0,-1.0,"YELLOW@L[0, 1]"
22:15:37.437,0.0,-552.0,-562.0,-1.0,"YELLOW@L[0, 1]"
22:15:37.441,0.0,-552.0,-562.0,-1.0,"YELLOW@L[0, 1]"
22:15:37.448,0.0,-552.0,-562.0,-1.0,"YELLOW@L[0, 1]"
22:15:37.453,0.0,10.0,-545.0,-1.0,YELLOW@L[1]
22:15:37.459,0.0,10.0,-545.0,-1.0,YELLOW@L[1]
22:15:37.465,0.0,10.0,-545.0,-1.0,YELLOW@L[1]
22:15:37.470,0.0,10.0,-545.0,-1.0,YELLOW@L[1]
22:15:37.476,0.0,10.0,-545.0,-1.0,YELLOW@L[1]
22:15:37.482,0.0,10.0,-545.0,-1.0,YELLOW@L[1]
22:15:37.487,0.0,10.0,-536.8,-1.0,YELLOW@L[1]
22:15:37.493,0.0,10.0,-536.8,-1.0,YELLOW@L[1]
22:15:37.496,0.0,10.0,-536.8,-1.0,YELLOW@L[1]
22:15:37.502,0.0,10.0,-536.8,0.0,YELLOW@L[1]
22:15:37.510,0.0,10.0,-536.8,0.0,YELLOW@L[1]
22:15:37.516,0.0,10.0,-528.9,0.0,YELLOW@L[1]
22:15:37.521,0.0,10.0,-528.9,0.0,YELLOW@L[1]
22:15:37.526,0.0,10.0,-528.9,0.0,YELLOW@L[1]
22:15:37.531,0.0,10.0,-528.9,0.0,YELLOW@L[1]
22:15:37.538,0.0,10.0,-528.9,0.0,YELLOW@L[1]
22:15:37.543,0.0,266.9,-249.6,0.0,"GREEN@L[0, 1] | YELLOW@L[1]"
22:15:37.550,0.0,266.9,-249.6,0.0,"GREEN@L[0, 1] | YELLOW@L[1]"
22:15:37.555,0.0,266.9,-249.6,0.0,"GREEN@L[0, 1] | YELLOW@L[1]"
22:15:37.560,0.0,266.9,-249.6,0.0,"GREEN@L[0, 1] | YELLOW@L[1]"
22:15:37.567,0.0,266.9,-249.6,0.0,"GREEN@L[0, 1] | YELLOW@L[1]"
22:15:37.572,0.0,259.8,-492.8,0.0,GREEN@L[0] | YELLOW@L[1]
22:15:37.579,0.0,259.8,-492.8,0.0,GREEN@L[0] | YELLOW@L[1]
22:15:37.585,0.0,259.8,-492.8,0.0,GREEN@L[0] | YELLOW@L[1]
22:15:37.590,0.0,259.8,-492.8,0.0,GREEN@L[0] | YELLOW@L[1]
22:15:37.595,0.0,259.8,-492.8,0.0,GREEN@L[0] | YELLOW@L[1]
22:15:37.601,0.0,250.0,-234.0,0.0,GREEN@L[1] | GREEN@L[0] | YELLOW@L[1]
22:15:37.608,0.0,250.0,-234.0,0.0,GREEN@L[1] | GREEN@L[0] | YELLOW@L[1]
22:15:37.614,0.0,250.0,-234.0,0.0,GREEN@L[1] | GREEN@L[0] | YELLOW@L[1]
22:15:37.619,0.0,250.0,-234.0,0.0,GREEN@L[1] | GREEN@L[0] | YELLOW@L[1]
22:15:37.623,0.0,250.0,-234.0,0.0,GREEN@L[1] | GREEN@L[0] | YELLOW@L[1]
22:15:37.630,0.0,10.0,-468.2,0.0,YELLOW@L[1]
22:15:37.636,0.0,10.0,-468.2,0.0,YELLOW@L[1]
22:15:37.641,0.0,10.0,-468.2,0.0,YELLOW@L[1]
22:15:37.647,0.0,10.0,-468.2,0.0,YELLOW@L[1]
22:15:37.652,0.0,10.0,-468.2,0.0,YELLOW@L[1]
22:15:37.658,0.0,10.0,-447.3,0.0,YELLOW@L[1]
22:15:37.665,0.0,10.0,-447.3,0.0,YELLOW@L[1]
22:15:37.670,0.0,10.0,-447.3,0.0,YELLOW@L[1]
22:15:37.677,0.0,10.0,-447.3,0.0,YELLOW@L[1]
22:15:37.682,0.0,10.0,-447.3,0.0,YELLOW@L[1]
22:15:37.687,-2174.3,10.0,-438.3,0.0,RED@L[-1] | YELLOW@L[1]
22:15:37.693,-2174.3,10.0,-438.3,0.0,RED@L[-1] | YELLOW@L[1]
22:15:37.698,-2174.3,10.0,-438.3,0.0,RED@L[-1] | YELLOW@L[1]
22:15:37.705,-2174.3,10.0,-438.3,0.0,RED@L[-1] | YELLOW@L[1]
22:15:37.710,0.0,10.0,211.6,1.0,GREEN@L[1]
22:15:37.715,0.0,10.0,211.6,1.0,GREEN@L[1]
22:15:37.721,0.0,10.0,211.6,1.0,GREEN@L[1]
22:15:37.727,0.0,10.0,211.6,1.0,GREEN@L[1]
22:15:37.733,0.0,10.0,211.6,1.0,GREEN@L[1]
22:15:37.739,-3553.8,10.0,0.0,1.0,RED@L[-1] | RED@L[-1]
22:15:37.744,-3553.8,10.0,0.0,1.0,RED@L[-1] | RED@L[-1]
22:15:37.748,-3553.8,10.0,0.0,1.0,RED@L[-1] | RED@L[-1]
22:15:37.756,-3553.8,10.0,0.0,1.0,RED@L[-1] | RED@L[-1]
22:15:37.762,-3553.8,10.0,0.0,1.0,RED@L[-1] | RED@L[-1]
22:15:37.768,-1927.8,10.0,0.0,1.0,RED@L[-1]
22:15:37.775,-1927.8,10.0,0.0,1.0,RED@L[-1]
22:15:37.780,-1927.8,10.0,0.0,1.0,RED@L[-1]
22:15:37.786,-1927.8,10.0,0.0,0.0,RED@L[-1]
22:15:37.792,-1927.8,10.0,0.0,0.0,RED@L[-1]
22:15:37.797,-3648.8,10.0,0.0,0.0,RED@L[-1] | RED@L[-1]
22:15:37.804,-3648.8,10.0,0.0,0.0,RED@L[-1] | RED@L[-1]
22:15:37.810,-3648.8,10.0,0.0,0.0,RED@L[-1] | RED@L[-1]
22:15:37.815,-3648.8,10.0,0.0,0.0,RED@L[-1] | RED@L[-1]
22:15:37.822,-3137.6,213.8,203.8,0.0,"GREEN@L[0, 1] | RED@L[-1] | RED@L[-1]"
22:15:37.827,-3137.6,213.8,203.8,0.0,"GREEN@L[0, 1] | RED@L[-1] | RED@L[-1]"
22:15:37.833,-3137.6,213.8,203.8,0.0,"GREEN@L[0, 1] | RED@L[-1] | RED@L[-1]"
22:15:37.838,-3137.6,213.8,203.8,0.0,"GREEN@L[0, 1] | RED@L[-1] | RED@L[-1]"
22:15:37.846,-3137.6,213.8,203.8,0.0,"GREEN@L[0, 1] | RED@L[-1] | RED@L[-1]"
22:15:37.851,0.0,10.0,0.0,0.0,
22:15:37.855,0.0,10.0,0.0,0.0,
22:15:37.861,0.0,10.0,0.0,0.0,
22:15:37.868,0.0,10.0,0.0,0.0,
22:15:37.873,0.0,10.0,0.0,0.0,
22:15:37.880,-1232.0,211.5,201.5,0.0,"GREEN@L[0, 1] | RED@L[-1]"
22:15:37.885,-1232.0,211.5,201.5,0.0,"GREEN@L[0, 1] | RED@L[-1]"
22:15:37.891,-1232.0,211.5,201.5,0.0,"GREEN@L[0, 1] | RED@L[-1]"
22:15:37.897,-1232.0,211.5,201.5,0.0,"GREEN@L[0, 1] | RED@L[-1]"
22:15:37.903,-2373.1,10.0,0.0,0.0,RED@L[-1] | RED@L[-1]
22:15:37.907,-2373.1,10.0,0.0,0.0,RED@L[-1] | RED@L[-1]
22:15:37.914,-2373.1,10.0,0.0,0.0,RED@L[-1] | RED@L[-1]
22:15:37.920,-2373.1,10.0,0.0,0.0,RED@L[-1] | RED@L[-1]
22:15:37.925,-2373.1,10.0,0.0,0.0,RED@L[-1] | RED@L[-1]
22:15:37.932,0.0,211.5,201.5,0.0,"GREEN@L[0, 1]"
22:15:37.936,0.0,211.5,201.5,0.0,"GREEN@L[0, 1]"
22:15:37.943,0.0,211.5,201.5,0.0,"GREEN@L[0, 1]"
22:15:37.948,0.0,211.5,201.5,0.0,"GREEN@L[0, 1]"
22:15:37.954,0.0,211.5,201.5,0.0,"GREEN@L[0, 1]"
22:15:37.960,0.0,211.5,201.5,0.0,"GREEN@L[0, 1]"
22:15:37.964,0.0,211.5,201.5,0.0,"GREEN@L[0, 1]"
22:15:37.970,0.0,211.5,201.5,0.0,"GREEN@L[0, 1]"
22:15:37.976,0.0,211.5,201.5,0.0,"GREEN@L[0, 1]"
22:15:37.983,0.0,211.5,201.5,0.0,"GREEN@L[0, 1]"
22:15:37.988,203.8,213.8,203.8,0.0,"GREEN@L[-1, 0, 1]"
22:15:37.994,203.8,213.8,203.8,0.0,"GREEN@L[-1, 0, 1]"
22:15:38.000,203.8,213.8,203.8,0.0,"GREEN@L[-1, 0, 1]"
22:15:38.005,203.8,213.8,203.8,0.0,"GREEN@L[-1, 0, 1]"
22:15:38.011,203.8,213.8,203.8,0.0,"GREEN@L[-1, 0, 1]"
22:15:38.017,219.2,229.2,219.2,0.0,"GREEN@L[-1, 0, 1]"
22:15:38.023,219.2,229.2,219.2,0.0,"GREEN@L[-1, 0, 1]"
22:15:38.030,219.2,229.2,219.2,0.0,"GREEN@L[-1, 0, 1]"
22:15:38.035,219.2,229.2,219.2,0.0,"GREEN@L[-1, 0, 1]"
22:15:38.041,219.2,229.2,219.2,0.0,"GREEN@L[-1, 0, 1]"
22:15:38.047,0.0,10.0,0.0,0.0,
22:15:38.052,0.0,10.0,0.0,0.0,
22:15:38.058,0.0,10.0,0.0,0.0,
22:15:38.065,0.0,10.0,0.0,0.0,
22:15:38.071,0.0,10.0,0.0,0.0,
22:15:38.076,0.0,10.0,0.0,0.0,
22:15:38.082,0.0,10.0,0.0,0.0,
22:15:38.088,0.0,10.0,0.0,0.0,
22:15:38.094,0.0,10.0,0.0,0.0,
22:15:38.100,0.0,10.0,0.0,0.0,
22:15:38.105,0.0,10.0,0.0,0.0,
22:15:38.113,0.0,10.0,0.0,0.0,
22:15:38.118,0.0,10.0,0.0,0.0,
22:15:38.123,0.0,10.0,0.0,0.0,
22:15:38.130,0.0,10.0,0.0,0.0,
22:15:38.135,0.0,10.0,0.0,0.0,
22:15:38.143,0.0,10.0,0.0,0.0,
22:15:38.145,0.0,10.0,0.0,0.0,
22:15:38.152,0.0,10.0,0.0,0.0,
22:15:38.157,0.0,10.0,0.0,0.0,
22:15:38.164,0.0,10.0,0.0,0.0,
22:15:38.170,0.0,10.0,0.0,0.0,
22:15:38.176,0.0,10.0,0.0,0.0,
22:15:38.180,0.0,10.0,0.0,0.0,
22:15:38.185,0.0,10.0,0.0,0.0,
22:15:38.192,0.0,10.0,0.0,0.0,
22:15:38.197,0.0,10.0,0.0,0.0,
22:15:38.203,0.0,10.0,0.0,0.0,
22:15:38.209,0.0,10.0,0.0,0.0,
22:15:38.214,0.0,10.0,0.0,0.0,
22:15:38.220,0.0,10.0,0.0,0.0,
22:15:38.225,0.0,10.0,0.0,0.0,
22:15:38.231,0.0,10.0,0.0,0.0,
22:15:38.237,0.0,10.0,0.0,0.0,
22:15:38.244,0.0,10.0,0.0,0.0,
22:15:38.248,0.0,10.0,0.0,0.0,
22:15:38.254,0.0,10.0,0.0,0.0,
22:15:38.261,0.0,10.0,0.0,0.0,
22:15:38.266,0.0,10.0,0.0,0.0,
22:15:38.272,0.0,10.0,0.0,0.0,
22:15:38.277,0.0,10.0,0.0,0.0,
22:15:38.283,0.0,10.0,0.0,0.0,
22:15:38.289,0.0,10.0,0.0,0.0,
22:15:38.296,0.0,10.0,0.0,0.0,
22:15:38.300,0.0,10.0,0.0,0.0,
22:15:38.306,0.0,10.0,0.0,0.0,
22:15:38.312,0.0,10.0,0.0,0.0,
22:15:38.318,0.0,10.0,0.0,0.0,
22:15:38.325,0.0,10.0,0.0,0.0,
22:15:38.330,0.0,10.0,0.0,0.0,
22:15:38.337,0.0,10.0,0.0,0.0,
22:15:38.344,0.0,10.0,0.0,0.0,
22:15:38.350,0.0,10.0,0.0,0.0,
22:15:38.355,0.0,10.0,0.0,0.0,
22:15:38.360,0.0,10.0,0.0,0.0,
22:15:38.367,0.0,10.0,0.0,0.0,
22:15:38.372,0.0,10.0,0.0,0.0,
22:15:38.378,0.0,10.0,0.0,0.0,
22:15:38.384,0.0,10.0,0.0,0.0,
22:15:38.390,0.0,10.0,0.0,0.0,
22:15:38.395,-400.0,-390.0,0.0,1.0,"YELLOW@L[-1, 0]"
22:15:38.401,-400.0,-390.0,0.0,1.0,"YELLOW@L[-1, 0]"
22:15:38.407,-400.0,-390.0,0.0,1.0,"YELLOW@L[-1, 0]"
22:15:38.413,-400.0,-390.0,0.0,1.0,"YELLOW@L[-1, 0]"
22:15:38.420,-400.0,-390.0,0.0,1.0,"YELLOW@L[-1, 0]"
22:15:38.425,-400.0,-390.0,-400.0,1.0,"YELLOW@L[-1, 0, 1]"
22:15:38.431,-400.0,-390.0,-400.0,1.0,"YELLOW@L[-1, 0, 1]"
22:15:38.436,-400.0,-390.0,-400.0,1.0,"YELLOW@L[-1, 0, 1]"
22:15:38.442,-400.0,-390.0,-400.0,1.0,"YELLOW@L[-1, 0, 1]"
22:15:38.447,-400.0,-390.0,-400.0,1.0,"YELLOW@L[-1, 0, 1]"
22:15:38.455,-411.8,-401.8,-411.8,1.0,"YELLOW@L[-1, 0, 1]"
22:15:38.460,-411.8,-401.8,-411.8,1.0,"YELLOW@L[-1, 0, 1]"
22:15:38.465,-411.8,-401.8,-411.8,1.0,"YELLOW@L[-1, 0, 1]"
22:15:38.470,-411.8,-401.8,-411.8,0.0,"YELLOW@L[-1, 0, 1]"
22:15:38.477,-411.8,-401.8,-411.8,0.0,"YELLOW@L[-1, 0, 1]"
22:15:38.483,-434.2,-424.2,-434.2,0.0,"YELLOW@L[-1, 0, 1]"
22:15:38.488,-434.2,-424.2,-434.2,0.0,"YELLOW@L[-1, 0, 1]"
22:15:38.494,-434.2,-424.2,-434.2,0.0,"YELLOW@L[-1, 0, 1]"
22:15:38.499,-434.2,-424.2,-434.2,0.0,"YELLOW@L[-1, 0, 1]"
22:15:38.505,-434.2,-424.2,-434.2,0.0,"YELLOW@L[-1, 0, 1]"
22:15:38.512,-486.3,-476.3,0.0,1.0,"YELLOW@L[-1, 0]"
22:15:38.517,-486.3,-476.3,0.0,1.0,"YELLOW@L[-1, 0]"
22:15:38.524,-486.3,-476.3,0.0,1.0,"YELLOW@L[-1, 0]"
22:15:38.528,-486.3,-476.3,0.0,1.0,"YELLOW@L[-1, 0]"
22:15:38.536,-486.3,-476.3,0.0,1.0,"YELLOW@L[-1, 0]"
22:15:38.541,0.0,10.0,0.0,1.0,
22:15:38.547,0.0,10.0,0.0,1.0,
22:15:38.552,0.0,10.0,0.0,1.0,
22:15:38.557,0.0,10.0,0.0,1.0,
22:15:38.563,0.0,10.0,0.0,1.0,
22:15:38.570,0.0,10.0,0.0,1.0,
22:15:38.576,0.0,10.0,0.0,1.0,
22:15:38.581,0.0,10.0,0.0,1.0,
22:15:38.587,0.0,10.0,0.0,0.0,
22:15:38.592,0.0,10.0,0.0,0.0,
22:15:38.599,0.0,10.0,353.9,1.0,GREEN@L[1]
22:15:38.603,0.0,10.0,353.9,1.0,GREEN@L[1]
22:15:38.611,0.0,10.0,353.9,1.0,GREEN@L[1]
22:15:38.617,0.0,10.0,353.9,1.0,GREEN@L[1]
22:15:38.623,0.0,10.0,353.9,1.0,GREEN@L[1]
22:15:38.628,0.0,10.0,0.0,1.0,
22:15:38.635,0.0,10.0,0.0,1.0,
22:15:38.640,0.0,10.0,0.0,1.0,
22:15:38.645,0.0,10.0,0.0,1.0,
22:15:38.652,0.0,10.0,0.0,1.0,
22:15:38.658,0.0,10.0,372.5,1.0,GREEN@L[1]
22:15:38.663,0.0,10.0,372.5,1.0,GREEN@L[1]
22:15:38.670,0.0,10.0,372.5,1.0,GREEN@L[1]
22:15:38.676,0.0,10.0,372.5,1.0,GREEN@L[1]
22:15:38.680,0.0,10.0,372.5,1.0,GREEN@L[1]
22:15:38.686,0.0,10.0,379.0,1.0,GREEN@L[1]
22:15:38.692,0.0,10.0,379.0,1.0,GREEN@L[1]
22:15:38.700,0.0,10.0,379.0,1.0,GREEN@L[1]
22:15:38.704,0.0,10.0,379.0,1.0,GREEN@L[1]
22:15:38.710,0.0,10.0,379.0,1.0,GREEN@L[1]
22:15:38.715,420.2,10.0,-2288.8,1.0,GREEN@L[-1] | RED@L[1]
22:15:38.722,420.2,10.0,-2288.8,1.0,GREEN@L[-1] | RED@L[1]
22:15:38.728,420.2,10.0,-2288.8,1.0,GREEN@L[-1] | RED@L[1]
22:15:38.735,420.2,10.0,-2288.8,1.0,GREEN@L[-1] | RED@L[1]
22:15:38.740,420.2,10.0,-2288.8,1.0,GREEN@L[-1] | RED@L[1]
22:15:38.746,420.2,10.0,-2328.1,1.0,GREEN@L[-1] | RED@L[1]
22:15:38.750,420.2,10.0,-2328.1,-1.0,GREEN@L[-1] | RED@L[1]
22:15:38.757,420.2,10.0,-2328.1,-1.0,GREEN@L[-1] | RED@L[1]
22:15:38.762,420.2,10.0,-2328.1,-1.0,GREEN@L[-1] | RED@L[1]
22:15:38.769,420.2,10.0,-2328.1,-1.0,GREEN@L[-1] | RED@L[1]
22:15:38.774,427.5,10.0,-5337.5,-1.0,GREEN@L[1] | GREEN@L[-1] | RED@L[1] | RED@L[1] | GRAY@L[1]
22:15:38.781,427.5,10.0,-5337.5,-1.0,GREEN@L[1] | GREEN@L[-1] | RED@L[1] | RED@L[1] | GRAY@L[1]
22:15:38.788,427.5,10.0,-5337.5,-1.0,GREEN@L[1] | GREEN@L[-1] | RED@L[1] | RED@L[1] | GRAY@L[1]
22:15:38.792,427.5,10.0,-5337.5,-1.0,GREEN@L[1] | GREEN@L[-1] | RED@L[1] | RED@L[1] | GRAY@L[1]
22:15:38.797,427.5,10.0,-5337.5,-1.0,GREEN@L[1] | GREEN@L[-1] | RED@L[1] | RED@L[1] | GRAY@L[1]
22:15:38.802,0.0,10.0,-1988.4,-1.0,GREEN@L[1] | RED@L[1]
22:15:38.809,0.0,10.0,-1988.4,-1.0,GREEN@L[1] | RED@L[1]
22:15:38.814,0.0,10.0,-1988.4,-1.0,GREEN@L[1] | RED@L[1]
22:15:38.820,0.0,10.0,-1988.4,-1.0,GREEN@L[1] | RED@L[1]
22:15:38.826,0.0,10.0,-1988.4,0.0,GREEN@L[1] | RED@L[1]
22:15:38.832,0.0,10.0,399.1,1.0,GREEN@L[1]
22:15:38.836,0.0,10.0,399.1,1.0,GREEN@L[1]
22:15:38.841,0.0,10.0,399.1,1.0,GREEN@L[1]
22:15:38.847,0.0,10.0,399.1,1.0,GREEN@L[1]
22:15:38.855,0.0,10.0,399.1,1.0,GREEN@L[1]
22:15:38.860,0.0,10.0,920.0,1.0,GREEN@L[1] | GREEN@L[1]
22:15:38.866,0.0,10.0,920.0,1.0,GREEN@L[1] | GREEN@L[1]
22:15:38.871,0.0,10.0,920.0,1.0,GREEN@L[1] | GREEN@L[1]
22:15:38.877,0.0,10.0,920.0,1.0,GREEN@L[1] | GREEN@L[1]
22:15:38.883,0.0,10.0,920.0,1.0,GREEN@L[1] | GREEN@L[1]
22:15:38.889,0.0,10.0,-3134.7,1.0,RED@L[1] | GRAY@L[1]
22:15:38.895,0.0,10.0,-3134.7,1.0,RED@L[1] | GRAY@L[1]
22:15:38.902,0.0,10.0,-3134.7,1.0,RED@L[1] | GRAY@L[1]
22:15:38.906,0.0,10.0,-3134.7,0.0,RED@L[1] | GRAY@L[1]
22:15:38.911,0.0,10.0,-3134.7,0.0,RED@L[1] | GRAY@L[1]
22:15:38.917,0.0,266.9,-3852.7,0.0,GREEN@L[0] | RED@L[1] | GRAY@L[1] | GRAY@L[1]
22:15:38.923,0.0,266.9,-3852.7,0.0,GREEN@L[0] | RED@L[1] | GRAY@L[1] | GRAY@L[1]
22:15:38.928,0.0,266.9,-3852.7,0.0,GREEN@L[0] | RED@L[1] | GRAY@L[1] | GRAY@L[1]
22:15:38.933,0.0,266.9,-3852.7,0.0,GREEN@L[0] | RED@L[1] | GRAY@L[1] | GRAY@L[1]
22:15:38.940,0.0,266.9,-3852.7,0.0,GREEN@L[0] | RED@L[1] | GRAY@L[1] | GRAY@L[1]
22:15:38.946,253.3,10.0,-4957.0,-1.0,GREEN@L[-1] | RED@L[1] | RED@L[1] | GRAY@L[1]
22:15:38.951,253.3,10.0,-4957.0,-1.0,GREEN@L[-1] | RED@L[1] | RED@L[1] | GRAY@L[1]
22:15:38.956,253.3,10.0,-4957.0,-1.0,GREEN@L[-1] | RED@L[1] | RED@L[1] | GRAY@L[1]
22:15:38.962,253.3,10.0,-4957.0,-1.0,GREEN@L[-1] | RED@L[1] | RED@L[1] | GRAY@L[1]
22:15:38.968,253.3,10.0,-4957.0,-1.0,GREEN@L[-1] | RED@L[1] | RED@L[1] | GRAY@L[1]
22:15:38.973,240.0,10.0,-3191.5,-1.0,GREEN@L[-1] | RED@L[1] | GRAY@L[1] | GRAY@L[1]
22:15:38.978,240.0,10.0,-3191.5,-1.0,GREEN@L[-1] | RED@L[1] | GRAY@L[1] | GRAY@L[1]
22:15:38.984,240.0,10.0,-3191.5,-1.0,GREEN@L[-1] | RED@L[1] | GRAY@L[1] | GRAY@L[1]
22:15:38.990,240.0,10.0,-3191.5,-1.0,GREEN@L[-1] | RED@L[1] | GRAY@L[1] | GRAY@L[1]
22:15:38.996,240.0,10.0,-3191.5,-1.0,GREEN@L[-1] | RED@L[1] | GRAY@L[1] | GRAY@L[1]
22:15:39.000,0.0,10.0,-4586.2,-1.0,RED@L[1] | RED@L[1] | GRAY@L[1] | GRAY@L[1]
22:15:39.005,0.0,10.0,-4586.2,-1.0,RED@L[1] | RED@L[1] | GRAY@L[1] | GRAY@L[1]
22:15:39.012,0.0,10.0,-4586.2,-1.0,RED@L[1] | RED@L[1] | GRAY@L[1] | GRAY@L[1]
22:15:39.016,0.0,10.0,-4586.2,0.0,RED@L[1] | RED@L[1] | GRAY@L[1] | GRAY@L[1]
22:15:39.024,0.0,10.0,-4586.2,0.0,RED@L[1] | RED@L[1] | GRAY@L[1] | GRAY@L[1]
22:15:39.030,0.0,10.0,-4477.2,0.0,RED@L[1] | RED@L[1] | GRAY@L[1] | GRAY@L[1]
22:15:39.035,0.0,10.0,-4477.2,0.0,RED@L[1] | RED@L[1] | GRAY@L[1] | GRAY@L[1]
22:15:39.041,0.0,10.0,-4477.2,0.0,RED@L[1] | RED@L[1] | GRAY@L[1] | GRAY@L[1]
22:15:39.047,0.0,10.0,-4477.2,0.0,RED@L[1] | RED@L[1] | GRAY@L[1] | GRAY@L[1]
22:15:39.052,0.0,10.0,-4477.2,0.0,RED@L[1] | RED@L[1] | GRAY@L[1] | GRAY@L[1]
22:15:39.057,221.4,10.0,-3236.6,-1.0,GREEN@L[-1] | RED@L[1] | RED@L[1] | GRAY@L[1]
22:15:39.063,221.4,10.0,-3236.6,-1.0,GREEN@L[-1] | RED@L[1] | RED@L[1] | GRAY@L[1]
22:15:39.070,221.4,10.0,-3236.6,-1.0,GREEN@L[-1] | RED@L[1] | RED@L[1] | GRAY@L[1]
22:15:39.075,221.4,10.0,-3236.6,-1.0,GREEN@L[-1] | RED@L[1] | RED@L[1] | GRAY@L[1]
22:15:39.078,221.4,10.0,-3236.6,-1.0,GREEN@L[-1] | RED@L[1] | RED@L[1] | GRAY@L[1]
22:15:39.085,0.0,225.1,-3180.6,-1.0,GREEN@L[0] | RED@L[1] | RED@L[1] | GRAY@L[1]
22:15:39.091,0.0,225.1,-3180.6,-1.0,GREEN@L[0] | RED@L[1] | RED@L[1] | GRAY@L[1]
22:15:39.097,0.0,225.1,-3180.6,-1.0,GREEN@L[0] | RED@L[1] | RED@L[1] | GRAY@L[1]
22:15:39.102,0.0,225.1,-3180.6,-1.0,GREEN@L[0] | RED@L[1] | RED@L[1] | GRAY@L[1]
22:15:39.106,0.0,225.1,-3180.6,-1.0,GREEN@L[0] | RED@L[1] | RED@L[1] | GRAY@L[1]
22:15:39.113,0.0,225.1,-3180.6,-1.0,GREEN@L[0] | RED@L[1] | RED@L[1] | GRAY@L[1]
22:15:39.118,210.0,218.5,-1595.4,-1.0,GREEN@L[-1] | GREEN@L[0] | RED@L[1] | GRAY@L[1]
22:15:39.126,210.0,218.5,-1595.4,-1.0,GREEN@L[-1] | GREEN@L[0] | RED@L[1] | GRAY@L[1]
22:15:39.130,210.0,218.5,-1595.4,0.0,GREEN@L[-1] | GREEN@L[0] | RED@L[1] | GRAY@L[1]
22:15:39.137,210.0,218.5,-1595.4,0.0,GREEN@L[-1] | GREEN@L[0] | RED@L[1] | GRAY@L[1]
22:15:39.142,205.9,215.9,-3495.4,0.0,"GREEN@L[-1, 0] | RED@L[1] | RED@L[1] | GRAY@L[1] | GRAY@L[1]"
22:15:39.147,205.9,215.9,-3495.4,0.0,"GREEN@L[-1, 0] | RED@L[1] | RED@L[1] | GRAY@L[1] | GRAY@L[1]"
22:15:39.154,205.9,215.9,-3495.4,0.0,"GREEN@L[-1, 0] | RED@L[1] | RED@L[1] | GRAY@L[1] | GRAY@L[1]"
22:15:39.159,205.9,215.9,-3495.4,0.0,"GREEN@L[-1, 0] | RED@L[1] | RED@L[1] | GRAY@L[1] | GRAY@L[1]"
22:15:39.165,205.9,215.9,-3495.4,0.0,"GREEN@L[-1, 0] | RED@L[1] | RED@L[1] | GRAY@L[1] | GRAY@L[1]"
22:15:39.171,202.9,212.9,-401.9,0.0,"GREEN@L[-1, 0] | GRAY@L[1]"
22:15:39.177,202.9,212.9,-401.9,0.0,"GREEN@L[-1, 0] | GRAY@L[1]"
22:15:39.183,202.9,212.9,-401.9,0.0,"GREEN@L[-1, 0] | GRAY@L[1]"
22:15:39.186,202.9,212.9,-401.9,0.0,"GREEN@L[-1, 0] | GRAY@L[1]"
22:15:39.193,202.9,212.9,-401.9,0.0,"GREEN@L[-1, 0] | GRAY@L[1]"
22:15:39.199,202.1,212.1,-1572.8,0.0,"GREEN@L[-1, 0] | RED@L[1]"
22:15:39.204,202.1,212.1,-1572.8,0.0,"GREEN@L[-1, 0] | RED@L[1]"
22:15:39.213,202.1,212.1,-1572.8,0.0,"GREEN@L[-1, 0] | RED@L[1]"
22:15:39.217,202.1,212.1,-1572.8,0.0,"GREEN@L[-1, 0] | RED@L[1]"
22:15:39.222,202.1,212.1,-1572.8,0.0,"GREEN@L[-1, 0] | RED@L[1]"
22:15:39.229,0.0,210.5,-2264.9,0.0,"GREEN@L[0, 1] | RED@L[1] | RED@L[1]"
22:15:39.234,0.0,210.5,-2264.9,0.0,"GREEN@L[0, 1] | RED@L[1] | RED@L[1]"
22:15:39.241,0.0,210.5,-2264.9,0.0,"GREEN@L[0, 1] | RED@L[1] | RED@L[1]"
22:15:39.247,0.0,210.5,-2264.9,0.0,"GREEN@L[0, 1] | RED@L[1] | RED@L[1]"
22:15:39.253,0.0,210.5,-2264.9,0.0,"GREEN@L[0, 1] | RED@L[1] | RED@L[1]"
22:15:39.259,0.0,210.5,-2264.9,0.0,"GREEN@L[0, 1] | RED@L[1] | RED@L[1]"
22:15:39.264,0.0,210.2,-970.2,0.0,"GREEN@L[0, 1] | RED@L[1]"
22:15:39.270,0.0,210.2,-970.2,0.0,"GREEN@L[0, 1] | RED@L[1]"
22:15:39.275,0.0,210.2,-970.2,0.0,"GREEN@L[0, 1] | RED@L[1]"
22:15:39.282,0.0,210.2,-970.2,0.0,"GREEN@L[0, 1] | RED@L[1]"
22:15:39.287,0.0,210.2,-970.2,0.0,"GREEN@L[0, 1] | RED@L[1]"
22:15:39.292,0.0,210.2,-970.2,0.0,"GREEN@L[0, 1] | RED@L[1]"
22:15:39.297,0.0,212.9,-1029.1,0.0,"GREEN@L[0, 1] | RED@L[1]"
22:15:39.303,0.0,212.9,-1029.1,0.0,"GREEN@L[0, 1] | RED@L[1]"
22:15:39.308,0.0,212.9,-1029.1,0.0,"GREEN@L[0, 1] | RED@L[1]"
22:15:39.315,0.0,212.9,-1029.1,0.0,"GREEN@L[0, 1] | RED@L[1]"
22:15:39.320,0.0,212.9,-1029.1,0.0,"GREEN@L[0, 1] | RED@L[1]"
22:15:39.326,0.0,212.9,-1029.1,0.0,"GREEN@L[0, 1] | RED@L[1]"
22:15:39.332,347.9,10.0,215.1,-1.0,GREEN@L[-1] | GREEN@L[1]
22:15:39.338,347.9,10.0,215.1,-1.0,GREEN@L[-1] | GREEN@L[1]
22:15:39.342,347.9,10.0,215.1,-1.0,GREEN@L[-1] | GREEN@L[1]
22:15:39.349,347.9,10.0,215.1,-1.0,GREEN@L[-1] | GREEN@L[1]
22:15:39.355,347.9,10.0,215.1,-1.0,GREEN@L[-1] | GREEN@L[1]
22:15:39.360,0.0,10.0,0.0,-1.0,
22:15:39.366,0.0,10.0,0.0,-1.0,
22:15:39.372,0.0,10.0,0.0,-1.0,
22:15:39.377,0.0,10.0,0.0,-1.0,
22:15:39.383,0.0,10.0,0.0,-1.0,
22:15:39.388,0.0,10.0,0.0,-1.0,
22:15:39.394,0.0,10.0,0.0,-1.0,
22:15:39.400,0.0,10.0,0.0,-1.0,
22:15:39.406,0.0,10.0,0.0,0.0,
22:15:39.411,0.0,10.0,0.0,0.0,
22:15:39.416,0.0,10.0,0.0,0.0,
22:15:39.422,0.0,10.0,0.0,0.0,
22:15:39.428,0.0,10.0,0.0,0.0,
22:15:39.434,0.0,10.0,0.0,0.0,
22:15:39.441,0.0,10.0,0.0,0.0,
22:15:39.446,0.0,10.0,0.0,0.0,
22:15:39.450,0.0,10.0,0.0,0.0,
22:15:39.456,0.0,10.0,0.0,0.0,
22:15:39.464,0.0,10.0,0.0,0.0,
22:15:39.468,0.0,10.0,0.0,0.0,
22:15:39.474,0.0,10.0,0.0,0.0,
22:15:39.480,0.0,10.0,0.0,0.0,
22:15:39.487,0.0,10.0,0.0,0.0,
22:15:39.492,0.0,10.0,0.0,0.0,
22:15:39.498,0.0,10.0,0.0,0.0,
22:15:39.505,0.0,10.0,0.0,0.0,
22:15:39.510,0.0,10.0,0.0,0.0,
22:15:39.516,0.0,10.0,0.0,0.0,
22:15:39.522,0.0,10.0,0.0,0.0,
22:15:39.527,0.0,10.0,0.0,0.0,
22:15:39.532,0.0,10.0,0.0,0.0,
22:15:39.538,0.0,10.0,0.0,0.0,
22:15:39.544,0.0,10.0,0.0,0.0,
22:15:39.550,0.0,10.0,0.0,0.0,
22:15:39.556,0.0,10.0,0.0,0.0,
22:15:39.561,0.0,10.0,0.0,0.0,
22:15:39.566,0.0,10.0,0.0,0.0,
22:15:39.573,0.0,10.0,0.0,0.0,
22:15:39.578,0.0,10.0,0.0,0.0,
22:15:39.584,0.0,10.0,0.0,0.0,
22:15:39.591,0.0,10.0,0.0,0.0,
22:15:39.596,0.0,10.0,0.0,0.0,
22:15:39.602,0.0,10.0,0.0,0.0,
22:15:39.607,0.0,10.0,0.0,0.0,
22:15:39.612,0.0,10.0,0.0,0.0,
22:15:39.620,0.0,10.0,0.0,0.0,
22:15:39.624,0.0,10.0,0.0,0.0,
22:15:39.629,0.0,10.0,0.0,0.0,
22:15:39.635,0.0,10.0,0.0,0.0,
22:15:39.641,0.0,10.0,0.0,0.0,
22:15:39.646,0.0,10.0,0.0,0.0,
22:15:39.653,0.0,10.0,0.0,0.0,
22:15:39.657,0.0,10.0,0.0,0.0,
22:15:39.664,0.0,10.0,0.0,0.0,
22:15:39.670,-400.0,-390.0,-400.0,0.0,"YELLOW@L[-1, 0, 1]"
22:15:39.675,-400.0,-390.0,-400.0,0.0,"YELLOW@L[-1, 0, 1]"
22:15:39.681,-400.0,-390.0,-400.0,0.0,"YELLOW@L[-1, 0, 1]"
22:15:39.686,-400.0,-390.0,-400.0,0.0,"YELLOW@L[-1, 0, 1]"
22:15:39.693,-400.0,-390.0,-400.0,0.0,"YELLOW@L[-1, 0, 1]"
22:15:39.699,-438.3,-428.3,-438.3,0.0,"YELLOW@L[-1, 0, 1]"
22:15:39.704,-438.3,-428.3,-438.3,0.0,"YELLOW@L[-1, 0, 1]"
22:15:39.710,-438.3,-428.3,-438.3,0.0,"YELLOW@L[-1, 0, 1]"
22:15:39.715,-438.3,-428.3,-438.3,0.0,"YELLOW@L[-1, 0, 1]"
22:15:39.721,-438.3,-428.3,-438.3,0.0,"YELLOW@L[-1, 0, 1]"
22:15:39.727,0.0,10.0,0.0,0.0,
22:15:39.732,0.0,10.0,0.0,0.0,
22:15:39.738,0.0,10.0,0.0,0.0,
22:15:39.744,0.0,10.0,0.0,0.0,
22:15:39.748,0.0,10.0,0.0,0.0,
22:15:39.755,0.0,10.0,0.0,0.0,
22:15:39.761,0.0,10.0,0.0,0.0,
22:15:39.767,0.0,10.0,0.0,0.0,
22:15:39.773,0.0,10.0,0.0,0.0,
22:15:39.779,0.0,10.0,0.0,0.0,
22:15:39.785,0.0,10.0,0.0,0.0,
22:15:39.790,0.0,10.0,0.0,0.0,
22:15:39.796,0.0,10.0,0.0,0.0,
22:15:39.803,0.0,10.0,0.0,0.0,
22:15:39.808,0.0,10.0,0.0,0.0,
22:15:39.813,0.0,10.0,0.0,0.0,
22:15:39.819,0.0,10.0,0.0,0.0,
22:15:39.825,0.0,10.0,0.0,0.0,
22:15:39.831,0.0,10.0,0.0,0.0,
22:15:39.838,0.0,10.0,0.0,0.0,
22:15:39.842,0.0,10.0,0.0,0.0,
22:15:39.847,0.0,10.0,0.0,0.0,
22:15:39.854,0.0,10.0,0.0,0.0,
22:15:39.860,0.0,10.0,0.0,0.0,
22:15:39.865,0.0,10.0,0.0,0.0,
22:15:39.872,0.0,10.0,0.0,0.0,
22:15:39.875,0.0,10.0,0.0,0.0,
22:15:39.881,0.0,10.0,0.0,0.0,
22:15:39.887,0.0,10.0,0.0,0.0,
22:15:39.894,0.0,10.0,0.0,0.0,
22:15:39.900,0.0,10.0,0.0,0.0,
22:15:39.905,0.0,10.0,0.0,0.0,
22:15:39.911,0.0,10.0,0.0,0.0,
22:15:39.916,0.0,10.0,0.0,0.0,
22:15:39.922,0.0,10.0,0.0,0.0,
22:15:39.928,0.0,10.0,0.0,0.0,
22:15:39.934,0.0,10.0,0.0,0.0,
22:15:39.939,0.0,10.0,0.0,0.0,
22:15:39.944,0.0,10.0,0.0,0.0,
22:15:39.950,0.0,10.0,0.0,0.0,
22:15:39.956,0.0,10.0,0.0,0.0,
22:15:39.963,0.0,10.0,0.0,0.0,
22:15:39.969,0.0,10.0,0.0,0.0,
22:15:39.974,0.0,10.0,0.0,0.0,
22:15:39.981,0.0,10.0,0.0,0.0,
22:15:39.991,0.0,10.0,0.0,0.0,
22:15:39.994,0.0,10.0,0.0,0.0,
22:15:39.999,0.0,10.0,0.0,0.0,
22:15:40.004,0.0,10.0,0.0,0.0,
22:15:40.010,0.0,10.0,0.0,0.0,
22:15:40.016,0.0,10.0,0.0,0.0,
22:15:40.023,0.0,10.0,0.0,0.0,
22:15:40.027,0.0,10.0,0.0,0.0,
22:15:40.033,0.0,10.0,0.0,0.0,
22:15:40.038,0.0,10.0,0.0,0.0,
22:15:40.046,0.0,10.0,0.0,0.0,
22:15:40.051,0.0,10.0,0.0,0.0,
22:15:40.057,0.0,10.0,0.0,0.0,
22:15:40.062,0.0,10.0,0.0,0.0,
22:15:40.068,0.0,10.0,0.0,0.0,
22:15:40.074,0.0,10.0,0.0,0.0,
22:15:40.080,0.0,10.0,0.0,0.0,
22:15:40.086,0.0,10.0,0.0,0.0,
22:15:40.091,0.0,10.0,0.0,0.0,
22:15:40.098,0.0,10.0,0.0,0.0,
22:15:40.105,0.0,10.0,0.0,0.0,
22:15:40.108,0.0,10.0,0.0,0.0,
22:15:40.116,0.0,10.0,0.0,0.0,
22:15:40.121,0.0,10.0,0.0,0.0,
22:15:40.126,0.0,10.0,0.0,0.0,
22:15:40.133,0.0,10.0,0.0,0.0,
22:15:40.139,0.0,10.0,0.0,0.0,
22:15:40.143,0.0,10.0,0.0,0.0,
22:15:40.149,0.0,10.0,0.0,0.0,
22:15:40.155,0.0,10.0,0.0,0.0,
22:15:40.162,0.0,10.0,0.0,0.0,
22:15:40.166,0.0,10.0,0.0,0.0,
22:15:40.173,0.0,10.0,0.0,0.0,
22:15:40.178,0.0,10.0,0.0,0.0,
22:15:40.185,0.0,10.0,0.0,0.0,
22:15:40.190,0.0,10.0,0.0,0.0,
22:15:40.196,0.0,10.0,0.0,0.0,
22:15:40.202,0.0,10.0,0.0,0.0,
22:15:40.208,0.0,10.0,0.0,0.0,
22:15:40.213,0.0,10.0,0.0,0.0,
22:15:40.220,0.0,10.0,0.0,0.0,
22:15:40.226,0.0,10.0,0.0,0.0,
22:15:40.231,0.0,10.0,0.0,0.0,
22:15:40.236,0.0,10.0,0.0,0.0,
22:15:40.244,0.0,10.0,0.0,0.0,
22:15:40.247,0.0,10.0,0.0,0.0,
22:15:40.255,0.0,10.0,0.0,0.0,
22:15:40.262,0.0,10.0,0.0,0.0,
22:15:40.267,0.0,10.0,0.0,0.0,
22:15:40.273,0.0,10.0,0.0,0.0,
22:15:40.280,0.0,10.0,0.0,0.0,
22:15:40.285,0.0,10.0,0.0,0.0,
22:15:40.291,0.0,10.0,0.0,0.0,
22:15:40.297,0.0,10.0,0.0,0.0,
22:15:40.303,0.0,10.0,0.0,0.0,
22:15:40.308,0.0,10.0,0.0,0.0,
22:15:40.315,0.0,10.0,0.0,0.0,
22:15:40.320,0.0,10.0,0.0,0.0,
22:15:40.326,0.0,10.0,0.0,0.0,
22:15:40.332,0.0,10.0,0.0,0.0,
22:15:40.337,0.0,10.0,0.0,0.0,
22:15:40.342,0.0,10.0,0.0,0.0,
22:15:40.350,0.0,10.0,0.0,0.0,
22:15:40.354,0.0,10.0,0.0,0.0,
22:15:40.361,0.0,10.0,0.0,0.0,
22:15:40.368,0.0,10.0,0.0,0.0,
22:15:40.372,0.0,10.0,0.0,0.0,
22:15:40.379,0.0,10.0,0.0,0.0,
22:15:40.384,0.0,10.0,0.0,0.0,
22:15:40.391,0.0,10.0,0.0,0.0,
22:15:40.396,0.0,10.0,0.0,0.0,
22:15:40.402,0.0,10.0,0.0,0.0,
22:15:40.408,0.0,10.0,0.0,0.0,
22:15:40.414,0.0,10.0,0.0,0.0,
22:15:40.420,0.0,10.0,0.0,0.0,
22:15:40.427,0.0,10.0,0.0,0.0,
22:15:40.433,0.0,10.0,0.0,0.0,
22:15:40.439,0.0,10.0,0.0,0.0,
22:15:40.444,0.0,10.0,0.0,0.0,
22:15:40.451,0.0,10.0,0.0,0.0,
22:15:40.456,0.0,10.0,0.0,0.0,
22:15:40.462,0.0,10.0,0.0,0.0,
22:15:40.467,0.0,10.0,0.0,0.0,
22:15:40.473,0.0,10.0,0.0,0.0,
22:15:40.479,0.0,10.0,0.0,0.0,
22:15:40.486,0.0,10.0,0.0,0.0,
22:15:40.492,0.0,10.0,0.0,0.0,
22:15:40.497,0.0,10.0,0.0,0.0,
22:15:40.503,0.0,10.0,0.0,0.0,
22:15:40.510,0.0,10.0,0.0,0.0,
22:15:40.514,0.0,10.0,0.0,0.0,
22:15:40.521,0.0,10.0,0.0,0.0,
22:15:40.526,0.0,10.0,0.0,0.0,
22:15:40.532,0.0,10.0,0.0,0.0,
22:15:40.538,0.0,10.0,0.0,0.0,
22:15:40.542,0.0,10.0,0.0,0.0,
22:15:40.550,0.0,10.0,0.0,0.0,
22:15:40.555,0.0,10.0,0.0,0.0,
22:15:40.561,0.0,10.0,0.0,0.0,
22:15:40.568,0.0,10.0,0.0,0.0,
22:15:40.572,0.0,10.0,0.0,0.0,
22:15:40.577,0.0,10.0,0.0,0.0,
22:15:40.584,0.0,10.0,0.0,0.0,
22:15:40.590,0.0,10.0,0.0,0.0,
22:15:40.595,0.0,10.0,0.0,0.0,
22:15:40.601,0.0,10.0,0.0,0.0,
22:15:40.606,0.0,10.0,0.0,0.0,
22:15:40.612,0.0,10.0,0.0,0.0,
22:15:40.618,0.0,10.0,0.0,0.0,
22:15:40.625,0.0,10.0,0.0,0.0,
22:15:40.628,0.0,10.0,0.0,0.0,
22:15:40.634,0.0,10.0,0.0,0.0,
22:15:40.640,0.0,10.0,0.0,0.0,
22:15:40.646,0.0,10.0,0.0,0.0,
22:15:40.653,0.0,10.0,0.0,0.0,
22:15:40.658,0.0,10.0,0.0,0.0,
22:15:40.663,0.0,10.0,0.0,0.0,
22:15:40.669,0.0,10.0,0.0,0.0,
22:15:40.675,0.0,10.0,0.0,0.0,
22:15:40.680,0.0,10.0,0.0,0.0,
22:15:40.686,0.0,10.0,0.0,0.0,
22:15:40.692,0.0,10.0,0.0,0.0,
22:15:40.698,0.0,10.0,0.0,0.0,
22:15:40.704,0.0,10.0,0.0,0.0,
22:15:40.709,0.0,10.0,0.0,0.0,
22:15:40.715,0.0,10.0,0.0,0.0,
22:15:40.720,0.0,10.0,0.0,0.0,
22:15:40.726,0.0,10.0,0.0,0.0,
22:15:40.732,0.0,10.0,0.0,0.0,
22:15:40.738,0.0,10.0,0.0,0.0,
22:15:40.743,0.0,10.0,0.0,0.0,
22:15:40.750,0.0,10.0,0.0,0.0,
22:15:40.757,0.0,10.0,0.0,0.0,
22:15:40.761,0.0,10.0,0.0,0.0,
22:15:40.767,0.0,10.0,0.0,0.0,
22:15:40.773,0.0,10.0,0.0,0.0,
22:15:40.779,0.0,10.0,0.0,0.0,
22:15:40.785,0.0,10.0,0.0,0.0,
22:15:40.791,0.0,10.0,0.0,0.0,
22:15:40.799,0.0,10.0,0.0,0.0,
22:15:40.802,0.0,10.0,0.0,0.0,
22:15:40.809,0.0,10.0,0.0,0.0,
22:15:40.813,0.0,10.0,0.0,0.0,
22:15:40.820,0.0,10.0,0.0,0.0,
22:15:40.826,0.0,10.0,0.0,0.0,
22:15:40.831,0.0,10.0,0.0,0.0,
22:15:40.837,0.0,10.0,0.0,0.0,
22:15:40.843,0.0,10.0,0.0,0.0,
22:15:40.850,0.0,10.0,0.0,0.0,
22:15:40.855,0.0,10.0,0.0,0.0,
22:15:40.861,0.0,10.0,0.0,0.0,
22:15:40.865,0.0,10.0,0.0,0.0,
22:15:40.872,0.0,10.0,0.0,0.0,
22:15:40.877,0.0,-404.3,-414.3,-1.0,"YELLOW@L[0, 1]"
22:15:40.885,0.0,-404.3,-414.3,-1.0,"YELLOW@L[0, 1]"
22:15:40.890,0.0,-404.3,-414.3,-1.0,"YELLOW@L[0, 1]"
22:15:40.895,0.0,-404.3,-414.3,-1.0,"YELLOW@L[0, 1]"
22:15:40.901,0.0,-404.3,-414.3,-1.0,"YELLOW@L[0, 1]"
22:15:40.907,0.0,10.0,0.0,-1.0,
22:15:40.913,0.0,10.0,0.0,-1.0,
22:15:40.918,0.0,10.0,0.0,-1.0,
22:15:40.924,0.0,10.0,0.0,-1.0,
22:15:40.931,0.0,10.0,0.0,-1.0,
22:15:40.935,0.0,10.0,0.0,-1.0,
22:15:40.942,0.0,10.0,0.0,-1.0,
22:15:40.949,0.0,10.0,0.0,-1.0,
22:15:40.954,0.0,10.0,0.0,0.0,
22:15:40.960,0.0,10.0,0.0,0.0,
22:15:40.966,0.0,-404.3,-414.3,-1.0,"YELLOW@L[0, 1]"
22:15:40.973,0.0,-404.3,-414.3,-1.0,"YELLOW@L[0, 1]"
22:15:40.977,0.0,-404.3,-414.3,-1.0,"YELLOW@L[0, 1]"
22:15:40.984,0.0,-404.3,-414.3,-1.0,"YELLOW@L[0, 1]"
22:15:40.989,0.0,-404.3,-414.3,-1.0,"YELLOW@L[0, 1]"
22:15:40.995,0.0,-404.3,-202.7,-1.0,"GREEN@L[1] | YELLOW@L[0, 1]"
22:15:41.001,0.0,-404.3,-202.7,-1.0,"GREEN@L[1] | YELLOW@L[0, 1]"
22:15:41.006,0.0,-404.3,-202.7,-1.0,"GREEN@L[1] | YELLOW@L[0, 1]"
22:15:41.011,0.0,-404.3,-202.7,-1.0,"GREEN@L[1] | YELLOW@L[0, 1]"
22:15:41.017,0.0,-404.3,-202.7,-1.0,"GREEN@L[1] | YELLOW@L[0, 1]"
22:15:41.023,0.0,-404.3,-202.7,-1.0,"GREEN@L[1] | YELLOW@L[0, 1]"
22:15:41.028,0.0,10.0,0.0,-1.0,
22:15:41.035,0.0,10.0,0.0,-1.0,
22:15:41.040,0.0,10.0,0.0,0.0,
22:15:41.046,0.0,10.0,0.0,0.0,
22:15:41.052,0.0,10.0,0.0,0.0,
22:15:41.058,0.0,-404.3,-414.3,-1.0,"YELLOW@L[0, 1]"
22:15:41.064,0.0,-404.3,-414.3,-1.0,"YELLOW@L[0, 1]"
22:15:41.070,0.0,-404.3,-414.3,-1.0,"YELLOW@L[0, 1]"
22:15:41.077,0.0,-404.3,-414.3,-1.0,"YELLOW@L[0, 1]"
22:15:41.083,0.0,10.0,-414.3,-1.0,YELLOW@L[1]
22:15:41.088,0.0,10.0,-414.3,-1.0,YELLOW@L[1]
22:15:41.095,0.0,10.0,-414.3,-1.0,YELLOW@L[1]
22:15:41.100,0.0,10.0,-414.3,-1.0,YELLOW@L[1]
22:15:41.105,0.0,10.0,-414.3,-1.0,YELLOW@L[1]
22:15:41.112,0.0,10.0,-414.3,-1.0,YELLOW@L[1]
22:15:41.115,-1143.2,-1133.2,0.0,-1.0,"RED@L[-1, 0]"
22:15:41.122,-1143.2,-1133.2,0.0,-1.0,"RED@L[-1, 0]"
22:15:41.128,-1143.2,-1133.2,0.0,-1.0,"RED@L[-1, 0]"
22:15:41.135,-1143.2,-1133.2,0.0,1.0,"RED@L[-1, 0]"
22:15:41.140,-1143.2,-1133.2,0.0,1.0,"RED@L[-1, 0]"
22:15:41.146,0.0,10.0,-414.3,1.0,YELLOW@L[1]
22:15:41.152,0.0,10.0,-414.3,1.0,YELLOW@L[1]
22:15:41.157,0.0,10.0,-414.3,1.0,YELLOW@L[1]
22:15:41.164,0.0,10.0,-414.3,1.0,YELLOW@L[1]
22:15:41.170,0.0,10.0,-414.3,1.0,YELLOW@L[1]
22:15:41.176,0.0,10.0,-414.3,1.0,YELLOW@L[1]
22:15:41.182,0.0,10.0,-414.3,1.0,YELLOW@L[1]
22:15:41.187,0.0,10.0,-414.3,1.0,YELLOW@L[1]
22:15:41.192,0.0,10.0,-414.3,1.0,YELLOW@L[1]
22:15:41.197,0.0,10.0,-414.3,1.0,YELLOW@L[1]
22:15:41.202,0.0,10.0,-414.3,1.0,YELLOW@L[1]
22:15:41.209,0.0,10.0,-414.3,0.0,YELLOW@L[1]
22:15:41.216,0.0,10.0,-414.3,0.0,YELLOW@L[1]
22:15:41.221,0.0,10.0,-414.3,0.0,YELLOW@L[1]
22:15:41.227,0.0,10.0,-414.3,0.0,YELLOW@L[1]
22:15:41.233,0.0,-1440.0,-1450.0,-1.0,"RED@L[0, 1]"
22:15:41.239,0.0,-1440.0,-1450.0,-1.0,"RED@L[0, 1]"
22:15:41.244,0.0,-1440.0,-1450.0,-1.0,"RED@L[0, 1]"
22:15:41.250,0.0,-1440.0,-1450.0,-1.0,"RED@L[0, 1]"
22:15:41.256,0.0,-1440.0,-1450.0,-1.0,"RED@L[0, 1]"
22:15:41.261,0.0,10.0,-414.3,-1.0,YELLOW@L[1]
22:15:41.267,0.0,10.0,-414.3,-1.0,YELLOW@L[1]
22:15:41.272,0.0,10.0,-414.3,-1.0,YELLOW@L[1]
22:15:41.278,0.0,10.0,-414.3,-1.0,YELLOW@L[1]
22:15:41.282,0.0,10.0,-414.3,-1.0,YELLOW@L[1]
22:15:41.288,0.0,10.0,-420.0,-1.0,YELLOW@L[1]
22:15:41.295,0.0,10.0,-420.0,-1.0,YELLOW@L[1]
22:15:41.301,0.0,10.0,-420.0,-1.0,YELLOW@L[1]
22:15:41.304,0.0,10.0,-420.0,0.0,YELLOW@L[1]
22:15:41.312,0.0,10.0,-420.0,0.0,YELLOW@L[1]
22:15:41.317,0.0,10.0,-420.0,0.0,YELLOW@L[1]
22:15:41.324,0.0,10.0,-420.0,0.0,YELLOW@L[1]
22:15:41.329,0.0,10.0,-420.0,0.0,YELLOW@L[1]
22:15:41.335,0.0,10.0,-420.0,0.0,YELLOW@L[1]
22:15:41.340,0.0,10.0,-420.0,0.0,YELLOW@L[1]
22:15:41.346,0.0,10.0,-420.0,0.0,YELLOW@L[1]
22:15:41.351,0.0,10.0,-420.0,0.0,YELLOW@L[1]
22:15:41.358,0.0,10.0,-420.0,0.0,YELLOW@L[1]
22:15:41.362,0.0,10.0,-420.0,0.0,YELLOW@L[1]
22:15:41.369,0.0,10.0,-420.0,0.0,YELLOW@L[1]
22:15:41.374,0.0,10.0,-420.0,0.0,YELLOW@L[1]
22:15:41.380,0.0,10.0,-420.0,0.0,YELLOW@L[1]
22:15:41.386,0.0,10.0,-420.0,0.0,YELLOW@L[1]
22:15:41.392,0.0,10.0,-420.0,0.0,YELLOW@L[1]
22:15:41.397,0.0,10.0,-420.0,0.0,YELLOW@L[1]
22:15:41.403,0.0,10.0,-420.0,0.0,YELLOW@L[1]
22:15:41.408,0.0,10.0,-420.0,0.0,YELLOW@L[1]
22:15:41.414,0.0,10.0,-420.0,0.0,YELLOW@L[1]
22:15:41.420,0.0,10.0,-420.0,0.0,YELLOW@L[1]
22:15:41.426,0.0,10.0,-420.0,0.0,YELLOW@L[1]
22:15:41.433,0.0,10.0,-420.0,0.0,YELLOW@L[1]
22:15:41.438,-2800.0,10.0,0.0,0.0,RED@L[-1]
22:15:41.446,-2800.0,10.0,0.0,0.0,RED@L[-1]
22:15:41.451,-2800.0,10.0,0.0,0.0,RED@L[-1]
22:15:41.456,-2800.0,10.0,0.0,0.0,RED@L[-1]
22:15:41.462,-2800.0,10.0,0.0,0.0,RED@L[-1]
22:15:41.466,0.0,10.0,0.0,0.0,
22:15:41.473,0.0,10.0,0.0,0.0,
22:15:41.478,0.0,10.0,0.0,0.0,
22:15:41.484,0.0,10.0,0.0,0.0,
22:15:41.490,0.0,10.0,0.0,0.0,
22:15:41.496,0.0,10.0,-1929.9,0.0,RED@L[1] | YELLOW@L[1] | YELLOW@L[1]
22:15:41.502,0.0,10.0,-1929.9,0.0,RED@L[1] | YELLOW@L[1] | YELLOW@L[1]
22:15:41.506,0.0,10.0,-1929.9,0.0,RED@L[1] | YELLOW@L[1] | YELLOW@L[1]
22:15:41.512,0.0,10.0,-1929.9,0.0,RED@L[1] | YELLOW@L[1] | YELLOW@L[1]
22:15:41.518,0.0,10.0,-1929.9,0.0,RED@L[1] | YELLOW@L[1] | YELLOW@L[1]
22:15:41.524,-3614.2,10.0,-834.1,0.0,RED@L[-1] | YELLOW@L[1] | YELLOW@L[1]
22:15:41.530,-3614.2,10.0,-834.1,0.0,RED@L[-1] | YELLOW@L[1] | YELLOW@L[1]
22:15:41.536,-3614.2,10.0,-834.1,0.0,RED@L[-1] | YELLOW@L[1] | YELLOW@L[1]
22:15:41.541,-3614.2,10.0,-834.1,0.0,RED@L[-1] | YELLOW@L[1] | YELLOW@L[1]
22:15:41.547,-3614.2,10.0,-834.1,0.0,RED@L[-1] | YELLOW@L[1] | YELLOW@L[1]
22:15:41.553,0.0,10.0,-834.1,0.0,YELLOW@L[1] | YELLOW@L[1]
22:15:41.558,0.0,10.0,-834.1,0.0,YELLOW@L[1] | YELLOW@L[1]
22:15:41.565,0.0,10.0,-834.1,0.0,YELLOW@L[1] | YELLOW@L[1]
22:15:41.570,0.0,10.0,-834.1,0.0,YELLOW@L[1] | YELLOW@L[1]
22:15:41.575,0.0,10.0,-834.1,0.0,YELLOW@L[1] | YELLOW@L[1]
22:15:41.582,-3614.2,10.0,-834.1,0.0,RED@L[-1] | YELLOW@L[1] | YELLOW@L[1]
22:15:41.587,-3614.2,10.0,-834.1,0.0,RED@L[-1] | YELLOW@L[1] | YELLOW@L[1]
22:15:41.594,-3614.2,10.0,-834.1,0.0,RED@L[-1] | YELLOW@L[1] | YELLOW@L[1]
22:15:41.597,-3614.2,10.0,-834.1,0.0,RED@L[-1] | YELLOW@L[1] | YELLOW@L[1]
22:15:41.605,-3614.2,10.0,-834.1,0.0,RED@L[-1] | YELLOW@L[1] | YELLOW@L[1]
22:15:41.611,-3614.2,10.0,-834.1,0.0,RED@L[-1] | YELLOW@L[1] | YELLOW@L[1]
22:15:41.615,-3614.2,10.0,-834.1,0.0,RED@L[-1] | YELLOW@L[1] | YELLOW@L[1]
22:15:41.623,-3614.2,10.0,-834.1,0.0,RED@L[-1] | YELLOW@L[1] | YELLOW@L[1]
22:15:41.628,-3614.2,10.0,-834.1,0.0,RED@L[-1] | YELLOW@L[1] | YELLOW@L[1]
22:15:41.633,-3614.2,10.0,-834.1,0.0,RED@L[-1] | YELLOW@L[1] | YELLOW@L[1]
22:15:41.639,-1383.4,-1373.4,-417.0,1.0,"RED@L[-1, 0] | YELLOW@L[1]"
22:15:41.645,-1383.4,-1373.4,-417.0,1.0,"RED@L[-1, 0] | YELLOW@L[1]"
22:15:41.651,-1383.4,-1373.4,-417.0,1.0,"RED@L[-1, 0] | YELLOW@L[1]"
22:15:41.657,-1383.4,-1373.4,-417.0,1.0,"RED@L[-1, 0] | YELLOW@L[1]"
22:15:41.662,-1383.4,-1373.4,-417.0,1.0,"RED@L[-1, 0] | YELLOW@L[1]"
22:15:41.668,-1383.4,-1373.4,-417.0,1.0,"RED@L[-1, 0] | YELLOW@L[1]"
22:15:41.674,-2576.6,-1274.3,-1701.4,1.0,"RED@L[-1] | RED@L[0, 1] | YELLOW@L[1]"
22:15:41.680,-2576.6,-1274.3,-1701.4,1.0,"RED@L[-1] | RED@L[0, 1] | YELLOW@L[1]"
22:15:41.686,-2576.6,-1274.3,-1701.4,1.0,"RED@L[-1] | RED@L[0, 1] | YELLOW@L[1]"
22:15:41.692,-2576.6,-1274.3,-1701.4,1.0,"RED@L[-1] | RED@L[0, 1] | YELLOW@L[1]"
22:15:41.697,-2576.6,-1274.3,-1701.4,1.0,"RED@L[-1] | RED@L[0, 1] | YELLOW@L[1]"
22:15:41.704,-6732.0,-1589.1,-2016.2,1.0,"RED@L[-1] | RED@L[-1] | RED@L[-1, 0, 1] | YELLOW@L[1]"
22:15:41.710,-6732.0,-1589.1,-2016.2,1.0,"RED@L[-1] | RED@L[-1] | RED@L[-1, 0, 1] | YELLOW@L[1]"
22:15:41.714,-6732.0,-1589.1,-2016.2,0.0,"RED@L[-1] | RED@L[-1] | RED@L[-1, 0, 1] | YELLOW@L[1]"
22:15:41.721,-6732.0,-1589.1,-2016.2,0.0,"RED@L[-1] | RED@L[-1] | RED@L[-1, 0, 1] | YELLOW@L[1]"
22:15:41.726,-6732.0,-1589.1,-2016.2,0.0,"RED@L[-1] | RED@L[-1] | RED@L[-1, 0, 1] | YELLOW@L[1]"
22:15:41.732,-3137.6,10.0,-420.0,0.0,RED@L[-1] | YELLOW@L[1]
22:15:41.738,-3137.6,10.0,-420.0,0.0,RED@L[-1] | YELLOW@L[1]
22:15:41.744,-3137.6,10.0,-420.0,0.0,RED@L[-1] | YELLOW@L[1]
22:15:41.750,-3137.6,10.0,-420.0,0.0,RED@L[-1] | YELLOW@L[1]
22:15:41.756,0.0,10.0,-210.0,0.0,GREEN@L[1] | YELLOW@L[1]
22:15:41.762,0.0,10.0,-210.0,0.0,GREEN@L[1] | YELLOW@L[1]
22:15:41.766,0.0,10.0,-210.0,0.0,GREEN@L[1] | YELLOW@L[1]
22:15:41.773,0.0,10.0,-210.0,0.0,GREEN@L[1] | YELLOW@L[1]
22:15:41.777,0.0,10.0,-210.0,0.0,GREEN@L[1] | YELLOW@L[1]
22:15:41.784,0.0,10.0,-210.0,0.0,GREEN@L[1] | YELLOW@L[1]
22:15:41.788,0.0,10.0,-420.0,0.0,YELLOW@L[1]
22:15:41.795,0.0,10.0,-420.0,0.0,YELLOW@L[1]
22:15:41.801,0.0,10.0,-420.0,0.0,YELLOW@L[1]
22:15:41.806,0.0,10.0,-420.0,0.0,YELLOW@L[1]
22:15:41.811,0.0,10.0,-420.0,0.0,YELLOW@L[1]
22:15:41.817,0.0,10.0,-420.0,0.0,YELLOW@L[1]
22:15:41.824,0.0,10.0,-420.0,0.0,YELLOW@L[1]
22:15:41.830,0.0,10.0,-420.0,0.0,YELLOW@L[1]
22:15:41.835,0.0,10.0,-420.0,0.0,YELLOW@L[1]
22:15:41.841,0.0,10.0,-420.0,0.0,YELLOW@L[1]
22:15:41.845,0.0,10.0,-209.9,0.0,GREEN@L[1] | YELLOW@L[1]
22:15:41.853,0.0,10.0,-209.9,0.0,GREEN@L[1] | YELLOW@L[1]
22:15:41.858,0.0,10.0,-209.9,0.0,GREEN@L[1] | YELLOW@L[1]
22:15:41.864,0.0,10.0,-209.9,0.0,GREEN@L[1] | YELLOW@L[1]
22:15:41.869,0.0,10.0,-209.9,0.0,GREEN@L[1] | YELLOW@L[1]
22:15:41.875,0.0,-404.3,-834.3,-1.0,"YELLOW@L[1] | YELLOW@L[0, 1]"
22:15:41.880,0.0,-404.3,-834.3,-1.0,"YELLOW@L[1] | YELLOW@L[0, 1]"
22:15:41.887,0.0,-404.3,-834.3,-1.0,"YELLOW@L[1] | YELLOW@L[0, 1]"
22:15:41.892,0.0,-404.3,-834.3,-1.0,"YELLOW@L[1] | YELLOW@L[0, 1]"
22:15:41.897,0.0,-404.3,-834.3,-1.0,"YELLOW@L[1] | YELLOW@L[0, 1]"
22:15:41.903,0.0,-404.3,-834.3,-1.0,"YELLOW@L[1] | YELLOW@L[0, 1]"
22:15:41.907,0.0,10.0,-423.2,-1.0,YELLOW@L[1]
22:15:41.914,0.0,10.0,-423.2,-1.0,YELLOW@L[1]
22:15:41.920,0.0,10.0,-423.2,-1.0,YELLOW@L[1]
22:15:41.924,0.0,10.0,-423.2,-1.0,YELLOW@L[1]
22:15:41.930,0.0,10.0,-423.2,-1.0,YELLOW@L[1]
22:15:41.936,0.0,10.0,-209.9,-1.0,GREEN@L[1] | YELLOW@L[1]
22:15:41.942,0.0,10.0,-209.9,-1.0,GREEN@L[1] | YELLOW@L[1]
22:15:41.948,0.0,10.0,-209.9,0.0,GREEN@L[1] | YELLOW@L[1]
22:15:41.956,0.0,10.0,-209.9,0.0,GREEN@L[1] | YELLOW@L[1]
22:15:41.961,0.0,10.0,-209.9,0.0,GREEN@L[1] | YELLOW@L[1]
22:15:41.966,0.0,-404.3,-202.7,-1.0,"GREEN@L[1] | YELLOW@L[0, 1]"
22:15:41.972,0.0,-404.3,-202.7,-1.0,"GREEN@L[1] | YELLOW@L[0, 1]"
22:15:41.979,0.0,-404.3,-202.7,-1.0,"GREEN@L[1] | YELLOW@L[0, 1]"
22:15:41.983,0.0,-404.3,-202.7,-1.0,"GREEN@L[1] | YELLOW@L[0, 1]"
22:15:41.992,0.0,-404.3,-202.7,-1.0,"GREEN@L[1] | YELLOW@L[0, 1]"
22:15:41.998,0.0,10.0,-201.9,-1.0,GREEN@L[1] | YELLOW@L[1]
22:15:42.003,0.0,10.0,-201.9,-1.0,GREEN@L[1] | YELLOW@L[1]
22:15:42.009,0.0,10.0,-201.9,-1.0,GREEN@L[1] | YELLOW@L[1]
22:15:42.015,0.0,10.0,-201.9,-1.0,GREEN@L[1] | YELLOW@L[1]
22:15:42.021,0.0,10.0,-201.9,-1.0,GREEN@L[1] | YELLOW@L[1]
22:15:42.027,0.0,10.0,-417.0,-1.0,YELLOW@L[1]
22:15:42.033,0.0,10.0,-417.0,-1.0,YELLOW@L[1]
22:15:42.039,0.0,10.0,-417.0,-1.0,YELLOW@L[1]
22:15:42.045,0.0,10.0,-417.0,0.0,YELLOW@L[1]
22:15:42.050,0.0,10.0,-417.0,0.0,YELLOW@L[1]
22:15:42.056,0.0,10.0,-197.9,0.0,GREEN@L[1] | YELLOW@L[1]
22:15:42.062,0.0,10.0,-197.9,0.0,GREEN@L[1] | YELLOW@L[1]
22:15:42.070,0.0,10.0,-197.9,0.0,GREEN@L[1] | YELLOW@L[1]
22:15:42.075,0.0,10.0,-197.9,0.0,GREEN@L[1] | YELLOW@L[1]
22:15:42.080,0.0,10.0,-197.9,0.0,GREEN@L[1] | YELLOW@L[1]
22:15:42.085,0.0,10.0,-417.0,0.0,YELLOW@L[1]
22:15:42.090,0.0,10.0,-417.0,0.0,YELLOW@L[1]
22:15:42.099,0.0,10.0,-417.0,0.0,YELLOW@L[1]
22:15:42.104,0.0,10.0,-417.0,0.0,YELLOW@L[1]
22:15:42.110,0.0,10.0,-417.0,0.0,YELLOW@L[1]
22:15:42.116,0.0,10.0,-417.0,0.0,YELLOW@L[1]
22:15:42.124,0.0,10.0,-417.0,0.0,YELLOW@L[1]
22:15:42.127,0.0,10.0,-417.0,0.0,YELLOW@L[1]
22:15:42.133,0.0,10.0,-417.0,0.0,YELLOW@L[1]
22:15:42.138,0.0,10.0,-417.0,0.0,YELLOW@L[1]
22:15:42.145,0.0,10.0,-417.0,0.0,YELLOW@L[1]
22:15:42.151,0.0,10.0,-417.0,0.0,YELLOW@L[1]
22:15:42.158,0.0,10.0,-417.0,0.0,YELLOW@L[1]
22:15:42.162,0.0,10.0,-417.0,0.0,YELLOW@L[1]
22:15:42.167,0.0,10.0,-417.0,0.0,YELLOW@L[1]
22:15:42.174,0.0,10.0,-417.0,0.0,YELLOW@L[1]
22:15:42.180,0.0,10.0,-417.0,0.0,YELLOW@L[1]
22:15:42.184,0.0,10.0,-417.0,0.0,YELLOW@L[1]
22:15:42.191,0.0,10.0,-417.0,0.0,YELLOW@L[1]
22:15:42.196,0.0,10.0,-417.0,0.0,YELLOW@L[1]
22:15:42.202,0.0,10.0,-417.0,0.0,YELLOW@L[1]
22:15:42.207,-3137.6,10.0,-417.0,0.0,RED@L[-1] | YELLOW@L[1]
22:15:42.216,-3137.6,10.0,-417.0,0.0,RED@L[-1] | YELLOW@L[1]
22:15:42.220,-3137.6,10.0,-417.0,0.0,RED@L[-1] | YELLOW@L[1]
22:15:42.226,-3137.6,10.0,-417.0,0.0,RED@L[-1] | YELLOW@L[1]
22:15:42.232,0.0,10.0,-417.0,0.0,YELLOW@L[1]
22:15:42.238,0.0,10.0,-417.0,0.0,YELLOW@L[1]
22:15:42.243,0.0,10.0,-417.0,0.0,YELLOW@L[1]
22:15:42.248,0.0,10.0,-417.0,0.0,YELLOW@L[1]
22:15:42.254,0.0,10.0,-417.0,0.0,YELLOW@L[1]
22:15:42.260,0.0,10.0,-417.0,0.0,YELLOW@L[1]
22:15:42.266,-3137.6,10.0,-417.0,0.0,RED@L[-1] | YELLOW@L[1]
22:15:42.271,-3137.6,10.0,-417.0,0.0,RED@L[-1] | YELLOW@L[1]
22:15:42.276,-3137.6,10.0,-417.0,0.0,RED@L[-1] | YELLOW@L[1]
22:15:42.282,-3137.6,10.0,-417.0,0.0,RED@L[-1] | YELLOW@L[1]
22:15:42.289,-2211.8,10.0,-417.0,0.0,RED@L[-1] | YELLOW@L[1]
22:15:42.293,-2211.8,10.0,-417.0,0.0,RED@L[-1] | YELLOW@L[1]
22:15:42.300,-2211.8,10.0,-417.0,0.0,RED@L[-1] | YELLOW@L[1]
22:15:42.304,-2211.8,10.0,-417.0,0.0,RED@L[-1] | YELLOW@L[1]
22:15:42.310,-2211.8,10.0,-417.0,0.0,RED@L[-1] | YELLOW@L[1]
22:15:42.317,-2211.8,10.0,-417.0,0.0,RED@L[-1] | YELLOW@L[1]
22:15:42.322,-3137.6,10.0,-417.0,0.0,RED@L[-1] | YELLOW@L[1]
22:15:42.331,-3137.6,10.0,-417.0,0.0,RED@L[-1] | YELLOW@L[1]
22:15:42.335,-3137.6,10.0,-417.0,0.0,RED@L[-1] | YELLOW@L[1]
22:15:42.341,-3137.6,10.0,-417.0,0.0,RED@L[-1] | YELLOW@L[1]
22:15:42.347,-3137.6,10.0,-417.0,0.0,RED@L[-1] | YELLOW@L[1]
22:15:42.352,-2368.0,10.0,-420.0,0.0,RED@L[-1] | YELLOW@L[1]
22:15:42.359,-2368.0,10.0,-420.0,0.0,RED@L[-1] | YELLOW@L[1]
22:15:42.364,-2368.0,10.0,-420.0,0.0,RED@L[-1] | YELLOW@L[1]
22:15:42.368,-2368.0,10.0,-420.0,0.0,RED@L[-1] | YELLOW@L[1]
22:15:42.374,-2368.0,10.0,-420.0,0.0,RED@L[-1] | YELLOW@L[1]
22:15:42.382,-2800.0,10.0,-420.0,0.0,RED@L[-1] | YELLOW@L[1]
22:15:42.387,-2800.0,10.0,-420.0,0.0,RED@L[-1] | YELLOW@L[1]
22:15:42.392,-2800.0,10.0,-420.0,0.0,RED@L[-1] | YELLOW@L[1]
22:15:42.397,-2800.0,10.0,-420.0,0.0,RED@L[-1] | YELLOW@L[1]
22:15:42.404,-2800.0,10.0,-420.0,0.0,RED@L[-1] | YELLOW@L[1]
22:15:42.410,-2368.0,10.0,-420.0,0.0,RED@L[-1] | YELLOW@L[1]
22:15:42.415,-2368.0,10.0,-420.0,0.0,RED@L[-1] | YELLOW@L[1]
22:15:42.421,-2368.0,10.0,-420.0,0.0,RED@L[-1] | YELLOW@L[1]
22:15:42.427,-2368.0,10.0,-420.0,0.0,RED@L[-1] | YELLOW@L[1]
22:15:42.432,-2368.0,10.0,-420.0,0.0,RED@L[-1] | YELLOW@L[1]
22:15:42.438,-2800.0,10.0,-423.2,0.0,RED@L[-1] | YELLOW@L[1]
22:15:42.444,-2800.0,10.0,-423.2,0.0,RED@L[-1] | YELLOW@L[1]
22:15:42.450,-2800.0,10.0,-423.2,0.0,RED@L[-1] | YELLOW@L[1]
22:15:42.457,-2800.0,10.0,-423.2,0.0,RED@L[-1] | YELLOW@L[1]
22:15:42.462,-2800.0,10.0,-423.2,0.0,RED@L[-1] | YELLOW@L[1]
22:15:42.468,-2800.0,10.0,-423.2,0.0,RED@L[-1] | YELLOW@L[1]
22:15:42.473,0.0,10.0,-420.0,0.0,YELLOW@L[1]
22:15:42.480,0.0,10.0,-420.0,0.0,YELLOW@L[1]
22:15:42.485,0.0,10.0,-420.0,0.0,YELLOW@L[1]
22:15:42.491,0.0,10.0,-420.0,0.0,YELLOW@L[1]
22:15:42.496,0.0,10.0,-420.0,0.0,YELLOW@L[1]
22:15:42.504,-3567.9,10.0,-423.2,0.0,RED@L[-1] | YELLOW@L[1] | GRAY@L[-1]
22:15:42.511,-3567.9,10.0,-423.2,0.0,RED@L[-1] | YELLOW@L[1] | GRAY@L[-1]
22:15:42.516,-3567.9,10.0,-423.2,0.0,RED@L[-1] | YELLOW@L[1] | GRAY@L[-1]
22:15:42.520,-3567.9,10.0,-423.2,0.0,RED@L[-1] | YELLOW@L[1] | GRAY@L[-1]
22:15:42.526,-3567.9,10.0,-423.2,0.0,RED@L[-1] | YELLOW@L[1] | GRAY@L[-1]
22:15:42.530,0.0,10.0,-423.2,0.0,YELLOW@L[1]
22:15:42.537,0.0,10.0,-423.2,0.0,YELLOW@L[1]
22:15:42.542,0.0,10.0,-423.2,0.0,YELLOW@L[1]
22:15:42.547,0.0,10.0,-423.2,0.0,YELLOW@L[1]
22:15:42.552,0.0,10.0,-423.2,0.0,YELLOW@L[1]
22:15:42.558,-3137.6,10.0,0.0,0.0,RED@L[-1]
22:15:42.564,-3137.6,10.0,0.0,0.0,RED@L[-1]
22:15:42.570,-3137.6,10.0,0.0,0.0,RED@L[-1]
22:15:42.576,-3137.6,10.0,0.0,0.0,RED@L[-1]
22:15:42.582,-3137.6,10.0,0.0,0.0,RED@L[-1]
22:15:42.588,-2800.0,10.0,0.0,0.0,RED@L[-1]
22:15:42.595,-2800.0,10.0,0.0,0.0,RED@L[-1]
22:15:42.600,-2800.0,10.0,0.0,0.0,RED@L[-1]
22:15:42.606,-2800.0,10.0,0.0,0.0,RED@L[-1]
22:15:42.611,-2800.0,10.0,0.0,0.0,RED@L[-1]
22:15:42.617,-3614.2,10.0,0.0,0.0,RED@L[-1]
22:15:42.622,-3614.2,10.0,0.0,0.0,RED@L[-1]
22:15:42.630,-3614.2,10.0,0.0,0.0,RED@L[-1]
22:15:42.635,-3614.2,10.0,0.0,0.0,RED@L[-1]
22:15:42.641,-3614.2,10.0,0.0,0.0,RED@L[-1]
22:15:42.647,-3234.2,10.0,0.0,0.0,RED@L[-1] | GRAY@L[-1]
22:15:42.653,-3234.2,10.0,0.0,0.0,RED@L[-1] | GRAY@L[-1]
22:15:42.658,-3234.2,10.0,0.0,0.0,RED@L[-1] | GRAY@L[-1]
22:15:42.665,-3234.2,10.0,0.0,0.0,RED@L[-1] | GRAY@L[-1]
22:15:42.671,-3234.2,10.0,0.0,0.0,RED@L[-1] | GRAY@L[-1]
22:15:42.675,-3614.2,10.0,0.0,0.0,RED@L[-1]
22:15:42.680,-3614.2,10.0,0.0,0.0,RED@L[-1]
22:15:42.687,-3614.2,10.0,0.0,0.0,RED@L[-1]
22:15:42.693,-3614.2,10.0,0.0,0.0,RED@L[-1]
22:15:42.698,-3614.2,10.0,0.0,0.0,RED@L[-1]
22:15:42.703,-3614.2,10.0,0.0,0.0,RED@L[-1]
22:15:42.709,-3137.6,10.0,0.0,0.0,RED@L[-1]
22:15:42.715,-3137.6,10.0,0.0,0.0,RED@L[-1]
22:15:42.721,-3137.6,10.0,0.0,0.0,RED@L[-1]
22:15:42.726,-3137.6,10.0,0.0,0.0,RED@L[-1]
22:15:42.732,-3137.6,10.0,0.0,0.0,RED@L[-1]
22:15:42.738,0.0,10.0,0.0,0.0,
22:15:42.746,0.0,10.0,0.0,0.0,
22:15:42.750,0.0,10.0,0.0,0.0,
22:15:42.756,0.0,10.0,0.0,0.0,
22:15:42.763,0.0,10.0,0.0,0.0,
22:15:42.769,-3551.9,10.0,0.0,0.0,RED@L[-1] | GRAY@L[-1]
22:15:42.776,-3551.9,10.0,0.0,0.0,RED@L[-1] | GRAY@L[-1]
22:15:42.780,-3551.9,10.0,0.0,0.0,RED@L[-1] | GRAY@L[-1]
22:15:42.786,-3551.9,10.0,0.0,0.0,RED@L[-1] | GRAY@L[-1]
22:15:42.792,-3551.9,10.0,0.0,0.0,RED@L[-1] | GRAY@L[-1]
22:15:42.798,0.0,10.0,0.0,0.0,
22:15:42.805,0.0,10.0,0.0,0.0,
22:15:42.809,0.0,10.0,0.0,0.0,
22:15:42.814,0.0,10.0,0.0,0.0,
22:15:42.820,0.0,10.0,0.0,0.0,
22:15:42.826,-3137.6,10.0,0.0,0.0,RED@L[-1]
22:15:42.832,-3137.6,10.0,0.0,0.0,RED@L[-1]
22:15:42.839,-3137.6,10.0,0.0,0.0,RED@L[-1]
22:15:42.844,-3137.6,10.0,0.0,0.0,RED@L[-1]
22:15:42.850,-3137.6,10.0,0.0,0.0,RED@L[-1]
22:15:42.856,-2368.0,10.0,0.0,0.0,RED@L[-1]
22:15:42.860,-2368.0,10.0,0.0,0.0,RED@L[-1]
22:15:42.868,-2368.0,10.0,0.0,0.0,RED@L[-1]
22:15:42.874,-2368.0,10.0,0.0,0.0,RED@L[-1]
22:15:42.879,-2368.0,10.0,0.0,0.0,RED@L[-1]
22:15:42.885,-3614.2,10.0,0.0,0.0,RED@L[-1]
22:15:42.890,-3614.2,10.0,0.0,0.0,RED@L[-1]
22:15:42.895,-3614.2,10.0,0.0,0.0,RED@L[-1]
22:15:42.901,-3614.2,10.0,0.0,0.0,RED@L[-1]
22:15:42.907,-3614.2,10.0,0.0,0.0,RED@L[-1]
22:15:42.913,-2368.0,10.0,0.0,0.0,RED@L[-1]
22:15:42.919,-2368.0,10.0,0.0,0.0,RED@L[-1]
22:15:42.926,-2368.0,10.0,0.0,0.0,RED@L[-1]
22:15:42.932,-2368.0,10.0,0.0,0.0,RED@L[-1]
22:15:42.938,-2368.0,10.0,0.0,0.0,RED@L[-1]
22:15:42.943,-3614.2,10.0,0.0,0.0,RED@L[-1]
22:15:42.949,-3614.2,10.0,0.0,0.0,RED@L[-1]
22:15:42.954,-3614.2,10.0,0.0,0.0,RED@L[-1]
22:15:42.960,-3614.2,10.0,0.0,0.0,RED@L[-1]
22:15:42.967,-3614.2,10.0,0.0,0.0,RED@L[-1]
22:15:42.972,0.0,10.0,0.0,0.0,
22:15:42.978,0.0,10.0,0.0,0.0,
22:15:42.983,0.0,10.0,0.0,0.0,
22:15:42.990,0.0,10.0,0.0,0.0,
22:15:42.995,0.0,10.0,0.0,0.0,
22:15:43.002,-3137.6,10.0,0.0,0.0,RED@L[-1]
22:15:43.008,-3137.6,10.0,0.0,0.0,RED@L[-1]
22:15:43.013,-3137.6,10.0,0.0,0.0,RED@L[-1]
22:15:43.020,-3137.6,10.0,0.0,0.0,RED@L[-1]
22:15:43.025,-3137.6,10.0,0.0,0.0,RED@L[-1]
22:15:43.031,0.0,10.0,0.0,0.0,
22:15:43.038,0.0,10.0,0.0,0.0,
22:15:43.042,0.0,10.0,0.0,0.0,
22:15:43.048,0.0,10.0,0.0,0.0,
22:15:43.053,0.0,10.0,0.0,0.0,
22:15:43.060,-3137.6,10.0,0.0,0.0,RED@L[-1]
22:15:43.067,-3137.6,10.0,0.0,0.0,RED@L[-1]
22:15:43.072,-3137.6,10.0,0.0,0.0,RED@L[-1]
22:15:43.076,-3137.6,10.0,0.0,0.0,RED@L[-1]
22:15:43.084,-3137.6,10.0,0.0,0.0,RED@L[-1]
22:15:43.089,-2800.0,10.0,0.0,0.0,RED@L[-1]
22:15:43.095,-2800.0,10.0,0.0,0.0,RED@L[-1]
22:15:43.102,-2800.0,10.0,0.0,0.0,RED@L[-1]
22:15:43.106,-2800.0,10.0,0.0,0.0,RED@L[-1]
22:15:43.113,-2800.0,10.0,0.0,0.0,RED@L[-1]
22:15:43.118,-3614.2,10.0,0.0,0.0,RED@L[-1]
22:15:43.124,-3614.2,10.0,0.0,0.0,RED@L[-1]
22:15:43.131,-3614.2,10.0,0.0,0.0,RED@L[-1]
22:15:43.136,-3614.2,10.0,0.0,0.0,RED@L[-1]
22:15:43.142,-3614.2,10.0,0.0,0.0,RED@L[-1]
22:15:43.149,-3614.2,10.0,0.0,0.0,RED@L[-1]
22:15:43.153,-2800.0,10.0,0.0,0.0,RED@L[-1]
22:15:43.158,-2800.0,10.0,0.0,0.0,RED@L[-1]
22:15:43.165,-2800.0,10.0,0.0,0.0,RED@L[-1]
22:15:43.171,-2800.0,10.0,0.0,0.0,RED@L[-1]
22:15:43.177,-2800.0,10.0,0.0,0.0,RED@L[-1]
22:15:43.181,-3614.2,10.0,0.0,0.0,RED@L[-1]
22:15:43.188,-3614.2,10.0,0.0,0.0,RED@L[-1]
22:15:43.193,-3614.2,10.0,0.0,0.0,RED@L[-1]
22:15:43.200,-3614.2,10.0,0.0,0.0,RED@L[-1]
22:15:43.204,-3614.2,10.0,0.0,0.0,RED@L[-1]
22:15:43.210,-3137.6,10.0,0.0,0.0,RED@L[-1]
22:15:43.216,-3137.6,10.0,0.0,0.0,RED@L[-1]
22:15:43.223,-3137.6,10.0,0.0,0.0,RED@L[-1]
22:15:43.228,-3137.6,10.0,0.0,0.0,RED@L[-1]
22:15:43.235,-3137.6,10.0,0.0,0.0,RED@L[-1]
22:15:43.240,0.0,10.0,0.0,0.0,
22:15:43.246,0.0,10.0,0.0,0.0,
22:15:43.251,0.0,10.0,0.0,0.0,
22:15:43.256,0.0,10.0,0.0,0.0,
22:15:43.262,0.0,10.0,0.0,0.0,
22:15:43.268,-3137.6,10.0,0.0,0.0,RED@L[-1]
22:15:43.272,-3137.6,10.0,0.0,0.0,RED@L[-1]
22:15:43.279,-3137.6,10.0,0.0,0.0,RED@L[-1]
22:15:43.284,-3137.6,10.0,0.0,0.0,RED@L[-1]
22:15:43.289,-3137.6,10.0,0.0,0.0,RED@L[-1]
22:15:43.295,-3137.6,10.0,0.0,0.0,RED@L[-1]
22:15:43.302,0.0,10.0,0.0,0.0,
22:15:43.308,0.0,10.0,0.0,0.0,
22:15:43.312,0.0,10.0,0.0,0.0,
22:15:43.319,0.0,10.0,0.0,0.0,
22:15:43.325,0.0,10.0,0.0,0.0,
22:15:43.330,-3137.6,10.0,0.0,0.0,RED@L[-1]
22:15:43.337,-3137.6,10.0,0.0,0.0,RED@L[-1]
22:15:43.342,-3137.6,10.0,0.0,0.0,RED@L[-1]
22:15:43.347,-3137.6,10.0,0.0,0.0,RED@L[-1]
22:15:43.354,-3137.6,10.0,0.0,0.0,RED@L[-1]
22:15:43.360,-2368.0,10.0,0.0,0.0,RED@L[-1]
22:15:43.367,-2368.0,10.0,0.0,0.0,RED@L[-1]
22:15:43.371,-2368.0,10.0,0.0,0.0,RED@L[-1]
22:15:43.376,-2368.0,10.0,0.0,0.0,RED@L[-1]
22:15:43.382,-2368.0,10.0,0.0,0.0,RED@L[-1]
22:15:43.388,-3614.2,10.0,0.0,0.0,RED@L[-1]
22:15:43.394,-3614.2,10.0,0.0,0.0,RED@L[-1]
22:15:43.401,-3614.2,10.0,0.0,0.0,RED@L[-1]
22:15:43.406,-3614.2,10.0,0.0,0.0,RED@L[-1]
22:15:43.411,-3614.2,10.0,0.0,0.0,RED@L[-1]
22:15:43.417,-2368.0,10.0,0.0,0.0,RED@L[-1]
22:15:43.424,-2368.0,10.0,0.0,0.0,RED@L[-1]
22:15:43.429,-2368.0,10.0,0.0,0.0,RED@L[-1]
22:15:43.434,-2368.0,10.0,0.0,0.0,RED@L[-1]
22:15:43.440,-2368.0,10.0,0.0,0.0,RED@L[-1]
22:15:43.447,-3614.2,10.0,0.0,0.0,RED@L[-1]
22:15:43.452,-3614.2,10.0,0.0,0.0,RED@L[-1]
22:15:43.457,-3614.2,10.0,0.0,0.0,RED@L[-1]
22:15:43.463,-3614.2,10.0,0.0,0.0,RED@L[-1]
22:15:43.468,-3614.2,10.0,0.0,0.0,RED@L[-1]
22:15:43.475,-3614.2,10.0,0.0,0.0,RED@L[-1]
22:15:43.480,0.0,10.0,0.0,0.0,
22:15:43.486,0.0,10.0,0.0,0.0,
22:15:43.492,0.0,10.0,0.0,0.0,
22:15:43.498,0.0,10.0,0.0,0.0,
22:15:43.504,0.0,10.0,0.0,0.0,
22:15:43.508,0.0,10.0,0.0,0.0,
22:15:43.515,0.0,10.0,0.0,0.0,
22:15:43.522,0.0,10.0,0.0,0.0,
22:15:43.526,0.0,10.0,0.0,0.0,
22:15:43.531,0.0,10.0,0.0,0.0,
22:15:43.539,0.0,10.0,0.0,0.0,
22:15:43.545,0.0,10.0,0.0,0.0,
22:15:43.552,0.0,10.0,0.0,0.0,
22:15:43.556,0.0,10.0,0.0,0.0,
22:15:43.561,0.0,10.0,0.0,0.0,
22:15:43.566,0.0,10.0,0.0,0.0,
22:15:43.573,0.0,10.0,0.0,0.0,
22:15:43.579,0.0,10.0,0.0,0.0,
22:15:43.584,0.0,10.0,0.0,0.0,
22:15:43.590,0.0,10.0,0.0,0.0,
22:15:43.595,-2800.0,10.0,0.0,0.0,RED@L[-1]
22:15:43.601,-2800.0,10.0,0.0,0.0,RED@L[-1]
22:15:43.607,-2800.0,10.0,0.0,0.0,RED@L[-1]
22:15:43.612,-2800.0,10.0,0.0,0.0,RED@L[-1]
22:15:43.619,-2800.0,10.0,0.0,0.0,RED@L[-1]
22:15:43.625,-2368.0,10.0,0.0,0.0,RED@L[-1]
22:15:43.630,-2368.0,10.0,0.0,0.0,RED@L[-1]
22:15:43.637,-2368.0,10.0,0.0,0.0,RED@L[-1]
22:15:43.641,-2368.0,10.0,0.0,0.0,RED@L[-1]
22:15:43.647,-2368.0,10.0,0.0,0.0,RED@L[-1]
22:15:43.654,-2800.0,10.0,0.0,0.0,RED@L[-1]
22:15:43.659,-2800.0,10.0,0.0,0.0,RED@L[-1]
22:15:43.666,-2800.0,10.0,0.0,0.0,RED@L[-1]
22:15:43.671,-2800.0,10.0,0.0,0.0,RED@L[-1]
22:15:43.677,-2800.0,10.0,0.0,0.0,RED@L[-1]
22:15:43.683,-2368.0,10.0,0.0,0.0,RED@L[-1]
22:15:43.689,-2368.0,10.0,0.0,0.0,RED@L[-1]
22:15:43.695,-2368.0,10.0,0.0,0.0,RED@L[-1]
22:15:43.701,-2368.0,10.0,0.0,0.0,RED@L[-1]
22:15:43.706,-2368.0,10.0,0.0,0.0,RED@L[-1]
22:15:43.712,-2368.0,10.0,0.0,0.0,RED@L[-1]
22:15:43.717,-3137.6,10.0,0.0,0.0,RED@L[-1]
22:15:43.723,-3137.6,10.0,0.0,0.0,RED@L[-1]
22:15:43.728,-3137.6,10.0,0.0,0.0,RED@L[-1]
22:15:43.734,-3137.6,10.0,0.0,0.0,RED@L[-1]
22:15:43.738,-3137.6,10.0,0.0,0.0,RED@L[-1]
22:15:43.745,0.0,10.0,0.0,0.0,
22:15:43.751,0.0,10.0,0.0,0.0,
22:15:43.757,0.0,10.0,0.0,0.0,
22:15:43.763,0.0,10.0,0.0,0.0,
22:15:43.770,0.0,10.0,0.0,0.0,
22:15:43.774,-3137.6,10.0,0.0,0.0,RED@L[-1]
22:15:43.779,-3137.6,10.0,0.0,0.0,RED@L[-1]
22:15:43.785,-3137.6,10.0,0.0,0.0,RED@L[-1]
22:15:43.791,-3137.6,10.0,0.0,0.0,RED@L[-1]
22:15:43.797,-3137.6,10.0,0.0,0.0,RED@L[-1]
22:15:43.802,-3137.6,10.0,0.0,0.0,RED@L[-1]
22:15:43.808,0.0,10.0,0.0,0.0,
22:15:43.813,0.0,10.0,0.0,0.0,
22:15:43.820,0.0,10.0,0.0,0.0,
22:15:43.824,0.0,10.0,0.0,0.0,
22:15:43.830,0.0,10.0,0.0,0.0,
22:15:43.835,-3137.6,10.0,0.0,0.0,RED@L[-1]
22:15:43.842,-3137.6,10.0,0.0,0.0,RED@L[-1]
22:15:43.847,-3137.6,10.0,0.0,0.0,RED@L[-1]
22:15:43.853,-3137.6,10.0,0.0,0.0,RED@L[-1]
22:15:43.859,-3137.6,10.0,0.0,0.0,RED@L[-1]
22:15:43.864,-2800.0,10.0,0.0,0.0,RED@L[-1]
22:15:43.870,-2800.0,10.0,0.0,0.0,RED@L[-1]
22:15:43.876,-2800.0,10.0,0.0,0.0,RED@L[-1]
22:15:43.883,-2800.0,10.0,0.0,0.0,RED@L[-1]
22:15:43.889,-2800.0,10.0,0.0,0.0,RED@L[-1]
22:15:43.895,-3614.2,10.0,0.0,0.0,RED@L[-1]
22:15:43.901,-3614.2,10.0,0.0,0.0,RED@L[-1]
22:15:43.906,-3614.2,10.0,0.0,0.0,RED@L[-1]
22:15:43.911,-3614.2,10.0,0.0,0.0,RED@L[-1]
22:15:43.918,-3614.2,10.0,0.0,0.0,RED@L[-1]
22:15:43.924,-2368.0,10.0,0.0,0.0,RED@L[-1]
22:15:43.928,-2368.0,10.0,0.0,0.0,RED@L[-1]
22:15:43.934,-2368.0,10.0,0.0,0.0,RED@L[-1]
22:15:43.940,-2368.0,10.0,0.0,0.0,RED@L[-1]
22:15:43.945,-2368.0,10.0,0.0,0.0,RED@L[-1]
22:15:43.952,-3614.2,10.0,0.0,0.0,RED@L[-1]
22:15:43.958,-3614.2,10.0,0.0,0.0,RED@L[-1]
22:15:43.964,-3614.2,10.0,0.0,0.0,RED@L[-1]
22:15:43.969,-3614.2,10.0,0.0,0.0,RED@L[-1]
22:15:43.974,-3614.2,10.0,0.0,0.0,RED@L[-1]
22:15:43.981,-3137.6,10.0,0.0,0.0,RED@L[-1]
22:15:43.988,-3137.6,10.0,0.0,0.0,RED@L[-1]
22:15:43.993,-3137.6,10.0,0.0,0.0,RED@L[-1]
22:15:43.999,-3137.6,10.0,0.0,0.0,RED@L[-1]
22:15:44.005,-3137.6,10.0,0.0,0.0,RED@L[-1]
22:15:44.011,0.0,10.0,0.0,0.0,
22:15:44.018,0.0,10.0,0.0,0.0,
22:15:44.024,0.0,10.0,0.0,0.0,
22:15:44.030,0.0,10.0,0.0,0.0,
22:15:44.035,0.0,10.0,0.0,0.0,
22:15:44.040,0.0,-1133.2,-1143.2,-1.0,"RED@L[0, 1]"
22:15:44.046,0.0,-1133.2,-1143.2,-1.0,"RED@L[0, 1]"
22:15:44.052,0.0,-1133.2,-1143.2,-1.0,"RED@L[0, 1]"
22:15:44.058,0.0,-1133.2,-1143.2,-1.0,"RED@L[0, 1]"
22:15:44.064,0.0,-1133.2,-1143.2,-1.0,"RED@L[0, 1]"
22:15:44.070,0.0,10.0,0.0,-1.0,
22:15:44.075,0.0,10.0,0.0,-1.0,
22:15:44.081,0.0,10.0,0.0,-1.0,
22:15:44.087,0.0,10.0,0.0,-1.0,
22:15:44.092,0.0,10.0,0.0,-1.0,
22:15:44.097,0.0,10.0,0.0,-1.0,
22:15:44.106,-2800.0,10.0,0.0,-1.0,RED@L[-1]
22:15:44.111,-2800.0,10.0,0.0,-1.0,RED@L[-1]
22:15:44.116,-2800.0,10.0,0.0,0.0,RED@L[-1]
22:15:44.122,-2800.0,10.0,0.0,0.0,RED@L[-1]
22:15:44.128,-2800.0,10.0,0.0,0.0,RED@L[-1]
22:15:44.132,-3841.4,10.0,0.0,0.0,RED@L[-1] | RED@L[-1]
22:15:44.139,-3841.4,10.0,0.0,0.0,RED@L[-1] | RED@L[-1]
22:15:44.145,-3841.4,10.0,0.0,0.0,RED@L[-1] | RED@L[-1]
22:15:44.148,-3841.4,10.0,0.0,0.0,RED@L[-1] | RED@L[-1]
22:15:44.156,-3841.4,10.0,0.0,0.0,RED@L[-1] | RED@L[-1]
22:15:44.160,-2800.0,10.0,0.0,0.0,RED@L[-1]
22:15:44.167,-2800.0,10.0,0.0,0.0,RED@L[-1]
22:15:44.172,-2800.0,10.0,0.0,0.0,RED@L[-1]
22:15:44.177,-2800.0,10.0,0.0,0.0,RED@L[-1]
22:15:44.184,-2800.0,10.0,0.0,0.0,RED@L[-1]
22:15:44.189,-2368.0,10.0,0.0,0.0,RED@L[-1]
22:15:44.195,-2368.0,10.0,0.0,0.0,RED@L[-1]
22:15:44.201,-2368.0,10.0,0.0,0.0,RED@L[-1]
22:15:44.207,-2368.0,10.0,0.0,0.0,RED@L[-1]
22:15:44.213,-2368.0,10.0,0.0,0.0,RED@L[-1]
22:15:44.218,-3137.6,10.0,0.0,0.0,RED@L[-1]
22:15:44.226,-3137.6,10.0,0.0,0.0,RED@L[-1]
22:15:44.230,-3137.6,10.0,0.0,0.0,RED@L[-1]
22:15:44.235,-3137.6,10.0,0.0,0.0,RED@L[-1]
22:15:44.242,-3137.6,10.0,0.0,0.0,RED@L[-1]
22:15:44.247,0.0,10.0,0.0,0.0,
22:15:44.254,0.0,10.0,0.0,0.0,
22:15:44.260,0.0,10.0,0.0,0.0,
22:15:44.264,0.0,10.0,0.0,0.0,
22:15:44.270,0.0,10.0,0.0,0.0,
22:15:44.275,-2800.0,10.0,0.0,0.0,RED@L[-1]
22:15:44.282,-2800.0,10.0,0.0,0.0,RED@L[-1]
22:15:44.288,-2800.0,10.0,0.0,0.0,RED@L[-1]
22:15:44.293,-2800.0,10.0,0.0,0.0,RED@L[-1]
22:15:44.297,-2800.0,10.0,0.0,0.0,RED@L[-1]
22:15:44.303,-2800.0,10.0,0.0,0.0,RED@L[-1]
22:15:44.309,0.0,10.0,0.0,0.0,
22:15:44.316,0.0,10.0,0.0,0.0,
22:15:44.321,0.0,10.0,0.0,0.0,
22:15:44.325,0.0,10.0,0.0,0.0,
22:15:44.332,0.0,10.0,0.0,0.0,
22:15:44.339,0.0,10.0,0.0,0.0,
22:15:44.343,0.0,10.0,0.0,0.0,
22:15:44.350,0.0,10.0,0.0,0.0,
22:15:44.356,0.0,10.0,0.0,0.0,
22:15:44.361,0.0,10.0,0.0,0.0,
22:15:44.366,-3137.6,10.0,0.0,0.0,RED@L[-1]
22:15:44.373,-3137.6,10.0,0.0,0.0,RED@L[-1]
22:15:44.379,-3137.6,10.0,0.0,0.0,RED@L[-1]
22:15:44.384,-3137.6,10.0,0.0,0.0,RED@L[-1]
22:15:44.390,-3137.6,10.0,0.0,0.0,RED@L[-1]
22:15:44.396,-3137.6,10.0,0.0,0.0,RED@L[-1]
22:15:44.401,0.0,10.0,0.0,0.0,
22:15:44.408,0.0,10.0,0.0,0.0,
22:15:44.415,0.0,10.0,0.0,0.0,
22:15:44.420,0.0,10.0,0.0,0.0,
22:15:44.426,0.0,10.0,0.0,0.0,
22:15:44.431,-2800.0,10.0,0.0,0.0,RED@L[-1]
22:15:44.438,-2800.0,10.0,0.0,0.0,RED@L[-1]
22:15:44.443,-2800.0,10.0,0.0,0.0,RED@L[-1]
22:15:44.448,-2800.0,10.0,0.0,0.0,RED@L[-1]
22:15:44.454,-2800.0,10.0,0.0,0.0,RED@L[-1]
22:15:44.458,-3137.6,10.0,0.0,0.0,RED@L[-1]
22:15:44.465,-3137.6,10.0,0.0,0.0,RED@L[-1]
22:15:44.471,-3137.6,10.0,0.0,0.0,RED@L[-1]
22:15:44.476,-3137.6,10.0,0.0,0.0,RED@L[-1]
22:15:44.482,-3137.6,10.0,0.0,0.0,RED@L[-1]
22:15:44.488,-2368.0,10.0,0.0,0.0,RED@L[-1]
22:15:44.495,-2368.0,10.0,0.0,0.0,RED@L[-1]
22:15:44.500,-2368.0,10.0,0.0,0.0,RED@L[-1]
22:15:44.506,-2368.0,10.0,0.0,0.0,RED@L[-1]
22:15:44.511,-2368.0,10.0,0.0,0.0,RED@L[-1]
22:15:44.517,-2800.0,10.0,0.0,0.0,RED@L[-1]
22:15:44.524,-2800.0,10.0,0.0,0.0,RED@L[-1]
22:15:44.531,-2800.0,10.0,0.0,0.0,RED@L[-1]
22:15:44.535,-2800.0,10.0,0.0,0.0,RED@L[-1]
22:15:44.538,-2800.0,10.0,0.0,0.0,RED@L[-1]
22:15:44.545,-2800.0,10.0,0.0,0.0,RED@L[-1]
22:15:44.550,-3614.2,10.0,0.0,0.0,RED@L[-1]
22:15:44.557,-3614.2,10.0,0.0,0.0,RED@L[-1]
22:15:44.564,-3614.2,10.0,0.0,0.0,RED@L[-1]
22:15:44.567,-3614.2,10.0,0.0,0.0,RED@L[-1]
22:15:44.573,-3614.2,10.0,0.0,0.0,RED@L[-1]
22:15:44.578,-2368.0,10.0,0.0,0.0,RED@L[-1]
22:15:44.584,-2368.0,10.0,0.0,0.0,RED@L[-1]
22:15:44.590,-2368.0,10.0,0.0,0.0,RED@L[-1]
22:15:44.595,-2368.0,10.0,0.0,0.0,RED@L[-1]
22:15:44.600,-2368.0,10.0,0.0,0.0,RED@L[-1]
22:15:44.606,-2368.0,10.0,0.0,0.0,RED@L[-1]
22:15:44.612,-3137.6,10.0,0.0,0.0,RED@L[-1]
22:15:44.617,-3137.6,10.0,0.0,0.0,RED@L[-1]
22:15:44.622,-3137.6,10.0,0.0,0.0,RED@L[-1]
22:15:44.629,-3137.6,10.0,0.0,0.0,RED@L[-1]
22:15:44.635,-3137.6,10.0,0.0,0.0,RED@L[-1]
22:15:44.640,-3614.2,10.0,0.0,0.0,RED@L[-1]
22:15:44.646,-3614.2,10.0,0.0,0.0,RED@L[-1]
22:15:44.653,-3614.2,10.0,0.0,0.0,RED@L[-1]
22:15:44.658,-3614.2,10.0,0.0,0.0,RED@L[-1]
22:15:44.666,-3614.2,10.0,0.0,0.0,RED@L[-1]
22:15:44.671,0.0,10.0,0.0,0.0,
22:15:44.677,0.0,10.0,0.0,0.0,
22:15:44.682,0.0,10.0,0.0,0.0,
22:15:44.688,0.0,10.0,0.0,0.0,
22:15:44.694,0.0,10.0,0.0,0.0,
22:15:44.699,-3137.6,10.0,0.0,0.0,RED@L[-1]
22:15:44.705,-3137.6,10.0,0.0,0.0,RED@L[-1]
22:15:44.710,-3137.6,10.0,0.0,0.0,RED@L[-1]
22:15:44.716,-3137.6,10.0,0.0,0.0,RED@L[-1]
22:15:44.722,-3137.6,10.0,0.0,0.0,RED@L[-1]
22:15:44.727,-3137.6,10.0,0.0,0.0,RED@L[-1]
22:15:44.733,0.0,10.0,0.0,0.0,
22:15:44.740,0.0,10.0,0.0,0.0,
22:15:44.745,0.0,10.0,0.0,0.0,
22:15:44.751,0.0,10.0,0.0,0.0,
22:15:44.756,0.0,10.0,0.0,0.0,
22:15:44.762,0.0,217.2,207.2,0.0,"GREEN@L[0, 1]"
22:15:44.767,0.0,217.2,207.2,0.0,"GREEN@L[0, 1]"
22:15:44.773,0.0,217.2,207.2,0.0,"GREEN@L[0, 1]"
22:15:44.779,0.0,217.2,207.2,0.0,"GREEN@L[0, 1]"
22:15:44.785,0.0,217.2,207.2,0.0,"GREEN@L[0, 1]"
22:15:44.790,-3614.2,10.0,0.0,0.0,RED@L[-1]
22:15:44.796,-3614.2,10.0,0.0,0.0,RED@L[-1]
22:15:44.802,-3614.2,10.0,0.0,0.0,RED@L[-1]
22:15:44.808,-3614.2,10.0,0.0,0.0,RED@L[-1]
22:15:44.813,-3614.2,10.0,0.0,0.0,RED@L[-1]
22:15:44.819,0.0,217.2,417.2,1.0,"GREEN@L[1] | GREEN@L[0, 1]"
22:15:44.824,0.0,217.2,417.2,1.0,"GREEN@L[1] | GREEN@L[0, 1]"
22:15:44.832,0.0,217.2,417.2,1.0,"GREEN@L[1] | GREEN@L[0, 1]"
22:15:44.838,0.0,217.2,417.2,1.0,"GREEN@L[1] | GREEN@L[0, 1]"
22:15:44.844,0.0,217.2,417.2,1.0,"GREEN@L[1] | GREEN@L[0, 1]"
22:15:44.850,0.0,217.2,417.2,1.0,"GREEN@L[1] | GREEN@L[0, 1]"
22:15:44.854,-2800.0,214.8,204.8,1.0,"GREEN@L[0, 1] | RED@L[-1]"
22:15:44.861,-2800.0,214.8,204.8,1.0,"GREEN@L[0, 1] | RED@L[-1]"
22:15:44.867,-2800.0,214.8,204.8,1.0,"GREEN@L[0, 1] | RED@L[-1]"
22:15:44.871,-2800.0,214.8,204.8,1.0,"GREEN@L[0, 1] | RED@L[-1]"
22:15:44.877,-2800.0,214.8,204.8,1.0,"GREEN@L[0, 1] | RED@L[-1]"
22:15:44.882,-3137.6,217.2,207.2,1.0,"GREEN@L[0, 1] | RED@L[-1]"
22:15:44.890,-3137.6,217.2,207.2,1.0,"GREEN@L[0, 1] | RED@L[-1]"
22:15:44.896,-3137.6,217.2,207.2,0.0,"GREEN@L[0, 1] | RED@L[-1]"
22:15:44.901,-3137.6,217.2,207.2,0.0,"GREEN@L[0, 1] | RED@L[-1]"
22:15:44.907,-3137.6,217.2,207.2,0.0,"GREEN@L[0, 1] | RED@L[-1]"
22:15:44.912,-2368.0,214.8,412.0,1.0,"GREEN@L[1] | GREEN@L[0, 1] | RED@L[-1]"
22:15:44.918,-2368.0,214.8,412.0,1.0,"GREEN@L[1] | GREEN@L[0, 1] | RED@L[-1]"
22:15:44.923,-2368.0,214.8,412.0,1.0,"GREEN@L[1] | GREEN@L[0, 1] | RED@L[-1]"
22:15:44.930,-2368.0,214.8,412.0,1.0,"GREEN@L[1] | GREEN@L[0, 1] | RED@L[-1]"
22:15:44.936,-2368.0,214.8,412.0,1.0,"GREEN@L[1] | GREEN@L[0, 1] | RED@L[-1]"
22:15:44.942,0.0,10.0,0.0,1.0,
22:15:44.947,0.0,10.0,0.0,1.0,
22:15:44.953,0.0,10.0,0.0,1.0,
22:15:44.958,0.0,10.0,0.0,1.0,
22:15:44.963,0.0,10.0,0.0,1.0,
22:15:44.971,0.0,10.0,210.0,1.0,GREEN@L[1]
22:15:44.975,0.0,10.0,210.0,1.0,GREEN@L[1]
22:15:44.982,0.0,10.0,210.0,1.0,GREEN@L[1]
22:15:44.986,0.0,10.0,210.0,1.0,GREEN@L[1]
22:15:44.992,0.0,10.0,210.0,1.0,GREEN@L[1]
22:15:44.998,0.0,10.0,210.0,1.0,GREEN@L[1]
22:15:45.005,0.0,10.0,-204.3,1.0,GREEN@L[1] | YELLOW@L[1]
22:15:45.010,0.0,10.0,-204.3,1.0,GREEN@L[1] | YELLOW@L[1]
22:15:45.015,0.0,10.0,-204.3,1.0,GREEN@L[1] | YELLOW@L[1]
22:15:45.021,0.0,10.0,-204.3,1.0,GREEN@L[1] | YELLOW@L[1]
22:15:45.025,0.0,10.0,-204.3,1.0,GREEN@L[1] | YELLOW@L[1]
22:15:45.033,0.0,10.0,0.0,1.0,
22:15:45.038,0.0,10.0,0.0,1.0,
22:15:45.044,0.0,10.0,0.0,1.0,
22:15:45.050,0.0,10.0,0.0,1.0,
22:15:45.055,0.0,10.0,0.0,1.0,
22:15:45.061,0.0,10.0,-414.3,0.0,YELLOW@L[1]
22:15:45.066,0.0,10.0,-414.3,0.0,YELLOW@L[1]
22:15:45.075,0.0,10.0,-414.3,0.0,YELLOW@L[1]
22:15:45.080,0.0,10.0,-414.3,0.0,YELLOW@L[1]
22:15:45.084,0.0,10.0,-414.3,0.0,YELLOW@L[1]
22:15:45.091,0.0,10.0,-414.3,0.0,YELLOW@L[1]
22:15:45.098,0.0,10.0,-202.7,0.0,GREEN@L[1] | YELLOW@L[1]
22:15:45.106,0.0,10.0,-202.7,0.0,GREEN@L[1] | YELLOW@L[1]
22:15:45.112,0.0,10.0,-202.7,0.0,GREEN@L[1] | YELLOW@L[1]
22:15:45.117,0.0,10.0,-202.7,0.0,GREEN@L[1] | YELLOW@L[1]
22:15:45.121,0.0,10.0,-202.7,0.0,GREEN@L[1] | YELLOW@L[1]
22:15:45.128,213.3,223.3,0.0,0.0,"GREEN@L[-1, 0]"
22:15:45.135,213.3,223.3,0.0,0.0,"GREEN@L[-1, 0]"
22:15:45.140,213.3,223.3,0.0,0.0,"GREEN@L[-1, 0]"
22:15:45.146,213.3,223.3,0.0,0.0,"GREEN@L[-1, 0]"
22:15:45.150,213.3,223.3,0.0,0.0,"GREEN@L[-1, 0]"
22:15:45.156,213.3,223.3,0.0,0.0,"GREEN@L[-1, 0]"
22:15:45.162,0.0,10.0,-414.3,0.0,YELLOW@L[1]
22:15:45.167,0.0,10.0,-414.3,0.0,YELLOW@L[1]
22:15:45.174,0.0,10.0,-414.3,0.0,YELLOW@L[1]
22:15:45.181,0.0,10.0,-414.3,0.0,YELLOW@L[1]
22:15:45.185,0.0,10.0,-414.3,0.0,YELLOW@L[1]
22:15:45.190,0.0,10.0,-414.3,0.0,YELLOW@L[1]
22:15:45.197,0.0,10.0,0.0,0.0,
22:15:45.204,0.0,10.0,0.0,0.0,
22:15:45.209,0.0,10.0,0.0,0.0,
22:15:45.216,0.0,10.0,0.0,0.0,
22:15:45.222,0.0,10.0,0.0,0.0,
22:15:45.227,0.0,221.6,211.6,0.0,"GREEN@L[0, 1]"
22:15:45.235,0.0,221.6,211.6,0.0,"GREEN@L[0, 1]"
22:15:45.240,0.0,221.6,211.6,0.0,"GREEN@L[0, 1]"
22:15:45.246,0.0,221.6,211.6,0.0,"GREEN@L[0, 1]"
22:15:45.251,0.0,221.6,211.6,0.0,"GREEN@L[0, 1]"
22:15:45.256,0.0,10.0,0.0,0.0,
22:15:45.263,0.0,10.0,0.0,0.0,
22:15:45.267,0.0,10.0,0.0,0.0,
22:15:45.272,0.0,10.0,0.0,0.0,
22:15:45.279,0.0,10.0,0.0,0.0,
22:15:45.285,0.0,223.3,213.3,0.0,"GREEN@L[0, 1]"
22:15:45.290,0.0,223.3,213.3,0.0,"GREEN@L[0, 1]"
22:15:45.297,0.0,223.3,213.3,0.0,"GREEN@L[0, 1]"
22:15:45.302,0.0,223.3,213.3,0.0,"GREEN@L[0, 1]"
22:15:45.305,0.0,223.3,213.3,0.0,"GREEN@L[0, 1]"
22:15:45.311,0.0,223.3,213.3,0.0,"GREEN@L[0, 1]"
22:15:45.318,0.0,10.0,-417.0,0.0,YELLOW@L[1]
22:15:45.325,0.0,10.0,-417.0,0.0,YELLOW@L[1]
22:15:45.330,0.0,10.0,-417.0,0.0,YELLOW@L[1]
22:15:45.336,0.0,10.0,-417.0,0.0,YELLOW@L[1]
22:15:45.342,0.0,10.0,-417.0,0.0,YELLOW@L[1]
22:15:45.347,0.0,225.1,-201.9,0.0,"GREEN@L[0, 1] | YELLOW@L[1]"
22:15:45.352,0.0,225.1,-201.9,0.0,"GREEN@L[0, 1] | YELLOW@L[1]"
22:15:45.359,0.0,225.1,-201.9,0.0,"GREEN@L[0, 1] | YELLOW@L[1]"
22:15:45.364,0.0,225.1,-201.9,0.0,"GREEN@L[0, 1] | YELLOW@L[1]"
22:15:45.370,0.0,225.1,-201.9,0.0,"GREEN@L[0, 1] | YELLOW@L[1]"
22:15:45.376,0.0,225.1,-201.9,0.0,"GREEN@L[0, 1] | YELLOW@L[1]"
22:15:45.381,0.0,225.1,215.1,0.0,"GREEN@L[0, 1]"
22:15:45.395,0.0,225.1,215.1,0.0,"GREEN@L[0, 1]"
22:15:45.400,0.0,225.1,215.1,0.0,"GREEN@L[0, 1]"
22:15:45.406,0.0,225.1,215.1,0.0,"GREEN@L[0, 1]"
22:15:45.410,217.1,-191.9,215.1,-1.0,"GREEN@L[-1] | GREEN@L[0, 1] | YELLOW@L[0]"
22:15:45.418,217.1,-191.9,215.1,-1.0,"GREEN@L[-1] | GREEN@L[0, 1] | YELLOW@L[0]"
22:15:45.422,217.1,-191.9,215.1,-1.0,"GREEN@L[-1] | GREEN@L[0, 1] | YELLOW@L[0]"
22:15:45.427,217.1,-191.9,215.1,-1.0,"GREEN@L[-1] | GREEN@L[0, 1] | YELLOW@L[0]"
22:15:45.433,217.1,-191.9,215.1,-1.0,"GREEN@L[-1] | GREEN@L[0, 1] | YELLOW@L[0]"
22:15:45.438,0.0,-189.9,217.1,-1.0,"GREEN@L[0, 1] | YELLOW@L[0]"
22:15:45.445,0.0,-189.9,217.1,-1.0,"GREEN@L[0, 1] | YELLOW@L[0]"
22:15:45.452,0.0,-189.9,217.1,-1.0,"GREEN@L[0, 1] | YELLOW@L[0]"
22:15:45.455,0.0,-189.9,217.1,-1.0,"GREEN@L[0, 1] | YELLOW@L[0]"
22:15:45.461,0.0,-189.9,217.1,-1.0,"GREEN@L[0, 1] | YELLOW@L[0]"
22:15:45.467,0.0,-189.9,217.1,-1.0,"GREEN@L[0, 1] | YELLOW@L[0]"
22:15:45.473,0.0,-602.2,-195.1,-1.0,"GREEN@L[0, 1] | YELLOW@L[0] | YELLOW@L[0, 1]"
22:15:45.478,0.0,-602.2,-195.1,-1.0,"GREEN@L[0, 1] | YELLOW@L[0] | YELLOW@L[0, 1]"
22:15:45.486,0.0,-602.2,-195.1,-1.0,"GREEN@L[0, 1] | YELLOW@L[0] | YELLOW@L[0, 1]"
22:15:45.491,0.0,-602.2,-195.1,-1.0,"GREEN@L[0, 1] | YELLOW@L[0] | YELLOW@L[0, 1]"
22:15:45.496,0.0,-602.2,-195.1,-1.0,"GREEN@L[0, 1] | YELLOW@L[0] | YELLOW@L[0, 1]"
22:15:45.504,0.0,-183.4,223.7,-1.0,"GREEN@L[0, 1] | YELLOW@L[0]"
22:15:45.509,0.0,-183.4,223.7,-1.0,"GREEN@L[0, 1] | YELLOW@L[0]"
22:15:45.516,0.0,-183.4,223.7,-1.0,"GREEN@L[0, 1] | YELLOW@L[0]"
22:15:45.521,0.0,-183.4,223.7,-1.0,"GREEN@L[0, 1] | YELLOW@L[0]"
22:15:45.525,0.0,-183.4,223.7,-1.0,"GREEN@L[0, 1] | YELLOW@L[0]"
22:15:45.533,0.0,-183.4,223.7,-1.0,"GREEN@L[0, 1] | YELLOW@L[0]"
22:15:45.539,0.0,-183.4,223.7,-1.0,"GREEN@L[0, 1] | YELLOW@L[0]"
22:15:45.543,0.0,-183.4,223.7,-1.0,"GREEN@L[0, 1] | YELLOW@L[0]"
22:15:45.550,0.0,-183.4,223.7,-1.0,"GREEN@L[0, 1] | YELLOW@L[0]"
22:15:45.554,0.0,-183.4,223.7,-1.0,"GREEN@L[0, 1] | YELLOW@L[0]"
22:15:45.560,0.0,-183.4,223.7,1.0,"GREEN@L[0, 1] | YELLOW@L[0]"
22:15:45.566,0.0,-183.4,223.7,1.0,"GREEN@L[0, 1] | YELLOW@L[0]"
22:15:45.573,223.7,-407.0,-605.3,1.0,"GREEN@L[1] | GREEN@L[-1] | YELLOW@L[0, 1] | YELLOW@L[1]"
22:15:45.578,223.7,-407.0,-605.3,1.0,"GREEN@L[1] | GREEN@L[-1] | YELLOW@L[0, 1] | YELLOW@L[1]"
22:15:45.584,223.7,-407.0,-605.3,1.0,"GREEN@L[1] | GREEN@L[-1] | YELLOW@L[0, 1] | YELLOW@L[1]"
22:15:45.589,223.7,-407.0,-605.3,1.0,"GREEN@L[1] | GREEN@L[-1] | YELLOW@L[0, 1] | YELLOW@L[1]"
22:15:45.592,223.7,-407.0,-605.3,1.0,"GREEN@L[1] | GREEN@L[-1] | YELLOW@L[0, 1] | YELLOW@L[1]"
22:15:45.598,0.0,-407.0,-597.3,1.0,"GREEN@L[1] | YELLOW@L[0, 1] | YELLOW@L[1]"
22:15:45.603,0.0,-407.0,-597.3,1.0,"GREEN@L[1] | YELLOW@L[0, 1] | YELLOW@L[1]"
22:15:45.610,0.0,-407.0,-597.3,1.0,"GREEN@L[1] | YELLOW@L[0, 1] | YELLOW@L[1]"
22:15:45.615,0.0,-407.0,-597.3,1.0,"GREEN@L[1] | YELLOW@L[0, 1] | YELLOW@L[1]"
22:15:45.621,0.0,-407.0,-597.3,1.0,"GREEN@L[1] | YELLOW@L[0, 1] | YELLOW@L[1]"
22:15:45.626,0.0,-407.0,-597.3,1.0,"GREEN@L[1] | YELLOW@L[0, 1] | YELLOW@L[1]"
22:15:45.632,0.0,-407.0,-597.3,-1.0,"GREEN@L[1] | YELLOW@L[0, 1] | YELLOW@L[1]"
22:15:45.638,0.0,-407.0,-597.3,-1.0,"GREEN@L[1] | YELLOW@L[0, 1] | YELLOW@L[1]"
22:15:45.643,0.0,-407.0,-597.3,-1.0,"GREEN@L[1] | YELLOW@L[0, 1] | YELLOW@L[1]"
22:15:45.649,0.0,-407.0,-597.3,-1.0,"GREEN@L[1] | YELLOW@L[0, 1] | YELLOW@L[1]"
22:15:45.655,0.0,-407.0,-597.3,-1.0,"GREEN@L[1] | YELLOW@L[0, 1] | YELLOW@L[1]"
22:15:45.661,0.0,-407.0,-587.7,-1.0,"GREEN@L[1] | YELLOW@L[1] | YELLOW@L[0, 1]"
22:15:45.665,0.0,-407.0,-587.7,-1.0,"GREEN@L[1] | YELLOW@L[1] | YELLOW@L[0, 1]"
22:15:45.673,0.0,-407.0,-587.7,-1.0,"GREEN@L[1] | YELLOW@L[1] | YELLOW@L[0, 1]"
22:15:45.677,0.0,-407.0,-587.7,-1.0,"GREEN@L[1] | YELLOW@L[1] | YELLOW@L[0, 1]"
22:15:45.683,0.0,-407.0,-587.7,-1.0,"GREEN@L[1] | YELLOW@L[1] | YELLOW@L[0, 1]"
22:15:45.690,0.0,-407.0,-587.7,-1.0,"GREEN@L[1] | YELLOW@L[1] | YELLOW@L[0, 1]"
22:15:45.695,0.0,-410.0,-583.8,-1.0,"GREEN@L[1] | YELLOW@L[0, 1] | YELLOW@L[1]"
22:15:45.701,0.0,-410.0,-583.8,-1.0,"GREEN@L[1] | YELLOW@L[0, 1] | YELLOW@L[1]"
22:15:45.705,0.0,-410.0,-583.8,-1.0,"GREEN@L[1] | YELLOW@L[0, 1] | YELLOW@L[1]"
22:15:45.710,0.0,-410.0,-583.8,-1.0,"GREEN@L[1] | YELLOW@L[0, 1] | YELLOW@L[1]"
22:15:45.717,0.0,-410.0,-583.8,-1.0,"GREEN@L[1] | YELLOW@L[0, 1] | YELLOW@L[1]"
22:15:45.722,0.0,-407.0,-834.1,-1.0,"YELLOW@L[1] | YELLOW@L[0, 1]"
22:15:45.728,0.0,-407.0,-834.1,-1.0,"YELLOW@L[1] | YELLOW@L[0, 1]"
22:15:45.735,0.0,-407.0,-834.1,-1.0,"YELLOW@L[1] | YELLOW@L[0, 1]"
22:15:45.740,0.0,-407.0,-834.1,-1.0,"YELLOW@L[1] | YELLOW@L[0, 1]"
22:15:45.746,0.0,-407.0,-834.1,-1.0,"YELLOW@L[1] | YELLOW@L[0, 1]"
22:15:45.750,0.0,-410.0,-834.3,-1.0,"YELLOW@L[0, 1] | YELLOW@L[1]"
22:15:45.758,0.0,-410.0,-834.3,-1.0,"YELLOW@L[0, 1] | YELLOW@L[1]"
22:15:45.764,0.0,-410.0,-834.3,-1.0,"YELLOW@L[0, 1] | YELLOW@L[1]"
22:15:45.770,0.0,-410.0,-834.3,-1.0,"YELLOW@L[0, 1] | YELLOW@L[1]"
22:15:45.775,0.0,-410.0,-834.3,-1.0,"YELLOW@L[0, 1] | YELLOW@L[1]"
22:15:45.778,0.0,-410.0,-834.3,-1.0,"YELLOW@L[0, 1] | YELLOW@L[1]"
22:15:45.786,0.0,-410.0,-840.0,-1.0,"YELLOW@L[1] | YELLOW@L[0, 1]"
22:15:45.792,0.0,-410.0,-840.0,-1.0,"YELLOW@L[1] | YELLOW@L[0, 1]"
22:15:45.796,0.0,-410.0,-840.0,-1.0,"YELLOW@L[1] | YELLOW@L[0, 1]"
22:15:45.801,0.0,-410.0,-840.0,-1.0,"YELLOW@L[1] | YELLOW@L[0, 1]"
22:15:45.809,0.0,-410.0,-840.0,-1.0,"YELLOW@L[1] | YELLOW@L[0, 1]"
22:15:45.813,0.0,-407.0,-831.4,-1.0,"YELLOW@L[0, 1] | YELLOW@L[1]"
22:15:45.820,0.0,-407.0,-831.4,-1.0,"YELLOW@L[0, 1] | YELLOW@L[1]"
22:15:45.824,0.0,-407.0,-831.4,-1.0,"YELLOW@L[0, 1] | YELLOW@L[1]"
22:15:45.831,0.0,-407.0,-831.4,-1.0,"YELLOW@L[0, 1] | YELLOW@L[1]"
22:15:45.837,0.0,-407.0,-831.4,-1.0,"YELLOW@L[0, 1] | YELLOW@L[1]"
22:15:45.841,0.0,-404.3,-831.4,-1.0,"YELLOW@L[1] | YELLOW@L[0, 1]"
22:15:45.849,0.0,-404.3,-831.4,-1.0,"YELLOW@L[1] | YELLOW@L[0, 1]"
22:15:45.855,0.0,-404.3,-831.4,-1.0,"YELLOW@L[1] | YELLOW@L[0, 1]"
22:15:45.860,0.0,-404.3,-831.4,-1.0,"YELLOW@L[1] | YELLOW@L[0, 1]"
22:15:45.865,0.0,-404.3,-831.4,-1.0,"YELLOW@L[1] | YELLOW@L[0, 1]"
22:15:45.871,0.0,10.0,-831.4,-1.0,YELLOW@L[1] | YELLOW@L[1]
22:15:45.878,0.0,10.0,-831.4,-1.0,YELLOW@L[1] | YELLOW@L[1]
22:15:45.883,0.0,10.0,-831.4,-1.0,YELLOW@L[1] | YELLOW@L[1]
22:15:45.888,0.0,10.0,-831.4,-1.0,YELLOW@L[1] | YELLOW@L[1]
22:15:45.894,0.0,10.0,-831.4,-1.0,YELLOW@L[1] | YELLOW@L[1]
22:15:45.901,0.0,10.0,-834.1,-1.0,YELLOW@L[1] | YELLOW@L[1]
22:15:45.908,0.0,10.0,-834.1,-1.0,YELLOW@L[1] | YELLOW@L[1]
22:15:45.914,0.0,10.0,-834.1,-1.0,YELLOW@L[1] | YELLOW@L[1]
22:15:45.920,0.0,10.0,-834.1,-1.0,YELLOW@L[1] | YELLOW@L[1]
22:15:45.925,0.0,10.0,-834.1,-1.0,YELLOW@L[1] | YELLOW@L[1]
22:15:45.931,0.0,10.0,-834.1,0.0,YELLOW@L[1] | YELLOW@L[1]
22:15:45.938,0.0,10.0,-834.1,0.0,YELLOW@L[1] | YELLOW@L[1]
22:15:45.944,0.0,10.0,-834.1,0.0,YELLOW@L[1] | YELLOW@L[1]
22:15:45.948,0.0,10.0,-834.1,0.0,YELLOW@L[1] | YELLOW@L[1]
22:15:45.954,0.0,10.0,-834.1,0.0,YELLOW@L[1] | YELLOW@L[1]
22:15:45.959,0.0,10.0,-834.1,0.0,YELLOW@L[1] | YELLOW@L[1]
22:15:45.967,0.0,10.0,-840.2,0.0,YELLOW@L[1] | YELLOW@L[1]
22:15:45.973,0.0,10.0,-840.2,0.0,YELLOW@L[1] | YELLOW@L[1]
22:15:45.979,0.0,10.0,-840.2,0.0,YELLOW@L[1] | YELLOW@L[1]
22:15:45.984,0.0,10.0,-840.2,0.0,YELLOW@L[1] | YELLOW@L[1]
22:15:45.989,0.0,10.0,-840.2,0.0,YELLOW@L[1] | YELLOW@L[1]
22:15:45.996,0.0,10.0,-840.2,0.0,YELLOW@L[1] | YELLOW@L[1]
22:15:46.000,0.0,10.0,-840.2,0.0,YELLOW@L[1] | YELLOW@L[1]
22:15:46.007,0.0,10.0,-840.2,0.0,YELLOW@L[1] | YELLOW@L[1]
22:15:46.015,0.0,10.0,-840.2,0.0,YELLOW@L[1] | YELLOW@L[1]
22:15:46.020,0.0,10.0,-840.2,0.0,YELLOW@L[1] | YELLOW@L[1]
22:15:46.025,0.0,10.0,-840.2,0.0,YELLOW@L[1] | YELLOW@L[1]
22:15:46.031,-3137.6,10.0,-426.6,0.0,RED@L[-1] | YELLOW@L[1]
22:15:46.036,-3137.6,10.0,-426.6,0.0,RED@L[-1] | YELLOW@L[1]
22:15:46.042,-3137.6,10.0,-426.6,0.0,RED@L[-1] | YELLOW@L[1]
22:15:46.047,-3137.6,10.0,-426.6,0.0,RED@L[-1] | YELLOW@L[1]
22:15:46.054,-3137.6,10.0,-426.6,0.0,RED@L[-1] | YELLOW@L[1]
22:15:46.059,-3614.2,10.0,-426.6,0.0,RED@L[-1] | YELLOW@L[1]
22:15:46.066,-3614.2,10.0,-426.6,0.0,RED@L[-1] | YELLOW@L[1]
22:15:46.072,-3614.2,10.0,-426.6,0.0,RED@L[-1] | YELLOW@L[1]
22:15:46.077,-3614.2,10.0,-426.6,0.0,RED@L[-1] | YELLOW@L[1]
22:15:46.082,-3614.2,10.0,-426.6,0.0,RED@L[-1] | YELLOW@L[1]
22:15:46.088,-3614.2,10.0,-426.6,0.0,RED@L[-1] | YELLOW@L[1]
22:15:46.091,0.0,10.0,-417.0,0.0,YELLOW@L[1]
22:15:46.098,0.0,10.0,-417.0,0.0,YELLOW@L[1]
22:15:46.104,0.0,10.0,-417.0,0.0,YELLOW@L[1]
22:15:46.108,0.0,10.0,-417.0,0.0,YELLOW@L[1]
22:15:46.115,0.0,10.0,-417.0,0.0,YELLOW@L[1]
22:15:46.119,0.0,10.0,-417.0,0.0,YELLOW@L[1]
22:15:46.125,-3188.2,10.0,-417.0,0.0,RED@L[-1] | YELLOW@L[1]
22:15:46.130,-3188.2,10.0,-417.0,0.0,RED@L[-1] | YELLOW@L[1]
22:15:46.138,-3188.2,10.0,-417.0,0.0,RED@L[-1] | YELLOW@L[1]
22:15:46.144,-3188.2,10.0,-417.0,0.0,RED@L[-1] | YELLOW@L[1]
22:15:46.150,-2368.0,10.0,-417.0,0.0,RED@L[-1] | YELLOW@L[1]
22:15:46.156,-2368.0,10.0,-417.0,0.0,RED@L[-1] | YELLOW@L[1]
22:15:46.163,-2368.0,10.0,-417.0,0.0,RED@L[-1] | YELLOW@L[1]
22:15:46.169,-2368.0,10.0,-417.0,0.0,RED@L[-1] | YELLOW@L[1]
22:15:46.173,-2368.0,10.0,-417.0,0.0,RED@L[-1] | YELLOW@L[1]
22:15:46.178,-2368.0,10.0,-417.0,0.0,RED@L[-1] | YELLOW@L[1]
22:15:46.184,-2368.0,10.0,-417.0,0.0,RED@L[-1] | YELLOW@L[1]
22:15:46.190,-2576.6,10.0,-434.2,0.0,RED@L[-1] | YELLOW@L[1]
22:15:46.195,-2576.6,10.0,-434.2,0.0,RED@L[-1] | YELLOW@L[1]
22:15:46.201,-2576.6,10.0,-434.2,0.0,RED@L[-1] | YELLOW@L[1]
22:15:46.206,-2576.6,10.0,-434.2,0.0,RED@L[-1] | YELLOW@L[1]
22:15:46.212,-2576.6,10.0,-434.2,0.0,RED@L[-1] | YELLOW@L[1]
22:15:46.218,-2576.6,10.0,-434.2,0.0,RED@L[-1] | YELLOW@L[1]
22:15:46.223,-3614.2,10.0,-438.3,0.0,RED@L[-1] | YELLOW@L[1]
22:15:46.229,-3614.2,10.0,-438.3,0.0,RED@L[-1] | YELLOW@L[1]
22:15:46.235,-3614.2,10.0,-438.3,0.0,RED@L[-1] | YELLOW@L[1]
22:15:46.240,-3614.2,10.0,-438.3,0.0,RED@L[-1] | YELLOW@L[1]
22:15:46.245,-3614.2,10.0,-438.3,0.0,RED@L[-1] | YELLOW@L[1]
22:15:46.251,-3614.2,10.0,-438.3,0.0,RED@L[-1] | YELLOW@L[1]
22:15:46.259,-3614.2,10.0,-438.3,0.0,RED@L[-1] | YELLOW@L[1]
22:15:46.265,0.0,10.0,-442.7,0.0,YELLOW@L[1]
22:15:46.273,0.0,10.0,-442.7,0.0,YELLOW@L[1]
22:15:46.279,0.0,10.0,-442.7,0.0,YELLOW@L[1]
22:15:46.285,0.0,10.0,-442.7,0.0,YELLOW@L[1]
22:15:46.291,0.0,10.0,-442.7,0.0,YELLOW@L[1]
22:15:46.296,0.0,10.0,-442.7,0.0,YELLOW@L[1]
22:15:46.302,-2800.0,10.0,-452.2,0.0,RED@L[-1] | YELLOW@L[1]
22:15:46.308,-2800.0,10.0,-452.2,0.0,RED@L[-1] | YELLOW@L[1]
22:15:46.314,-2800.0,10.0,-452.2,0.0,RED@L[-1] | YELLOW@L[1]
22:15:46.318,-2800.0,10.0,-452.2,0.0,RED@L[-1] | YELLOW@L[1]
22:15:46.326,-2800.0,10.0,-452.2,0.0,RED@L[-1] | YELLOW@L[1]
22:15:46.333,-2800.0,10.0,-452.2,0.0,RED@L[-1] | YELLOW@L[1]
22:15:46.338,0.0,10.0,-462.6,0.0,YELLOW@L[1]
22:15:46.344,0.0,10.0,-462.6,0.0,YELLOW@L[1]
22:15:46.349,0.0,10.0,-462.6,0.0,YELLOW@L[1]
22:15:46.356,0.0,10.0,-462.6,0.0,YELLOW@L[1]
22:15:46.363,0.0,10.0,-462.6,0.0,YELLOW@L[1]
22:15:46.368,0.0,10.0,-462.6,0.0,YELLOW@L[1]
22:15:46.374,-2800.0,10.0,0.0,0.0,RED@L[-1]
22:15:46.380,-2800.0,10.0,0.0,0.0,RED@L[-1]
22:15:46.386,-2800.0,10.0,0.0,0.0,RED@L[-1]
22:15:46.391,-2800.0,10.0,0.0,0.0,RED@L[-1]
22:15:46.396,-2800.0,10.0,0.0,0.0,RED@L[-1]
22:15:46.403,-2800.0,10.0,0.0,0.0,RED@L[-1]
22:15:46.409,0.0,10.0,0.0,0.0,
22:15:46.414,0.0,10.0,0.0,0.0,
22:15:46.420,0.0,10.0,0.0,0.0,
22:15:46.426,0.0,10.0,0.0,0.0,
22:15:46.430,0.0,10.0,0.0,0.0,
22:15:46.436,0.0,10.0,0.0,0.0,
22:15:46.442,-2800.0,10.0,0.0,0.0,RED@L[-1]
22:15:46.447,-2800.0,10.0,0.0,0.0,RED@L[-1]
22:15:46.454,-2800.0,10.0,0.0,0.0,RED@L[-1]
22:15:46.459,-2800.0,10.0,0.0,0.0,RED@L[-1]
22:15:46.464,-2800.0,10.0,0.0,0.0,RED@L[-1]
22:15:46.468,-2800.0,10.0,0.0,0.0,RED@L[-1]
22:15:46.475,-2211.8,10.0,0.0,0.0,RED@L[-1]
22:15:46.480,-2211.8,10.0,0.0,0.0,RED@L[-1]
22:15:46.486,-2211.8,10.0,0.0,0.0,RED@L[-1]
22:15:46.493,-2211.8,10.0,0.0,0.0,RED@L[-1]
22:15:46.498,-2211.8,10.0,0.0,0.0,RED@L[-1]
22:15:46.504,-2211.8,10.0,0.0,0.0,RED@L[-1]
22:15:46.510,-2211.8,10.0,0.0,0.0,RED@L[-1]
22:15:46.517,-2368.0,10.0,0.0,0.0,RED@L[-1]
22:15:46.523,-2368.0,10.0,0.0,0.0,RED@L[-1]
22:15:46.528,-2368.0,10.0,0.0,0.0,RED@L[-1]
22:15:46.533,-2368.0,10.0,0.0,0.0,RED@L[-1]
22:15:46.539,-2368.0,10.0,0.0,0.0,RED@L[-1]
22:15:46.544,-2368.0,10.0,0.0,0.0,RED@L[-1]
22:15:46.552,-3137.6,10.0,-417.0,0.0,RED@L[-1] | YELLOW@L[1]
22:15:46.556,-3137.6,10.0,-417.0,0.0,RED@L[-1] | YELLOW@L[1]
22:15:46.562,-3137.6,10.0,-417.0,0.0,RED@L[-1] | YELLOW@L[1]
22:15:46.569,-3137.6,10.0,-417.0,0.0,RED@L[-1] | YELLOW@L[1]
22:15:46.575,-3137.6,10.0,-417.0,0.0,RED@L[-1] | YELLOW@L[1]
22:15:46.580,-3137.6,10.0,-417.0,0.0,RED@L[-1] | YELLOW@L[1]
22:15:46.587,-3137.6,10.0,-417.0,0.0,RED@L[-1] | YELLOW@L[1]
22:15:46.593,-2368.0,-1075.5,-1505.5,0.0,"RED@L[-1] | RED@L[0, 1] | YELLOW@L[1]"
22:15:46.596,-2368.0,-1075.5,-1505.5,0.0,"RED@L[-1] | RED@L[0, 1] | YELLOW@L[1]"
22:15:46.603,-2368.0,-1075.5,-1505.5,0.0,"RED@L[-1] | RED@L[0, 1] | YELLOW@L[1]"
22:15:46.610,-2368.0,-1075.5,-1505.5,0.0,"RED@L[-1] | RED@L[0, 1] | YELLOW@L[1]"
22:15:46.616,-2368.0,-1075.5,-1505.5,0.0,"RED@L[-1] | RED@L[0, 1] | YELLOW@L[1]"
22:15:46.620,-2368.0,-1075.5,-1505.5,0.0,"RED@L[-1] | RED@L[0, 1] | YELLOW@L[1]"
22:15:46.627,-2368.0,-1075.5,-1505.5,0.0,"RED@L[-1] | RED@L[0, 1] | YELLOW@L[1]"
22:15:46.632,-3137.6,10.0,-420.0,0.0,RED@L[-1] | YELLOW@L[1]
22:15:46.637,-3137.6,10.0,-420.0,0.0,RED@L[-1] | YELLOW@L[1]
22:15:46.643,-3137.6,10.0,-420.0,0.0,RED@L[-1] | YELLOW@L[1]
22:15:46.651,-3137.6,10.0,-420.0,0.0,RED@L[-1] | YELLOW@L[1]
22:15:46.658,-3137.6,10.0,-420.0,0.0,RED@L[-1] | YELLOW@L[1]
22:15:46.661,-3137.6,10.0,-420.0,0.0,RED@L[-1] | YELLOW@L[1]
22:15:46.666,-3137.6,10.0,-420.0,0.0,RED@L[-1] | YELLOW@L[1]
22:15:46.673,-2368.0,-1085.9,-1515.9,0.0,"RED@L[-1] | RED@L[0, 1] | YELLOW@L[1]"
22:15:46.678,-2368.0,-1085.9,-1515.9,0.0,"RED@L[-1] | RED@L[0, 1] | YELLOW@L[1]"
22:15:46.685,-2368.0,-1085.9,-1515.9,0.0,"RED@L[-1] | RED@L[0, 1] | YELLOW@L[1]"
22:15:46.691,-2368.0,-1085.9,-1515.9,0.0,"RED@L[-1] | RED@L[0, 1] | YELLOW@L[1]"
22:15:46.696,-2368.0,-1085.9,-1515.9,0.0,"RED@L[-1] | RED@L[0, 1] | YELLOW@L[1]"
22:15:46.701,-2368.0,-1085.9,-1515.9,0.0,"RED@L[-1] | RED@L[0, 1] | YELLOW@L[1]"
22:15:46.708,-2368.0,-1085.9,-1515.9,0.0,"RED@L[-1] | RED@L[0, 1] | YELLOW@L[1]"
22:15:46.713,-3137.6,10.0,-420.0,0.0,RED@L[-1] | YELLOW@L[1]
22:15:46.720,-3137.6,10.0,-420.0,0.0,RED@L[-1] | YELLOW@L[1]
22:15:46.725,-3137.6,10.0,-420.0,0.0,RED@L[-1] | YELLOW@L[1]
22:15:46.730,-3137.6,10.0,-420.0,0.0,RED@L[-1] | YELLOW@L[1]
22:15:46.737,-3137.6,10.0,-420.0,0.0,RED@L[-1] | YELLOW@L[1]
22:15:46.743,-3137.6,10.0,-420.0,0.0,RED@L[-1] | YELLOW@L[1]
22:15:46.748,0.0,-1108.3,-1538.3,-1.0,"RED@L[0, 1] | YELLOW@L[1]"
22:15:46.754,0.0,-1108.3,-1538.3,-1.0,"RED@L[0, 1] | YELLOW@L[1]"
22:15:46.760,0.0,-1108.3,-1538.3,-1.0,"RED@L[0, 1] | YELLOW@L[1]"
22:15:46.766,0.0,-1108.3,-1538.3,-1.0,"RED@L[0, 1] | YELLOW@L[1]"
22:15:46.769,0.0,-1108.3,-1538.3,-1.0,"RED@L[0, 1] | YELLOW@L[1]"
22:15:46.776,0.0,-1108.3,-1538.3,-1.0,"RED@L[0, 1] | YELLOW@L[1]"
22:15:46.781,-2800.0,-410.0,-840.0,-1.0,"RED@L[-1] | YELLOW@L[1] | YELLOW@L[0, 1]"
22:15:46.788,-2800.0,-410.0,-840.0,-1.0,"RED@L[-1] | YELLOW@L[1] | YELLOW@L[0, 1]"
22:15:46.794,-2800.0,-410.0,-840.0,-1.0,"RED@L[-1] | YELLOW@L[1] | YELLOW@L[0, 1]"
22:15:46.799,-2800.0,-410.0,-840.0,-1.0,"RED@L[-1] | YELLOW@L[1] | YELLOW@L[0, 1]"
22:15:46.806,-2800.0,-410.0,-840.0,-1.0,"RED@L[-1] | YELLOW@L[1] | YELLOW@L[0, 1]"
22:15:46.812,-2800.0,-410.0,-840.0,-1.0,"RED@L[-1] | YELLOW@L[1] | YELLOW@L[0, 1]"
22:15:46.816,0.0,10.0,-423.2,-1.0,YELLOW@L[1]
22:15:46.824,0.0,10.0,-423.2,0.0,YELLOW@L[1]
22:15:46.829,0.0,10.0,-423.2,0.0,YELLOW@L[1]
22:15:46.834,0.0,10.0,-423.2,0.0,YELLOW@L[1]
22:15:46.840,0.0,10.0,-423.2,0.0,YELLOW@L[1]
22:15:46.847,0.0,-1553.2,-1983.2,-1.0,"RED@L[0, 1] | YELLOW@L[1] | YELLOW@L[0, 1]"
22:15:46.852,0.0,-1553.2,-1983.2,-1.0,"RED@L[0, 1] | YELLOW@L[1] | YELLOW@L[0, 1]"
22:15:46.858,0.0,-1553.2,-1983.2,-1.0,"RED@L[0, 1] | YELLOW@L[1] | YELLOW@L[0, 1]"
22:15:46.864,0.0,-1553.2,-1983.2,-1.0,"RED@L[0, 1] | YELLOW@L[1] | YELLOW@L[0, 1]"
22:15:46.870,0.0,-1553.2,-1983.2,-1.0,"RED@L[0, 1] | YELLOW@L[1] | YELLOW@L[0, 1]"
22:15:46.875,0.0,-1553.2,-1983.2,-1.0,"RED@L[0, 1] | YELLOW@L[1] | YELLOW@L[0, 1]"
22:15:46.882,-3137.6,-413.2,-423.2,-1.0,RED@L[-1] | YELLOW@L[1] | YELLOW@L[0]
22:15:46.886,-3137.6,-413.2,-423.2,-1.0,RED@L[-1] | YELLOW@L[1] | YELLOW@L[0]
22:15:46.893,-3137.6,-413.2,-423.2,-1.0,RED@L[-1] | YELLOW@L[1] | YELLOW@L[0]
22:15:46.899,-3137.6,-413.2,-423.2,-1.0,RED@L[-1] | YELLOW@L[1] | YELLOW@L[0]
22:15:46.904,-3137.6,-413.2,-423.2,-1.0,RED@L[-1] | YELLOW@L[1] | YELLOW@L[0]
22:15:46.911,-3137.6,-413.2,-423.2,-1.0,RED@L[-1] | YELLOW@L[1] | YELLOW@L[0]
22:15:46.918,-2368.0,-413.2,-420.0,-1.0,RED@L[-1] | YELLOW@L[0] | YELLOW@L[1]
22:15:46.923,-2368.0,-413.2,-420.0,0.0,RED@L[-1] | YELLOW@L[0] | YELLOW@L[1]
22:15:46.929,-2368.0,-413.2,-420.0,0.0,RED@L[-1] | YELLOW@L[0] | YELLOW@L[1]
22:15:46.935,-2368.0,-413.2,-420.0,0.0,RED@L[-1] | YELLOW@L[0] | YELLOW@L[1]
22:15:46.941,-2368.0,-413.2,-420.0,0.0,RED@L[-1] | YELLOW@L[0] | YELLOW@L[1]
22:15:46.946,-2800.0,-410.0,-420.0,0.0,RED@L[-1] | YELLOW@L[1] | YELLOW@L[0]
22:15:46.952,-2800.0,-410.0,-420.0,0.0,RED@L[-1] | YELLOW@L[1] | YELLOW@L[0]
22:15:46.958,-2800.0,-410.0,-420.0,0.0,RED@L[-1] | YELLOW@L[1] | YELLOW@L[0]
22:15:46.963,-2800.0,-410.0,-420.0,0.0,RED@L[-1] | YELLOW@L[1] | YELLOW@L[0]
22:15:46.968,-2800.0,-410.0,-420.0,0.0,RED@L[-1] | YELLOW@L[1] | YELLOW@L[0]
22:15:46.974,-2800.0,-410.0,-420.0,0.0,RED@L[-1] | YELLOW@L[1] | YELLOW@L[0]
22:15:46.979,0.0,-1716.2,-1726.2,-1.0,"RED@L[0, 1] | YELLOW@L[1] | YELLOW@L[0]"
22:15:46.986,0.0,-1716.2,-1726.2,-1.0,"RED@L[0, 1] | YELLOW@L[1] | YELLOW@L[0]"
22:15:46.992,0.0,-1716.2,-1726.2,-1.0,"RED@L[0, 1] | YELLOW@L[1] | YELLOW@L[0]"
22:15:46.997,0.0,-1716.2,-1726.2,-1.0,"RED@L[0, 1] | YELLOW@L[1] | YELLOW@L[0]"
22:15:47.003,0.0,-1716.2,-1726.2,-1.0,"RED@L[0, 1] | YELLOW@L[1] | YELLOW@L[0]"
22:15:47.010,0.0,-1716.2,-1726.2,-1.0,"RED@L[0, 1] | YELLOW@L[1] | YELLOW@L[0]"
22:15:47.015,-4142.0,-1752.0,-1765.2,-1.0,"RED@L[-1] | RED@L[-1, 0, 1] | YELLOW@L[1] | YELLOW@L[0]"
22:15:47.020,-4142.0,-1752.0,-1765.2,-1.0,"RED@L[-1] | RED@L[-1, 0, 1] | YELLOW@L[1] | YELLOW@L[0]"
22:15:47.027,-4142.0,-1752.0,-1765.2,-1.0,"RED@L[-1] | RED@L[-1, 0, 1] | YELLOW@L[1] | YELLOW@L[0]"
22:15:47.033,-4142.0,-1752.0,-1765.2,-1.0,"RED@L[-1] | RED@L[-1, 0, 1] | YELLOW@L[1] | YELLOW@L[0]"
22:15:47.038,-4142.0,-1752.0,-1765.2,-1.0,"RED@L[-1] | RED@L[-1, 0, 1] | YELLOW@L[1] | YELLOW@L[0]"
22:15:47.044,-4142.0,-1752.0,-1765.2,-1.0,"RED@L[-1] | RED@L[-1, 0, 1] | YELLOW@L[1] | YELLOW@L[0]"
22:15:47.050,-5098.8,-1986.0,-1996.0,-1.0,"RED@L[-1] | RED@L[-1] | RED@L[0, 1] | YELLOW@L[1] | YELLOW@L[0]"
22:15:47.055,-5098.8,-1986.0,-1996.0,0.0,"RED@L[-1] | RED@L[-1] | RED@L[0, 1] | YELLOW@L[1] | YELLOW@L[0]"
22:15:47.061,-5098.8,-1986.0,-1996.0,0.0,"RED@L[-1] | RED@L[-1] | RED@L[0, 1] | YELLOW@L[1] | YELLOW@L[0]"
22:15:47.067,-5098.8,-1986.0,-1996.0,0.0,"RED@L[-1] | RED@L[-1] | RED@L[0, 1] | YELLOW@L[1] | YELLOW@L[0]"
22:15:47.071,-5098.8,-1986.0,-1996.0,0.0,"RED@L[-1] | RED@L[-1] | RED@L[0, 1] | YELLOW@L[1] | YELLOW@L[0]"
22:15:47.078,-5098.8,-1986.0,-1996.0,0.0,"RED@L[-1] | RED@L[-1] | RED@L[0, 1] | YELLOW@L[1] | YELLOW@L[0]"
22:15:47.083,-2368.0,-416.6,-423.2,0.0,RED@L[-1] | YELLOW@L[0] | YELLOW@L[1]
22:15:47.090,-2368.0,-416.6,-423.2,0.0,RED@L[-1] | YELLOW@L[0] | YELLOW@L[1]
22:15:47.095,-2368.0,-416.6,-423.2,0.0,RED@L[-1] | YELLOW@L[0] | YELLOW@L[1]
22:15:47.101,-2368.0,-416.6,-423.2,0.0,RED@L[-1] | YELLOW@L[0] | YELLOW@L[1]
22:15:47.106,-2368.0,-416.6,-423.2,0.0,RED@L[-1] | YELLOW@L[0] | YELLOW@L[1]
22:15:47.115,-3137.6,-413.2,-423.2,0.0,RED@L[-1] | YELLOW@L[1] | YELLOW@L[0]
22:15:47.121,-3137.6,-413.2,-423.2,0.0,RED@L[-1] | YELLOW@L[1] | YELLOW@L[0]
22:15:47.126,-3137.6,-413.2,-423.2,0.0,RED@L[-1] | YELLOW@L[1] | YELLOW@L[0]
22:15:47.131,-3137.6,-413.2,-423.2,0.0,RED@L[-1] | YELLOW@L[1] | YELLOW@L[0]
22:15:47.137,-3137.6,-413.2,-423.2,0.0,RED@L[-1] | YELLOW@L[1] | YELLOW@L[0]
22:15:47.143,-3137.6,-413.2,-423.2,0.0,RED@L[-1] | YELLOW@L[1] | YELLOW@L[0]
22:15:47.148,-3137.6,-413.2,-423.2,0.0,RED@L[-1] | YELLOW@L[1] | YELLOW@L[0]
22:15:47.154,-3137.6,-413.2,-423.2,0.0,RED@L[-1] | YELLOW@L[1] | YELLOW@L[0]
22:15:47.160,-3137.6,-413.2,-423.2,0.0,RED@L[-1] | YELLOW@L[1] | YELLOW@L[0]
22:15:47.165,-3614.2,-416.6,-423.2,0.0,RED@L[-1] | YELLOW@L[0] | YELLOW@L[1]
22:15:47.181,-3614.2,-416.6,-423.2,0.0,RED@L[-1] | YELLOW@L[0] | YELLOW@L[1]
22:15:47.190,-3614.2,-416.6,-423.2,0.0,RED@L[-1] | YELLOW@L[0] | YELLOW@L[1]
22:15:47.194,-3614.2,-416.6,-423.2,0.0,RED@L[-1] | YELLOW@L[0] | YELLOW@L[1]
22:15:47.200,-3614.2,-416.6,-423.2,0.0,RED@L[-1] | YELLOW@L[0] | YELLOW@L[1]
22:15:47.206,-3614.2,-416.6,-423.2,0.0,RED@L[-1] | YELLOW@L[0] | YELLOW@L[1]
22:15:47.212,-2368.0,-416.6,-426.6,0.0,RED@L[-1] | YELLOW@L[1] | YELLOW@L[0]
22:15:47.217,-2368.0,-416.6,-426.6,0.0,RED@L[-1] | YELLOW@L[1] | YELLOW@L[0]
22:15:47.224,-2368.0,-416.6,-426.6,0.0,RED@L[-1] | YELLOW@L[1] | YELLOW@L[0]
22:15:47.229,-2368.0,-416.6,-426.6,0.0,RED@L[-1] | YELLOW@L[1] | YELLOW@L[0]
22:15:47.235,-2368.0,-416.6,-426.6,0.0,RED@L[-1] | YELLOW@L[1] | YELLOW@L[0]
22:15:47.242,-2368.0,-416.6,-426.6,0.0,RED@L[-1] | YELLOW@L[1] | YELLOW@L[0]
22:15:47.248,-2368.0,-416.6,-426.6,0.0,RED@L[-1] | YELLOW@L[1] | YELLOW@L[0]
22:15:47.252,-2800.0,-416.6,-426.6,0.0,RED@L[-1] | YELLOW@L[1] | YELLOW@L[0]
22:15:47.257,-2800.0,-416.6,-426.6,0.0,RED@L[-1] | YELLOW@L[1] | YELLOW@L[0]
22:15:47.263,-2800.0,-416.6,-426.6,0.0,RED@L[-1] | YELLOW@L[1] | YELLOW@L[0]
22:15:47.270,-2800.0,-416.6,-426.6,0.0,RED@L[-1] | YELLOW@L[1] | YELLOW@L[0]
22:15:47.274,-2800.0,-416.6,-426.6,0.0,RED@L[-1] | YELLOW@L[1] | YELLOW@L[0]
22:15:47.281,-3137.6,-416.6,-426.6,0.0,RED@L[-1] | YELLOW@L[1] | YELLOW@L[0]
22:15:47.286,-3137.6,-416.6,-426.6,0.0,RED@L[-1] | YELLOW@L[1] | YELLOW@L[0]
22:15:47.293,-3137.6,-416.6,-426.6,0.0,RED@L[-1] | YELLOW@L[1] | YELLOW@L[0]
22:15:47.299,-3137.6,-416.6,-426.6,0.0,RED@L[-1] | YELLOW@L[1] | YELLOW@L[0]
22:15:47.304,-3137.6,-416.6,-426.6,0.0,RED@L[-1] | YELLOW@L[1] | YELLOW@L[0]
22:15:47.309,-3137.6,-416.6,-426.6,0.0,RED@L[-1] | YELLOW@L[1] | YELLOW@L[0]
22:15:47.316,0.0,-416.6,-426.6,-1.0,YELLOW@L[1] | YELLOW@L[0]
22:15:47.322,0.0,-416.6,-426.6,-1.0,YELLOW@L[1] | YELLOW@L[0]
22:15:47.327,0.0,-416.6,-426.6,-1.0,YELLOW@L[1] | YELLOW@L[0]
22:15:47.333,0.0,-416.6,-426.6,-1.0,YELLOW@L[1] | YELLOW@L[0]
22:15:47.339,-2368.0,-416.6,0.0,-1.0,RED@L[-1] | YELLOW@L[0]
22:15:47.346,-2368.0,-416.6,0.0,-1.0,RED@L[-1] | YELLOW@L[0]
22:15:47.352,-2368.0,-416.6,0.0,-1.0,RED@L[-1] | YELLOW@L[0]
22:15:47.359,-2368.0,-416.6,0.0,-1.0,RED@L[-1] | YELLOW@L[0]
22:15:47.363,-2368.0,-416.6,0.0,-1.0,RED@L[-1] | YELLOW@L[0]
22:15:47.370,-2368.0,-416.6,0.0,-1.0,RED@L[-1] | YELLOW@L[0]
22:15:47.374,-2800.0,-416.6,0.0,-1.0,RED@L[-1] | YELLOW@L[0]
22:15:47.381,-2800.0,-416.6,0.0,-1.0,RED@L[-1] | YELLOW@L[0]
22:15:47.386,-2800.0,-416.6,0.0,-1.0,RED@L[-1] | YELLOW@L[0]
22:15:47.392,-2800.0,-416.6,0.0,1.0,RED@L[-1] | YELLOW@L[0]
22:15:47.397,-2800.0,-416.6,0.0,1.0,RED@L[-1] | YELLOW@L[0]
22:15:47.404,-2800.0,-420.3,0.0,1.0,RED@L[-1] | YELLOW@L[0]
22:15:47.409,-2800.0,-420.3,0.0,1.0,RED@L[-1] | YELLOW@L[0]
22:15:47.415,-2800.0,-420.3,0.0,1.0,RED@L[-1] | YELLOW@L[0]
22:15:47.421,-2800.0,-420.3,0.0,1.0,RED@L[-1] | YELLOW@L[0]
22:15:47.425,-2800.0,-420.3,0.0,1.0,RED@L[-1] | YELLOW@L[0]
22:15:47.432,-2800.0,-420.3,0.0,1.0,RED@L[-1] | YELLOW@L[0]
22:15:47.438,-3614.2,-416.6,0.0,1.0,RED@L[-1] | YELLOW@L[0]
22:15:47.442,-3614.2,-416.6,0.0,1.0,RED@L[-1] | YELLOW@L[0]
22:15:47.451,-3614.2,-416.6,0.0,1.0,RED@L[-1] | YELLOW@L[0]
22:15:47.455,-3614.2,-416.6,0.0,1.0,RED@L[-1] | YELLOW@L[0]
22:15:47.460,-3614.2,-416.6,0.0,1.0,RED@L[-1] | YELLOW@L[0]
22:15:47.466,-3614.2,-416.6,0.0,1.0,RED@L[-1] | YELLOW@L[0]
22:15:47.471,-3614.2,-420.3,0.0,1.0,RED@L[-1] | YELLOW@L[0]
22:15:47.476,-3614.2,-420.3,0.0,1.0,RED@L[-1] | YELLOW@L[0]
22:15:47.483,-3614.2,-420.3,0.0,1.0,RED@L[-1] | YELLOW@L[0]
22:15:47.488,-3614.2,-420.3,0.0,1.0,RED@L[-1] | YELLOW@L[0]
22:15:47.494,-3614.2,-420.3,0.0,1.0,RED@L[-1] | YELLOW@L[0]
22:15:47.500,-2368.0,-420.3,0.0,1.0,RED@L[-1] | YELLOW@L[0]
22:15:47.506,-2368.0,-420.3,0.0,1.0,RED@L[-1] | YELLOW@L[0]
22:15:47.511,-2368.0,-420.3,0.0,1.0,RED@L[-1] | YELLOW@L[0]
22:15:47.517,-2368.0,-420.3,0.0,1.0,RED@L[-1] | YELLOW@L[0]
22:15:47.523,-2368.0,-420.3,0.0,1.0,RED@L[-1] | YELLOW@L[0]
22:15:47.528,-2576.6,-420.3,0.0,1.0,RED@L[-1] | YELLOW@L[0]
22:15:47.534,-2576.6,-420.3,0.0,1.0,RED@L[-1] | YELLOW@L[0]
22:15:47.540,-2576.6,-420.3,0.0,1.0,RED@L[-1] | YELLOW@L[0]
22:15:47.546,-2576.6,-420.3,0.0,1.0,RED@L[-1] | YELLOW@L[0]
22:15:47.552,-2576.6,-420.3,0.0,1.0,RED@L[-1] | YELLOW@L[0]
22:15:47.559,-2576.6,-420.3,0.0,1.0,RED@L[-1] | YELLOW@L[0]
22:15:47.564,-2800.0,-420.3,0.0,1.0,RED@L[-1] | YELLOW@L[0]
22:15:47.571,-2800.0,-420.3,0.0,1.0,RED@L[-1] | YELLOW@L[0]
22:15:47.576,-2800.0,-420.3,0.0,1.0,RED@L[-1] | YELLOW@L[0]
22:15:47.582,-2800.0,-420.3,0.0,1.0,RED@L[-1] | YELLOW@L[0]
22:15:47.589,-3137.6,-420.3,0.0,1.0,RED@L[-1] | YELLOW@L[0]
22:15:47.593,-3137.6,-420.3,0.0,1.0,RED@L[-1] | YELLOW@L[0]
22:15:47.599,-3137.6,-420.3,0.0,1.0,RED@L[-1] | YELLOW@L[0]
22:15:47.605,-3137.6,-420.3,0.0,1.0,RED@L[-1] | YELLOW@L[0]
22:15:47.611,-3137.6,-420.3,0.0,1.0,RED@L[-1] | YELLOW@L[0]
22:15:47.617,-3137.6,-420.3,0.0,1.0,RED@L[-1] | YELLOW@L[0]
22:15:47.623,-3614.2,-424.2,0.0,1.0,RED@L[-1] | YELLOW@L[0]
22:15:47.627,-3614.2,-424.2,0.0,1.0,RED@L[-1] | YELLOW@L[0]
22:15:47.635,-3614.2,-424.2,0.0,1.0,RED@L[-1] | YELLOW@L[0]
22:15:47.641,-3614.2,-424.2,0.0,1.0,RED@L[-1] | YELLOW@L[0]
22:15:47.647,-3614.2,-424.2,0.0,1.0,RED@L[-1] | YELLOW@L[0]
22:15:47.653,-2368.0,-424.2,0.0,1.0,RED@L[-1] | YELLOW@L[0]
22:15:47.659,-2368.0,-424.2,0.0,1.0,RED@L[-1] | YELLOW@L[0]
22:15:47.665,-2368.0,-424.2,0.0,1.0,RED@L[-1] | YELLOW@L[0]
22:15:47.672,-2368.0,-424.2,0.0,1.0,RED@L[-1] | YELLOW@L[0]
22:15:47.677,-2368.0,-424.2,0.0,1.0,RED@L[-1] | YELLOW@L[0]
22:15:47.682,-2368.0,-424.2,0.0,1.0,RED@L[-1] | YELLOW@L[0]
22:15:47.689,-1634.2,-424.2,0.0,1.0,"RED@L[-1] | YELLOW@L[-1, 0]"
22:15:47.695,-1634.2,-424.2,0.0,1.0,"RED@L[-1] | YELLOW@L[-1, 0]"
22:15:47.700,-1634.2,-424.2,0.0,1.0,"RED@L[-1] | YELLOW@L[-1, 0]"
22:15:47.705,-1634.2,-424.2,0.0,1.0,"RED@L[-1] | YELLOW@L[-1, 0]"
22:15:47.712,-1634.2,-424.2,0.0,1.0,"RED@L[-1] | YELLOW@L[-1, 0]"
22:15:47.717,-1634.2,-424.2,0.0,1.0,"RED@L[-1] | YELLOW@L[-1, 0]"
22:15:47.723,-438.3,-428.3,0.0,1.0,"YELLOW@L[-1, 0]"
22:15:47.730,-438.3,-428.3,0.0,1.0,"YELLOW@L[-1, 0]"
22:15:47.735,-438.3,-428.3,0.0,1.0,"YELLOW@L[-1, 0]"
22:15:47.740,-438.3,-428.3,0.0,1.0,"YELLOW@L[-1, 0]"
22:15:47.746,-438.3,-428.3,0.0,1.0,"YELLOW@L[-1, 0]"
22:15:47.752,-438.3,-428.3,-438.3,1.0,"YELLOW@L[1] | YELLOW@L[-1, 0]"
22:15:47.758,-438.3,-428.3,-438.3,1.0,"YELLOW@L[1] | YELLOW@L[-1, 0]"
22:15:47.765,-438.3,-428.3,-438.3,1.0,"YELLOW@L[1] | YELLOW@L[-1, 0]"
22:15:47.770,-438.3,-428.3,-438.3,0.0,"YELLOW@L[1] | YELLOW@L[-1, 0]"
22:15:47.774,-438.3,-428.3,-438.3,0.0,"YELLOW@L[1] | YELLOW@L[-1, 0]"
22:15:47.781,-438.3,-428.3,-438.3,0.0,"YELLOW@L[1] | YELLOW@L[-1, 0]"
22:15:47.788,-438.3,-428.3,-438.3,0.0,"YELLOW@L[1] | YELLOW@L[-1, 0]"
22:15:47.795,-438.3,-428.3,-438.3,0.0,"YELLOW@L[1] | YELLOW@L[-1, 0]"
22:15:47.799,-438.3,-428.3,-438.3,0.0,"YELLOW@L[1] | YELLOW@L[-1, 0]"
22:15:47.805,-438.3,-428.3,-438.3,0.0,"YELLOW@L[1] | YELLOW@L[-1, 0]"
22:15:47.810,-438.3,-428.3,-438.3,0.0,"YELLOW@L[1] | YELLOW@L[-1, 0]"
22:15:47.816,-438.3,-428.3,0.0,1.0,"YELLOW@L[-1, 0]"
22:15:47.822,-438.3,-428.3,0.0,1.0,"YELLOW@L[-1, 0]"
22:15:47.828,-438.3,-428.3,0.0,1.0,"YELLOW@L[-1, 0]"
22:15:47.834,-438.3,-428.3,0.0,1.0,"YELLOW@L[-1, 0]"
22:15:47.839,-438.3,-428.3,0.0,1.0,"YELLOW@L[-1, 0]"
22:15:47.844,-438.3,-428.3,-438.3,1.0,"YELLOW@L[1] | YELLOW@L[-1, 0]"
22:15:47.852,-438.3,-428.3,-438.3,1.0,"YELLOW@L[1] | YELLOW@L[-1, 0]"
22:15:47.858,-438.3,-428.3,-438.3,1.0,"YELLOW@L[1] | YELLOW@L[-1, 0]"
